{"stats":{"minecraft:killed_by":{"untamedwilds:bear":1},"minecraft:dropped":{"minecraft:wheat_seeds":5,"minecraft:oak_log":1,"minecraft:crafting_table":1,"minecraft:feather":4,"minecraft:cobblestone":4,"quark:glass_item_frame":1,"minecraft:stick":5,"minecraft:red_bed":1,"minecraft:torch":3,"minecraft:wooden_axe":1,"minecraft:string":4,"minecraft:spruce_sapling":7,"epicfight:uchigatana":1,"untamedwilds:flora_bush_temperate":1,"minecraft:bowl":2,"minecraft:wheat":6,"minecraft:rotten_flesh":9,"minecraft:cooked_mutton":1,"untamedwilds:food_bear_cooked":3,"minecraft:carrot":1,"quark:birch_chest":2,"minecraft:oak_sapling":3,"comforts:sleeping_bag_white":1,"minecraft:wooden_pickaxe":1,"minecraft:beef":1,"minecraft:written_book":1,"minecraft:black_wool":1,"minecraft:egg":1},"minecraft:killed":{"minecraft:vindicator":1,"minecraft:chicken":1,"bloodandmadness:silverbeast":1,"minecraft:pig":1,"untamedwilds:terror_bird":1,"restored_earth:lobber_zombie":3,"dannys_expansion:floam":1,"minecraft:zombie_villager":3,"dannys_expansion:ghoul":1,"minecraft:sheep":9,"minecraft:pillager":11,"minecraft:zombie":2,"minecraft:cow":4},"minecraft:broken":{"minecraft:leather_boots":1},"minecraft:mined":{"minecraft:spruce_planks":1,"minecraft:glow_lichen":2,"minecraft:grass_block":4,"treechop:chopped_log":1,"minecraft:stone":9,"minecraft:red_bed":3,"minecraft:powder_snow":1,"minecraft:crafting_table":1,"minecraft:torch":4,"untamedwilds:flora_bush_temperate":2,"minecraft:tall_grass":13,"minecraft:cobblestone":1,"minecraft:wall_torch":2,"minecraft:birch_planks":1,"minecraft:coarse_dirt":1,"minecraft:sweet_berry_bush":13,"minecraft:yellow_bed":2,"minecraft:grass":10,"minecraft:gravel":2,"minecraft:sand":3,"minecraft:dirt":4,"minecraft:oak_leaves":1,"minecraft:fern":1},"minecraft:custom":{"lootr:looted_stat":14,"minecraft:mob_kills":36,"minecraft:interact_with_crafting_table":11,"minecraft:open_barrel":6,"minecraft:interact_with_campfire":6,"minecraft:eat_cake_slice":1,"minecraft:leave_game":3,"minecraft:time_since_death":157091,"minecraft:climb_one_cm":5991,"minecraft:sprint_one_cm":1204233,"champions:champion_mobs_killed":21,"minecraft:walk_one_cm":1580777,"minecraft:drop":61,"minecraft:damage_dealt_absorbed":1324,"minecraft:talked_to_villager":1,"minecraft:play_time":227132,"minecraft:deaths":1,"minecraft:sneak_time":3676,"minecraft:walk_under_water_one_cm":4532,"minecraft:interact_with_lectern":1,"minecraft:jump":2735,"minecraft:walk_on_water_one_cm":32357,"minecraft:total_world_time":227132,"minecraft:interact_with_furnace":2,"minecraft:sleep_in_bed":12,"minecraft:time_since_rest":3407,"minecraft:waystone_activated":3,"minecraft:damage_taken":2710,"minecraft:damage_absorbed":21,"minecraft:damage_dealt":7501,"minecraft:swim_one_cm":56901,"minecraft:fly_one_cm":628154,"minecraft:open_chest":11,"minecraft:crouch_one_cm":24441,"minecraft:fall_one_cm":41792,"minecraft:horse_one_cm":8108},"minecraft:crafted":{"quark:birch_chest":2,"simple_mobs:bundled_emerald":2,"comforts:sleeping_bag_white":1,"minecraft:stone_pickaxe":1,"sophisticatedbackpacks:iron_backpack":1,"sophisticatedbackpacks:backpack":1,"minecraft:crafting_table":2,"minecraft:stone_axe":1,"minecraft:air":77,"minecraft:stick":8,"minecraft:iron_pickaxe":1},"minecraft:picked_up":{"minecraft:wooden_axe":1,"minecraft:crafting_table":2,"minecraft:coarse_dirt":1,"minecraft:wheat":6,"minecraft:chicken":4,"minecraft:wooden_pickaxe":1,"minecraft:string":11,"minecraft:red_bed":3,"ecologics:walnut_sapling":1,"comforts:sleeping_bag_white":5,"minecraft:spruce_planks":1,"minecraft:beef":12,"minecraft:written_book":1,"minecraft:chest":1,"minecraft:birch_sapling":7,"minecraft:egg":4,"minecraft:dark_oak_sapling":1,"minecraft:stick":4,"apotheosis:gem":2,"minecraft:torch":11,"minecraft:bowl":1,"untamedwilds:flora_bush_temperate":1,"minecraft:porkchop":1,"magistuarmory:iron_pike":2,"quark:birch_chest":1,"minecraft:carrot":1,"untamedwilds:food_bear_cooked":6,"minecraft:arrow":13,"minecraft:rotten_flesh":9,"minecraft:mutton":13,"bloodandmadness:blood_stone_shard":1,"minecraft:cobblestone":12,"minecraft:white_wool":9,"minecraft:birch_log":12,"minecraft:air":0,"minecraft:feather":4,"minecraft:cooked_beef":8,"minecraft:leather":6,"minecraft:potato":4,"minecraft:birch_planks":1,"paraglider:spirit_orb":1,"minecraft:oak_log":1,"minecraft:yellow_bed":2,"minecraft:paper":2,"minecraft:dirt":6,"minecraft:leather_boots":1,"minecraft:cooked_mutton":5,"minecraft:bone":1,"minecraft:wheat_seeds":12,"minecraft:stone_pickaxe":1,"minecraft:iron_ingot":8,"hexerei:animal_fat":2,"minecraft:sweet_berries":42,"quark:glass_item_frame":1,"minecraft:gravel":2,"minecraft:sand":3,"epicfight:uchigatana":1,"minecraft:spruce_sapling":7,"minecraft:spruce_log":7,"minecraft:iron_hoe":1,"waystones:waystone":1,"minecraft:emerald":8,"minecraft:oak_sapling":4,"minecraft:black_wool":1},"minecraft:used":{"minecraft:spruce_planks":15,"minecraft:torch":8,"minecraft:dirt":3,"minecraft:mutton":9,"minecraft:carrot":35,"minecraft:wooden_axe":10,"untamedwilds:food_bear_cooked":3,"minecraft:rabbit_stew":3,"minecraft:beef":9,"minecraft:written_book":2,"minecraft:sweet_berries":24,"comforts:sleeping_bag_white":4,"minecraft:egg":3,"minecraft:potato":7,"minecraft:cooked_beef":8,"minecraft:cooked_mutton":4,"minecraft:birch_planks":27,"minecraft:stone_pickaxe":7,"minecraft:baked_potato":2,"minecraft:wooden_pickaxe":4,"minecraft:cookie":6,"minecraft:sand":3,"minecraft:crafting_table":4,"minecraft:red_bed":2,"minecraft:chicken":4,"minecraft:bread":12,"minecraft:gravel":2,"minecraft:stone_axe":2,"minecraft:cobblestone":2,"minecraft:yellow_bed":2,"minecraft:coarse_dirt":1,"epicfight:uchigatana":123,"minecraft:experience_bottle":2}},"DataVersion":2975}