{"stats":{"minecraft:mined":{"minecraft:birch_planks":1,"treechop:chopped_log":1,"minecraft:yellow_bed":1,"untamedwilds:flora_bush_temperate":2,"minecraft:grass":5,"minecraft:tall_grass":4,"minecraft:stone":8},"minecraft:dropped":{"untamedwilds:flora_bush_temperate":1,"minecraft:wooden_axe":1,"minecraft:wooden_pickaxe":1,"minecraft:cooked_mutton":1},"minecraft:used":{"minecraft:birch_planks":1,"minecraft:chicken":4,"minecraft:bread":6,"minecraft:stone_pickaxe":4,"minecraft:wooden_pickaxe":4,"minecraft:beef":3,"minecraft:wooden_axe":10,"epicfight:uchigatana":42,"minecraft:cooked_mutton":4},"minecraft:picked_up":{"minecraft:wooden_axe":1,"minecraft:birch_log":12,"minecraft:air":0,"minecraft:dark_oak_sapling":1,"apotheosis:gem":1,"minecraft:feather":4,"minecraft:chicken":4,"minecraft:leather":2,"minecraft:wooden_pickaxe":1,"untamedwilds:flora_bush_temperate":1,"minecraft:birch_planks":1,"paraglider:spirit_orb":1,"minecraft:yellow_bed":1,"minecraft:cooked_mutton":5,"minecraft:bone":1,"minecraft:rotten_flesh":4,"ecologics:walnut_sapling":1,"minecraft:wheat_seeds":6,"minecraft:beef":3,"minecraft:wheat":6,"minecraft:mutton":4,"minecraft:birch_sapling":6,"hexerei:animal_fat":1,"minecraft:white_wool":2,"minecraft:cobblestone":8,"minecraft:stick":1},"minecraft:killed":{"minecraft:sheep":3,"restored_earth:lobber_zombie":2,"untamedwilds:terror_bird":1,"minecraft:zombie_villager":3,"minecraft:chicken":1,"dannys_expansion:ghoul":1,"minecraft:cow":2},"minecraft:custom":{"minecraft:time_since_rest":45533,"minecraft:sprint_one_cm":226699,"champions:champion_mobs_killed":6,"lootr:looted_stat":3,"minecraft:damage_taken":588,"minecraft:walk_one_cm":362940,"minecraft:mob_kills":13,"minecraft:drop":4,"minecraft:damage_dealt":2340,"minecraft:damage_dealt_absorbed":434,"minecraft:swim_one_cm":4758,"minecraft:interact_with_crafting_table":2,"minecraft:fly_one_cm":129806,"minecraft:open_barrel":4,"minecraft:open_chest":2,"minecraft:crouch_one_cm":3487,"minecraft:play_time":45533,"minecraft:interact_with_campfire":4,"minecraft:sneak_time":1072,"minecraft:walk_under_water_one_cm":1135,"minecraft:interact_with_lectern":1,"minecraft:jump":561,"minecraft:eat_cake_slice":1,"minecraft:time_since_death":45533,"minecraft:walk_on_water_one_cm":1554,"minecraft:total_world_time":45533,"minecraft:fall_one_cm":8297},"minecraft:crafted":{"minecraft:stick":4,"minecraft:stone_pickaxe":1,"minecraft:stone_axe":1,"minecraft:air":49}},"DataVersion":2975}