{"stats":{"minecraft:picked_up":{"minecraft:wooden_axe":1,"minecraft:birch_log":12,"minecraft:crafting_table":2,"minecraft:coarse_dirt":1,"minecraft:wheat":6,"minecraft:air":0,"minecraft:feather":4,"minecraft:chicken":4,"minecraft:leather":3,"minecraft:wooden_pickaxe":1,"minecraft:birch_planks":1,"paraglider:spirit_orb":1,"minecraft:yellow_bed":2,"minecraft:paper":2,"minecraft:dirt":3,"minecraft:leather_boots":1,"minecraft:cooked_mutton":5,"minecraft:bone":1,"ecologics:walnut_sapling":1,"minecraft:wheat_seeds":7,"comforts:sleeping_bag_white":1,"minecraft:spruce_planks":1,"minecraft:beef":7,"minecraft:stone_pickaxe":1,"minecraft:birch_sapling":7,"minecraft:egg":2,"hexerei:animal_fat":1,"minecraft:dark_oak_sapling":1,"minecraft:stick":1,"apotheosis:gem":2,"minecraft:sweet_berries":17,"quark:glass_item_frame":1,"minecraft:torch":2,"minecraft:bowl":1,"untamedwilds:flora_bush_temperate":1,"minecraft:gravel":2,"minecraft:porkchop":1,"minecraft:sand":3,"epicfight:uchigatana":1,"minecraft:spruce_sapling":1,"minecraft:carrot":1,"minecraft:spruce_log":4,"minecraft:arrow":6,"minecraft:rotten_flesh":5,"minecraft:black_wool":1,"minecraft:mutton":9,"minecraft:white_wool":5,"minecraft:cobblestone":12},"minecraft:killed_by":{"untamedwilds:bear":1},"minecraft:dropped":{"epicfight:uchigatana":1,"untamedwilds:flora_bush_temperate":1,"minecraft:crafting_table":1,"minecraft:cobblestone":4,"minecraft:cooked_mutton":1,"minecraft:carrot":1,"minecraft:wooden_axe":1,"minecraft:wooden_pickaxe":1,"minecraft:spruce_sapling":1},"minecraft:crafted":{"comforts:sleeping_bag_white":1,"minecraft:stone_axe":1,"minecraft:air":65,"minecraft:stick":4,"minecraft:stone_pickaxe":1},"minecraft:mined":{"minecraft:spruce_planks":1,"minecraft:powder_snow":1,"minecraft:crafting_table":1,"minecraft:glow_lichen":2,"untamedwilds:flora_bush_temperate":2,"minecraft:cobblestone":1,"minecraft:tall_grass":8,"minecraft:wall_torch":1,"minecraft:birch_planks":1,"minecraft:coarse_dirt":1,"treechop:chopped_log":1,"minecraft:yellow_bed":2,"minecraft:grass":6,"minecraft:sand":3,"minecraft:gravel":2,"minecraft:dirt":3,"minecraft:stone":9,"minecraft:oak_leaves":1},"minecraft:killed":{"minecraft:pig":1,"restored_earth:lobber_zombie":3,"untamedwilds:terror_bird":1,"minecraft:zombie_villager":3,"dannys_expansion:ghoul":1,"minecraft:sheep":7,"minecraft:pillager":3,"minecraft:chicken":1,"minecraft:cow":3},"minecraft:custom":{"lootr:looted_stat":9,"minecraft:mob_kills":22,"minecraft:interact_with_crafting_table":5,"minecraft:open_barrel":4,"minecraft:interact_with_campfire":4,"minecraft:eat_cake_slice":1,"minecraft:leave_game":1,"minecraft:time_since_death":50651,"minecraft:sleep_in_bed":3,"minecraft:climb_one_cm":2816,"minecraft:time_since_rest":5796,"champions:champion_mobs_killed":10,"minecraft:sprint_one_cm":459340,"minecraft:damage_taken":1425,"minecraft:walk_one_cm":958523,"minecraft:drop":10,"minecraft:damage_dealt":4093,"minecraft:damage_dealt_absorbed":694,"minecraft:swim_one_cm":16427,"minecraft:fly_one_cm":241446,"minecraft:open_chest":2,"minecraft:crouch_one_cm":12947,"minecraft:play_time":120692,"minecraft:deaths":1,"minecraft:sneak_time":2331,"minecraft:walk_under_water_one_cm":2108,"minecraft:interact_with_lectern":1,"minecraft:jump":1303,"minecraft:walk_on_water_one_cm":9478,"minecraft:total_world_time":120692,"minecraft:fall_one_cm":15638},"minecraft:used":{"minecraft:cooked_mutton":4,"minecraft:birch_planks":27,"minecraft:stone_pickaxe":6,"minecraft:baked_potato":2,"minecraft:wooden_pickaxe":4,"minecraft:spruce_planks":7,"minecraft:torch":1,"minecraft:sand":3,"minecraft:dirt":3,"minecraft:mutton":5,"minecraft:crafting_table":2,"minecraft:carrot":8,"minecraft:wooden_axe":10,"minecraft:chicken":4,"minecraft:bread":9,"minecraft:gravel":2,"minecraft:rabbit_stew":2,"minecraft:stone_axe":2,"minecraft:cobblestone":2,"minecraft:beef":4,"minecraft:sweet_berries":20,"minecraft:yellow_bed":2,"comforts:sleeping_bag_white":1,"minecraft:egg":1,"minecraft:coarse_dirt":1,"epicfight:uchigatana":74,"minecraft:experience_bottle":2}},"DataVersion":2975}