{"stats":{"minecraft:killed_by":{"untamedwilds:bear":1},"minecraft:dropped":{"minecraft:wheat_seeds":1,"epicfight:uchigatana":1,"minecraft:oak_log":1,"minecraft:bowl":1,"untamedwilds:flora_bush_temperate":1,"minecraft:crafting_table":1,"minecraft:feather":4,"minecraft:cobblestone":4,"minecraft:rotten_flesh":6,"minecraft:cooked_mutton":1,"minecraft:carrot":1,"quark:glass_item_frame":1,"minecraft:stick":1,"minecraft:torch":3,"minecraft:wooden_axe":1,"comforts:sleeping_bag_white":1,"minecraft:beef":1,"minecraft:wooden_pickaxe":1,"minecraft:egg":1,"minecraft:spruce_sapling":1},"minecraft:killed":{"bloodandmadness:silverbeast":1,"minecraft:pig":1,"restored_earth:lobber_zombie":3,"untamedwilds:terror_bird":1,"minecraft:zombie_villager":3,"dannys_expansion:ghoul":1,"minecraft:sheep":7,"minecraft:pillager":4,"minecraft:chicken":1,"minecraft:cow":4},"minecraft:mined":{"minecraft:spruce_planks":1,"minecraft:red_bed":1,"minecraft:powder_snow":1,"minecraft:torch":4,"minecraft:crafting_table":1,"minecraft:glow_lichen":2,"untamedwilds:flora_bush_temperate":2,"minecraft:grass_block":4,"minecraft:tall_grass":9,"minecraft:cobblestone":1,"minecraft:wall_torch":2,"minecraft:birch_planks":1,"minecraft:coarse_dirt":1,"treechop:chopped_log":1,"minecraft:yellow_bed":2,"minecraft:grass":7,"minecraft:gravel":2,"minecraft:sand":3,"minecraft:dirt":4,"minecraft:stone":9,"minecraft:oak_leaves":1},"minecraft:custom":{"lootr:looted_stat":10,"minecraft:mob_kills":25,"minecraft:interact_with_crafting_table":7,"minecraft:open_barrel":4,"minecraft:interact_with_campfire":4,"minecraft:eat_cake_slice":1,"minecraft:leave_game":1,"minecraft:time_since_death":85578,"minecraft:sleep_in_bed":6,"minecraft:climb_one_cm":4929,"minecraft:waystone_activated":1,"minecraft:time_since_rest":12390,"champions:champion_mobs_killed":11,"minecraft:sprint_one_cm":696856,"minecraft:damage_taken":1969,"minecraft:walk_one_cm":1218114,"minecraft:drop":27,"minecraft:damage_dealt":5136,"minecraft:damage_dealt_absorbed":848,"minecraft:swim_one_cm":50328,"minecraft:fly_one_cm":397994,"minecraft:open_chest":6,"minecraft:crouch_one_cm":13996,"minecraft:play_time":155619,"minecraft:deaths":1,"minecraft:sneak_time":2519,"minecraft:walk_under_water_one_cm":3992,"minecraft:interact_with_lectern":1,"minecraft:jump":2016,"minecraft:walk_on_water_one_cm":24123,"minecraft:total_world_time":155619,"minecraft:fall_one_cm":30840},"minecraft:crafted":{"quark:birch_chest":1,"minecraft:crafting_table":1,"comforts:sleeping_bag_white":1,"minecraft:stone_axe":1,"minecraft:air":65,"minecraft:stick":4,"minecraft:stone_pickaxe":1},"minecraft:picked_up":{"minecraft:wooden_axe":1,"minecraft:birch_log":12,"minecraft:crafting_table":2,"minecraft:coarse_dirt":1,"minecraft:wheat":6,"minecraft:air":0,"minecraft:feather":4,"minecraft:cooked_beef":6,"minecraft:chicken":4,"minecraft:leather":5,"minecraft:wooden_pickaxe":1,"minecraft:birch_planks":1,"paraglider:spirit_orb":1,"minecraft:oak_log":1,"minecraft:yellow_bed":2,"minecraft:red_bed":1,"minecraft:paper":2,"minecraft:dirt":6,"minecraft:leather_boots":1,"minecraft:cooked_mutton":5,"minecraft:bone":1,"ecologics:walnut_sapling":1,"minecraft:wheat_seeds":9,"comforts:sleeping_bag_white":4,"minecraft:spruce_planks":1,"minecraft:stone_pickaxe":1,"minecraft:beef":12,"minecraft:written_book":1,"minecraft:birch_sapling":7,"minecraft:egg":2,"hexerei:animal_fat":2,"minecraft:dark_oak_sapling":1,"minecraft:stick":2,"apotheosis:gem":2,"minecraft:sweet_berries":17,"minecraft:bowl":1,"minecraft:torch":11,"quark:glass_item_frame":1,"untamedwilds:flora_bush_temperate":1,"minecraft:gravel":2,"minecraft:porkchop":1,"minecraft:sand":3,"epicfight:uchigatana":1,"minecraft:spruce_sapling":1,"minecraft:carrot":1,"minecraft:spruce_log":4,"minecraft:arrow":7,"minecraft:rotten_flesh":6,"waystones:waystone":1,"bloodandmadness:blood_stone_shard":1,"minecraft:mutton":9,"minecraft:black_wool":1,"minecraft:white_wool":5,"minecraft:cobblestone":12},"minecraft:used":{"minecraft:cooked_mutton":4,"minecraft:birch_planks":27,"minecraft:stone_pickaxe":7,"minecraft:baked_potato":2,"minecraft:spruce_planks":8,"minecraft:wooden_pickaxe":4,"minecraft:cookie":5,"minecraft:torch":8,"minecraft:sand":3,"minecraft:dirt":3,"minecraft:mutton":5,"minecraft:crafting_table":3,"minecraft:carrot":26,"minecraft:wooden_axe":10,"minecraft:chicken":4,"minecraft:bread":9,"minecraft:gravel":2,"minecraft:rabbit_stew":2,"minecraft:stone_axe":2,"minecraft:cobblestone":2,"minecraft:beef":9,"minecraft:sweet_berries":20,"minecraft:yellow_bed":2,"minecraft:egg":1,"comforts:sleeping_bag_white":3,"minecraft:cooked_beef":5,"minecraft:coarse_dirt":1,"epicfight:uchigatana":89,"minecraft:experience_bottle":2}},"DataVersion":2975}