{"stats":{"minecraft:dropped":{"minecraft:wooden_axe":1,"untamedwilds:flora_bush_temperate":1,"minecraft:wooden_pickaxe":1},"minecraft:crafted":{"minecraft:stick":4,"minecraft:stone_pickaxe":1,"minecraft:stone_axe":1,"minecraft:air":49},"minecraft:custom":{"minecraft:time_since_rest":10250,"minecraft:sprint_one_cm":31331,"champions:champion_mobs_killed":3,"minecraft:damage_taken":178,"minecraft:walk_one_cm":87719,"minecraft:mob_kills":8,"minecraft:drop":3,"minecraft:damage_dealt":1286,"minecraft:damage_dealt_absorbed":280,"minecraft:swim_one_cm":4758,"minecraft:interact_with_crafting_table":2,"minecraft:fly_one_cm":19080,"minecraft:crouch_one_cm":613,"minecraft:play_time":10250,"minecraft:sneak_time":284,"minecraft:walk_under_water_one_cm":1135,"minecraft:jump":207,"minecraft:walk_on_water_one_cm":370,"minecraft:time_since_death":10250,"minecraft:total_world_time":10250,"minecraft:fall_one_cm":884},"minecraft:picked_up":{"minecraft:wooden_axe":1,"minecraft:birch_log":12,"minecraft:dark_oak_sapling":1,"minecraft:stick":1,"minecraft:leather":2,"minecraft:wooden_pickaxe":1,"untamedwilds:flora_bush_temperate":1,"minecraft:birch_planks":1,"paraglider:spirit_orb":1,"minecraft:rotten_flesh":4,"minecraft:wheat_seeds":1,"minecraft:beef":3,"minecraft:mutton":4,"minecraft:birch_sapling":6,"minecraft:white_wool":2,"minecraft:cobblestone":8,"hexerei:animal_fat":1},"minecraft:used":{"minecraft:wooden_axe":10,"minecraft:birch_planks":1,"minecraft:bread":3,"minecraft:stone_pickaxe":4,"minecraft:wooden_pickaxe":4,"epicfight:uchigatana":25},"minecraft:killed":{"minecraft:sheep":3,"restored_earth:lobber_zombie":2,"minecraft:cow":2,"dannys_expansion:ghoul":1},"minecraft:mined":{"minecraft:birch_planks":1,"treechop:chopped_log":1,"untamedwilds:flora_bush_temperate":2,"minecraft:grass":2,"minecraft:tall_grass":2,"minecraft:stone":8}},"DataVersion":2975}