{"stats":{"minecraft:killed_by":{"goblinsanddungeons:goblin_king":1,"untamedwilds:bear":1},"minecraft:custom":{"lootr:looted_stat":19,"minecraft:mob_kills":56,"minecraft:interact_with_crafting_table":15,"minecraft:open_barrel":6,"minecraft:interact_with_campfire":6,"minecraft:eat_cake_slice":8,"minecraft:leave_game":7,"minecraft:time_since_death":13374,"minecraft:climb_one_cm":20986,"champions:champion_mobs_killed":35,"minecraft:sprint_one_cm":1614771,"minecraft:walk_one_cm":2279086,"minecraft:drop":77,"minecraft:damage_dealt_absorbed":1769,"minecraft:talked_to_villager":1,"minecraft:play_time":289824,"minecraft:deaths":3,"minecraft:sneak_time":4680,"minecraft:walk_under_water_one_cm":10017,"minecraft:interact_with_lectern":1,"minecraft:jump":3586,"minecraft:walk_on_water_one_cm":51583,"minecraft:total_world_time":289824,"minecraft:interact_with_furnace":2,"minecraft:sleep_in_bed":12,"minecraft:time_since_rest":13404,"minecraft:waystone_activated":4,"minecraft:damage_taken":3730,"minecraft:damage_absorbed":21,"minecraft:damage_dealt":10413,"minecraft:swim_one_cm":62538,"minecraft:fly_one_cm":760265,"minecraft:open_chest":34,"minecraft:crouch_one_cm":31562,"minecraft:fall_one_cm":53522,"minecraft:horse_one_cm":8108},"minecraft:dropped":{"minecraft:enchanted_book":2,"minecraft:wheat_seeds":6,"minecraft:oak_log":1,"minecraft:crafting_table":1,"minecraft:feather":4,"minecraft:cobblestone":4,"quark:glass_item_frame":1,"minecraft:stick":5,"minecraft:dirt":1,"minecraft:red_bed":1,"minecraft:torch":3,"minecraft:wooden_axe":1,"minecraft:string":5,"minecraft:spruce_sapling":7,"goblinsanddungeons:scoria_brick_slab":2,"hexerei:sage_seed":3,"epicfight:uchigatana":1,"minecraft:bowl":2,"untamedwilds:flora_bush_temperate":1,"minecraft:wheat":6,"minecraft:rotten_flesh":14,"minecraft:light_gray_wool":1,"minecraft:cooked_mutton":1,"untamedwilds:food_bear_cooked":3,"minecraft:carrot":1,"quark:birch_chest":2,"minecraft:oak_sapling":3,"comforts:sleeping_bag_white":1,"minecraft:wooden_pickaxe":1,"minecraft:beef":1,"minecraft:written_book":1,"minecraft:black_wool":1,"minecraft:egg":1},"minecraft:used":{"quark:birch_chest":2,"minecraft:chest":1,"minecraft:spruce_planks":16,"minecraft:torch":8,"minecraft:dirt":3,"minecraft:mutton":13,"minecraft:carrot":35,"goblinsanddungeons:scoria_bricks":1,"minecraft:wooden_axe":10,"untamedwilds:food_bear_cooked":3,"minecraft:iron_axe":13,"minecraft:rabbit_stew":3,"minecraft:beef":9,"minecraft:written_book":2,"minecraft:sweet_berries":65,"minecraft:egg":6,"comforts:sleeping_bag_white":4,"minecraft:cooked_beef":8,"minecraft:potato":11,"minecraft:cooked_mutton":4,"minecraft:birch_planks":27,"minecraft:stone_pickaxe":7,"minecraft:baked_potato":5,"minecraft:wooden_pickaxe":4,"minecraft:salmon":2,"minecraft:cookie":6,"minecraft:white_wool":8,"farmersdelight:onion":7,"minecraft:sand":3,"minecraft:crafting_table":5,"minecraft:red_bed":2,"habitat:kabloom_pulp":1,"minecraft:chicken":5,"minecraft:bread":13,"minecraft:iron_pickaxe":3,"minecraft:gravel":2,"minecraft:stone_axe":2,"minecraft:enchanted_book":1,"minecraft:cobblestone":2,"minecraft:porkchop":1,"minecraft:yellow_bed":2,"minecraft:coarse_dirt":1,"epicfight:uchigatana":177,"minecraft:experience_bottle":2},"minecraft:broken":{"minecraft:leather_boots":1},"minecraft:killed":{"simple_mobs:hobgob":1,"minecraft:spider":1,"minecraft:vindicator":3,"dannys_expansion:mundane_slime":1,"goblinsanddungeons:goom":1,"minecraft:chicken":2,"restored_earth:bouldering_zombie":1,"bloodandmadness:silverbeast":1,"minecraft:pig":2,"simple_mobs:gobber":1,"dannys_expansion:floam":1,"restored_earth:lobber_zombie":3,"untamedwilds:terror_bird":1,"minecraft:zombie_villager":3,"simple_mobs:goom":1,"dannys_expansion:ghoul":1,"minecraft:sheep":12,"minecraft:pillager":14,"minecraft:zombie":3,"simple_mobs:gob":1,"minecraft:cow":4},"minecraft:mined":{"minecraft:spruce_planks":1,"minecraft:glow_lichen":2,"minecraft:grass_block":5,"goblinsanddungeons:scoria_bricks":1,"treechop:chopped_log":3,"minecraft:stone":9,"minecraft:red_bed":3,"minecraft:powder_snow":7,"minecraft:crafting_table":1,"minecraft:torch":4,"untamedwilds:flora_bush_temperate":2,"goblinsanddungeons:scoria_brick_slab":1,"minecraft:tall_grass":13,"minecraft:cobblestone":1,"minecraft:wall_torch":2,"minecraft:birch_planks":1,"minecraft:coarse_dirt":1,"minecraft:sweet_berry_bush":29,"minecraft:white_carpet":3,"minecraft:yellow_bed":2,"minecraft:grass":18,"minecraft:gravel":2,"minecraft:sand":3,"minecraft:dirt":4,"minecraft:oak_leaves":1,"minecraft:emerald_block":1,"minecraft:fern":1},"minecraft:picked_up":{"minecraft:wooden_axe":1,"habitat:kabloom_pulp":1,"minecraft:crafting_table":2,"minecraft:coarse_dirt":1,"minecraft:wheat":6,"minecraft:chicken":5,"minecraft:wooden_pickaxe":1,"minecraft:enchanted_book":7,"minecraft:red_bed":3,"minecraft:string":13,"minecraft:white_carpet":3,"ecologics:walnut_sapling":1,"comforts:sleeping_bag_white":5,"minecraft:spruce_planks":1,"minecraft:beef":12,"minecraft:written_book":1,"minecraft:light_gray_wool":1,"minecraft:chest":1,"minecraft:birch_sapling":10,"minecraft:egg":7,"minecraft:dark_oak_sapling":1,"minecraft:stick":4,"apotheosis:gem":5,"minecraft:torch":11,"minecraft:bowl":1,"untamedwilds:flora_bush_temperate":1,"minecraft:porkchop":2,"magistuarmory:iron_pike":2,"quark:birch_chest":1,"minecraft:carrot":1,"goblinsanddungeons:goblin_crown":1,"hexerei:sage_seed":3,"dannys_expansion:gel":1,"untamedwilds:food_bear_cooked":6,"minecraft:arrow":17,"minecraft:rotten_flesh":14,"minecraft:mutton":17,"bloodandmadness:blood_stone_shard":1,"minecraft:cobblestone":12,"minecraft:white_wool":11,"minecraft:birch_log":18,"minecraft:air":0,"minecraft:feather":6,"minecraft:cooked_beef":8,"minecraft:leather":6,"minecraft:potato":4,"minecraft:birch_planks":1,"paraglider:spirit_orb":1,"minecraft:oak_log":1,"minecraft:yellow_bed":2,"minecraft:gunpowder":2,"minecraft:dirt":7,"minecraft:paper":2,"minecraft:leather_boots":1,"minecraft:cooked_mutton":5,"minecraft:bone":1,"goblinsanddungeons:scoria_bricks":1,"goblinsanddungeons:scoria_brick_slab":2,"minecraft:wheat_seeds":14,"minecraft:stone_pickaxe":1,"minecraft:iron_ingot":8,"hexerei:animal_fat":2,"minecraft:emerald_block":1,"minecraft:sweet_berries":80,"quark:glass_item_frame":1,"minecraft:gravel":2,"minecraft:sand":3,"epicfight:uchigatana":1,"minecraft:spruce_sapling":7,"minecraft:spruce_log":7,"minecraft:leather_helmet":1,"minecraft:iron_hoe":1,"waystones:waystone":1,"minecraft:emerald":8,"minecraft:bread":1,"minecraft:oak_sapling":4,"minecraft:black_wool":1},"minecraft:crafted":{"quark:birch_chest":4,"simple_mobs:bundled_emerald":2,"comforts:sleeping_bag_white":1,"minecraft:stone_pickaxe":1,"sophisticatedbackpacks:iron_backpack":1,"sophisticatedbackpacks:backpack":1,"minecraft:crafting_table":3,"sophisticatedbackpacks:gold_backpack":1,"minecraft:stone_axe":1,"minecraft:air":110,"minecraft:stick":8,"minecraft:iron_pickaxe":1}},"DataVersion":2975}