{"stats":{"minecraft:dropped":{"minecraft:wooden_axe":1,"untamedwilds:flora_bush_temperate":1,"minecraft:wooden_pickaxe":1,"minecraft:cooked_mutton":1},"minecraft:crafted":{"minecraft:stick":4,"minecraft:stone_pickaxe":1,"minecraft:stone_axe":1,"minecraft:air":49},"minecraft:custom":{"minecraft:time_since_rest":22250,"minecraft:sprint_one_cm":108886,"champions:champion_mobs_killed":6,"minecraft:damage_taken":468,"minecraft:walk_one_cm":188431,"minecraft:mob_kills":12,"minecraft:drop":4,"minecraft:damage_dealt":2040,"minecraft:damage_dealt_absorbed":392,"minecraft:swim_one_cm":4758,"minecraft:interact_with_crafting_table":2,"minecraft:fly_one_cm":67707,"minecraft:open_barrel":1,"minecraft:open_chest":2,"minecraft:crouch_one_cm":1305,"minecraft:play_time":22250,"minecraft:interact_with_campfire":4,"minecraft:sneak_time":651,"minecraft:walk_under_water_one_cm":1135,"minecraft:jump":350,"minecraft:eat_cake_slice":1,"minecraft:walk_on_water_one_cm":370,"minecraft:time_since_death":22250,"minecraft:total_world_time":22250,"lootr:looted_stat":3,"minecraft:fall_one_cm":5547},"minecraft:picked_up":{"minecraft:wooden_axe":1,"minecraft:birch_log":12,"minecraft:air":0,"minecraft:dark_oak_sapling":1,"minecraft:stick":1,"minecraft:feather":2,"minecraft:chicken":1,"minecraft:leather":2,"minecraft:wooden_pickaxe":1,"untamedwilds:flora_bush_temperate":1,"minecraft:birch_planks":1,"paraglider:spirit_orb":1,"minecraft:cooked_mutton":5,"minecraft:rotten_flesh":4,"ecologics:walnut_sapling":1,"minecraft:wheat_seeds":3,"minecraft:beef":3,"minecraft:mutton":4,"minecraft:birch_sapling":6,"apotheosis:gem":1,"minecraft:white_wool":2,"minecraft:cobblestone":8,"hexerei:animal_fat":1},"minecraft:used":{"minecraft:wooden_axe":10,"minecraft:birch_planks":1,"minecraft:bread":6,"minecraft:stone_pickaxe":4,"minecraft:wooden_pickaxe":4,"minecraft:beef":3,"epicfight:uchigatana":38},"minecraft:killed":{"minecraft:sheep":3,"restored_earth:lobber_zombie":2,"minecraft:zombie_villager":3,"minecraft:chicken":1,"minecraft:cow":2,"dannys_expansion:ghoul":1},"minecraft:mined":{"minecraft:birch_planks":1,"treechop:chopped_log":1,"untamedwilds:flora_bush_temperate":2,"minecraft:grass":5,"minecraft:tall_grass":3,"minecraft:stone":8}},"DataVersion":2975}