{"stats":{"minecraft:killed_by":{"minecraft:pillager":1,"minecraft:vindicator":1,"goblinsanddungeons:goblin_king":1,"majruszsdifficulty:cursed_armor":2,"untamedwilds:bear":1,"minecraft:skeleton":4,"simple_mobs:giant":1,"hunterillager:hunterillager":1},"minecraft:used":{"minecraft:chest":1,"minecraft:mutton":13,"minecraft:jungle_planks":44,"minecraft:carrot":35,"minecraft:honey_bottle":2,"minecraft:stone_bricks":4,"minecraft:rabbit_stew":3,"minecraft:written_book":2,"minecraft:sweet_berries":147,"minecraft:egg":6,"minecraft:potato":11,"epicfight:skillbook":3,"minecraft:stone_pickaxe":7,"minecraft:oak_planks":12,"minecraft:wooden_pickaxe":4,"cloudstorage:guide_book":1,"minecraft:cookie":6,"minecraft:white_wool":8,"minecraft:glow_berries":1,"biomemakeover:cowboy_hat":1,"minecraft:sand":3,"minecraft:crossbow":1,"habitat:kabloom_pulp":4,"minecraft:bread":18,"minecraft:melon_slice":30,"minecraft:gravel":2,"minecraft:soul_lantern":1,"minecraft:andesite":1,"minecraft:coarse_dirt":1,"supplementaries:soap":1,"minecraft:experience_bottle":2,"quark:birch_chest":2,"minecraft:spruce_planks":18,"minecraft:stick":3,"minecraft:torch":14,"infernalexp:raw_hogchop":1,"minecraft:dirt":5,"minecraft:white_carpet":1,"minecraft:iron_hoe":1,"goblinsanddungeons:scoria_bricks":1,"minecraft:wooden_axe":10,"quest_giver:trading_contract_weaponsmith":1,"untamedwilds:food_bear_cooked":8,"minecraft:iron_axe":13,"minecraft:beef":12,"comforts:sleeping_bag_white":7,"minecraft:cooked_beef":27,"minecraft:cooked_mutton":4,"alexsmobs:cooked_catfish":1,"minecraft:birch_planks":33,"minecraft:baked_potato":5,"minecraft:cracked_stone_bricks":1,"minecraft:salmon":2,"farmersdelight:onion":26,"minecraft:crafting_table":6,"minecraft:red_bed":2,"minecraft:white_bed":1,"minecraft:spider_eye":1,"majruszsdifficulty:recall_potion":1,"minecraft:apple":2,"minecraft:chicken":5,"minecraft:iron_pickaxe":42,"majruszsdifficulty:pillager_treasure_bag":1,"minecraft:stone_axe":57,"minecraft:enchanted_book":1,"minecraft:cobblestone":2,"minecraft:purple_bed":1,"minecraft:porkchop":5,"minecraft:yellow_bed":2,"epicfight:uchigatana":383},"minecraft:dropped":{"minecraft:oak_log":1,"minecraft:glass_bottle":1,"minecraft:crafting_table":1,"minecraft:jungle_planks":21,"minecraft:cracked_stone_bricks":1,"sophisticatedbackpacks:gold_backpack":1,"minecraft:emerald":1,"minecraft:dirt":7,"minecraft:red_bed":1,"minecraft:jungle_sapling":2,"goblinsanddungeons:scoria_brick_slab":2,"minecraft:sugar_cane":4,"minecraft:iron_nugget":3,"minecraft:birch_sapling":3,"minecraft:wheat":16,"minecraft:stripped_dark_oak_log":2,"minecraft:rotten_flesh":14,"minecraft:cooked_mutton":1,"untamedwilds:food_bear_cooked":3,"minecraft:carrot":1,"minecraft:chainmail_chestplate":3,"minecraft:poppy":3,"minecraft:ladder":6,"minecraft:leather_leggings":3,"comforts:sleeping_bag_white":1,"minecraft:spruce_slab":1,"minecraft:iron_bars":9,"minecraft:arrow":17,"minecraft:beef":1,"minecraft:written_book":1,"minecraft:egg":1,"minecraft:enchanted_book":2,"majruszsdifficulty:recall_potion":2,"minecraft:wheat_seeds":14,"minecraft:feather":7,"minecraft:cobblestone":5,"minecraft:spruce_stairs":1,"quark:glass_item_frame":1,"minecraft:polished_andesite":1,"minecraft:stick":23,"minecraft:torch":7,"minecraft:wooden_axe":1,"minecraft:white_banner":1,"minecraft:jungle_boat":5,"minecraft:chainmail_leggings":2,"minecraft:string":5,"minecraft:spruce_sapling":7,"minecraft:dandelion":1,"hexerei:animal_fat":1,"hexerei:sage_seed":6,"epicfight:uchigatana":1,"minecraft:stone_sword":1,"minecraft:bowl":2,"untamedwilds:flora_bush_temperate":1,"minecraft:white_carpet":6,"minecraft:light_gray_wool":1,"minecraft:spruce_fence":1,"minecraft:filled_map":1,"minecraft:iron_chestplate":1,"quark:birch_chest":2,"minecraft:purple_bed":1,"minecraft:oak_sapling":19,"minecraft:carved_pumpkin":1,"minecraft:stone_bricks":3,"minecraft:wooden_pickaxe":1,"biomemakeover:cowboy_hat":1,"minecraft:black_wool":1},"minecraft:broken":{"minecraft:leather_boots":2},"minecraft:custom":{"lootr:looted_stat":49,"minecraft:interact_with_crafting_table":35,"minecraft:open_barrel":30,"minecraft:bell_ring":2,"minecraft:eat_cake_slice":8,"minecraft:leave_game":15,"minecraft:time_since_death":764,"champions:champion_mobs_killed":75,"minecraft:sprint_one_cm":2751808,"minecraft:drop":213,"minecraft:talked_to_villager":1,"minecraft:play_time":604025,"minecraft:deaths":14,"minecraft:jump":6635,"minecraft:walk_on_water_one_cm":62698,"minecraft:interact_with_furnace":8,"minecraft:sleep_in_bed":23,"minecraft:waystone_activated":4,"minecraft:damage_dealt":22394,"minecraft:crouch_one_cm":59342,"minecraft:horse_one_cm":8108,"minecraft:mob_kills":110,"minecraft:interact_with_campfire":6,"minecraft:damage_dealt_resisted":56,"minecraft:climb_one_cm":98871,"minecraft:walk_one_cm":4552654,"minecraft:damage_dealt_absorbed":4021,"minecraft:raid_win":1,"minecraft:sneak_time":7940,"minecraft:walk_under_water_one_cm":13564,"minecraft:boat_one_cm":88865,"minecraft:interact_with_lectern":1,"minecraft:total_world_time":604025,"minecraft:tune_noteblock":4,"minecraft:raid_trigger":1,"minecraft:time_since_rest":794,"minecraft:damage_taken":8856,"minecraft:damage_absorbed":23,"minecraft:swim_one_cm":75202,"minecraft:fly_one_cm":1363389,"minecraft:open_chest":81,"minecraft:fall_one_cm":93958},"minecraft:crafted":{"quark:birch_chest":4,"minecraft:iron_boots":1,"sophisticatedbackpacks:backpack":1,"minecraft:emerald":9,"minecraft:crafting_table":4,"minecraft:stick":20,"minecraft:iron_pickaxe":1,"minecraft:gold_ingot":10,"simple_mobs:bundled_emerald":2,"comforts:sleeping_bag_white":1,"minecraft:stone_pickaxe":1,"sophisticatedbackpacks:iron_backpack":1,"paraglider:paraglider":1,"sophisticatedbackpacks:gold_backpack":1,"minecraft:stone_axe":1,"minecraft:air":231,"minecraft:jungle_planks":4,"minecraft:iron_leggings":1,"minecraft:white_bed":1},"minecraft:picked_up":{"minecraft:wooden_axe":1,"irons_spellbooks:scroll":1,"minecraft:wheat":16,"minecraft:enchanted_book":8,"minecraft:string":13,"irons_spellbooks:arcane_essence":6,"comforts:sleeping_bag_white":8,"minecraft:spruce_planks":1,"minecraft:written_book":2,"minecraft:melon_slice":33,"minecraft:iron_boots":1,"minecraft:stick":25,"apotheosis:gem":7,"majruszsdifficulty:recall_potion":2,"minecraft:brown_terracotta":12,"minecraft:torch":21,"minecraft:spruce_stairs":1,"minecraft:porkchop":7,"infernalexp:raw_hogchop":1,"dannys_expansion:gel":1,"minecraft:stone_sword":1,"minecraft:rotten_flesh":14,"minecraft:iron_bars":2,"bloodandmadness:blood_stone_shard":2,"minecraft:cobblestone":13,"minecraft:birch_log":18,"minecraft:enchanting_table":1,"minecraft:cooked_beef":22,"minecraft:feather":9,"minecraft:andesite":1,"minecraft:jungle_log":9,"minecraft:jungle_wood":11,"minecraft:potato":4,"paraglider:spirit_orb":1,"minecraft:wither_skeleton_skull":1,"minecraft:dirt":16,"minecraft:leather_boots":1,"irons_spellbooks:hogskin":1,"minecraft:bone":16,"goblinsanddungeons:scoria_bricks":1,"goblinsanddungeons:scoria_brick_slab":2,"minecraft:wheat_seeds":21,"dannys_expansion:yellow_spores":3,"hexerei:animal_fat":4,"minecraft:jungle_planks":1,"minecraft:sand":3,"irons_spellbooks:ice_rune":1,"minecraft:iron_hoe":1,"minecraft:polished_andesite":1,"minecraft:soul_lantern":1,"waystones:waystone":1,"hunterillager:boomerang":2,"minecraft:bread":1,"minecraft:emerald":39,"minecraft:oak_sapling":20,"nethersdelight:hoglin_loin":2,"sophisticatedbackpacks:gold_backpack":1,"minecraft:cocoa_beans":1,"habitat:kabloom_pulp":3,"minecraft:crafting_table":2,"minecraft:coarse_dirt":1,"minecraft:chicken":5,"minecraft:ladder":6,"minecraft:leather_leggings":2,"minecraft:wooden_pickaxe":1,"paraglider:heart_container":1,"alexsmobs:cooked_catfish":1,"minecraft:red_bed":3,"minecraft:iron_axe":1,"minecraft:white_carpet":7,"ecologics:walnut_sapling":1,"bloodandmadness:blood_vial":2,"minecraft:cracked_stone_bricks":2,"minecraft:beef":15,"irons_spellbooks:epic_ink":1,"minecraft:jungle_sapling":2,"majruszsdifficulty:pillager_treasure_bag":1,"minecraft:poppy":3,"minecraft:spruce_slab":1,"minecraft:light_gray_wool":1,"minecraft:sugar_cane":4,"minecraft:chest":1,"minecraft:birch_sapling":10,"minecraft:piston":2,"minecraft:egg":7,"minecraft:dark_oak_sapling":1,"minecraft:bowl":1,"untamedwilds:flora_bush_temperate":1,"minecraft:spruce_fence":1,"magistuarmory:iron_pike":2,"quark:birch_chest":1,"minecraft:carrot":1,"bloodandmadness:beastblood_clump":2,"goblinsanddungeons:goblin_crown":1,"hexerei:sage_seed":6,"untamedwilds:food_bear_cooked":6,"minecraft:arrow":43,"minecraft:saddle":1,"minecraft:glow_berries":1,"minecraft:mutton":20,"minecraft:white_wool":14,"minecraft:air":0,"minecraft:jungle_boat":6,"minecraft:leather":7,"minecraft:birch_planks":3,"savage_and_ravage:creeper_spores":3,"minecraft:oak_log":7,"minecraft:chainmail_chestplate":2,"minecraft:yellow_bed":2,"minecraft:gunpowder":3,"minecraft:paper":3,"minecraft:white_banner":3,"irons_spellbooks:rare_ink":1,"minecraft:cooked_mutton":5,"irons_spellbooks:common_ink":1,"simple_mobs:lootbag":1,"minecraft:apple":1,"minecraft:stone_bricks":9,"minecraft:iron_ingot":8,"minecraft:stone_pickaxe":1,"minecraft:emerald_block":1,"minecraft:sweet_berries":112,"quark:glass_item_frame":1,"minecraft:dandelion":1,"minecraft:gravel":2,"epicfight:uchigatana":2,"minecraft:spruce_sapling":7,"minecraft:spruce_log":8,"minecraft:leather_helmet":1,"minecraft:purple_bed":3,"minecraft:chainmail_leggings":1,"simple_mobs:giant_eye_fragment":1,"minecraft:black_wool":1,"minecraft:stripped_dark_oak_log":2},"minecraft:killed":{"simple_mobs:hobgob":1,"minecraft:spider":1,"irons_spellbooks:cryomancer":1,"dannys_expansion:foamspring":1,"minecraft:skeleton":9,"savage_and_ravage:griefer":1,"goblinsanddungeons:goom":1,"minecraft:chicken":2,"restored_earth:viler_witch":1,"minecraft:silverfish":1,"minecraft:piglin_brute":3,"bloodandmadness:silverbeast":1,"minecraft:pig":3,"simple_mobs:gobber":1,"dannys_expansion:floam":1,"minecraft:zombie_villager":3,"minecraft:sheep":15,"minecraft:pillager":20,"minecraft:zombie":3,"minecraft:cow":5,"simple_mobs:bright_elemental":1,"minecraft:vindicator":13,"dannys_expansion:foamcaster":1,"dannys_expansion:mundane_slime":1,"restored_earth:bouldering_zombie":1,"minecraft:husk":4,"restored_earth:lobber_zombie":3,"untamedwilds:terror_bird":1,"simple_mobs:goom":1,"minecraft:hoglin":1,"dannys_expansion:ghoul":1,"simple_mobs:gob":1,"minecraft:wither_skeleton":1,"monsterplus:overgrown_skeleton":1},"minecraft:mined":{"minecraft:spruce_planks":1,"minecraft:grass_block":11,"minecraft:jungle_log":3,"minecraft:spawner":5,"comforts:sleeping_bag_white":1,"minecraft:fire":23,"minecraft:enchanting_table":1,"supplementaries:stick":3,"minecraft:spruce_slab":1,"immersive_weathering:oak_leaf_pile":1,"minecraft:red_bed":3,"minecraft:powder_snow":9,"minecraft:torch":9,"minecraft:melon":3,"minecraft:mushroom_stem":4,"minecraft:cobblestone":1,"minecraft:wall_torch":2,"minecraft:grass":28,"minecraft:sand":4,"minecraft:dirt":5,"minecraft:piston":2,"minecraft:oak_leaves":1,"minecraft:emerald_block":1,"minecraft:red_carpet":2,"minecraft:glow_lichen":2,"minecraft:ladder":4,"minecraft:spruce_fence":1,"minecraft:jungle_planks":2,"minecraft:spruce_leaves":1,"goblinsanddungeons:scoria_bricks":1,"minecraft:andesite":1,"minecraft:stripped_spruce_log":1,"treechop:chopped_log":9,"minecraft:vine":3,"minecraft:stone":10,"minecraft:acacia_leaves":1,"minecraft:stripped_dark_oak_log":1,"minecraft:crafting_table":1,"untamedwilds:flora_bush_temperate":2,"goblinsanddungeons:scoria_brick_slab":1,"minecraft:tall_grass":21,"minecraft:spruce_stairs":1,"minecraft:birch_planks":4,"minecraft:purple_bed":2,"minecraft:coarse_dirt":1,"minecraft:sweet_berry_bush":46,"minecraft:white_carpet":5,"minecraft:yellow_bed":2,"minecraft:gravel":2,"minecraft:brown_terracotta":13,"minecraft:cracked_stone_bricks":4,"minecraft:polished_andesite":1,"minecraft:stone_bricks":9,"minecraft:mossy_stone_bricks":1,"minecraft:fern":2}},"DataVersion":2975}