{"stats":{"minecraft:killed":{"restored_earth:lobber_zombie":2,"untamedwilds:terror_bird":1,"minecraft:zombie_villager":3,"dannys_expansion:ghoul":1,"minecraft:sheep":5,"minecraft:pillager":3,"minecraft:chicken":1,"minecraft:cow":3},"minecraft:custom":{"lootr:looted_stat":9,"minecraft:mob_kills":19,"minecraft:interact_with_crafting_table":5,"minecraft:open_barrel":4,"minecraft:interact_with_campfire":4,"minecraft:eat_cake_slice":1,"minecraft:leave_game":1,"minecraft:time_since_death":29060,"minecraft:sleep_in_bed":2,"minecraft:climb_one_cm":2816,"minecraft:time_since_rest":7287,"minecraft:sprint_one_cm":415642,"champions:champion_mobs_killed":9,"minecraft:damage_taken":1005,"minecraft:walk_one_cm":782780,"minecraft:drop":7,"minecraft:damage_dealt":3623,"minecraft:damage_dealt_absorbed":560,"minecraft:swim_one_cm":7341,"minecraft:fly_one_cm":200846,"minecraft:open_chest":2,"minecraft:crouch_one_cm":8235,"minecraft:play_time":99101,"minecraft:deaths":1,"minecraft:sneak_time":1762,"minecraft:walk_under_water_one_cm":1590,"minecraft:interact_with_lectern":1,"minecraft:jump":1037,"minecraft:walk_on_water_one_cm":2714,"minecraft:total_world_time":99101,"minecraft:fall_one_cm":14146},"minecraft:mined":{"minecraft:spruce_planks":1,"minecraft:powder_snow":1,"minecraft:crafting_table":1,"minecraft:glow_lichen":2,"untamedwilds:flora_bush_temperate":2,"minecraft:tall_grass":8,"minecraft:wall_torch":1,"minecraft:birch_planks":1,"minecraft:coarse_dirt":1,"treechop:chopped_log":1,"minecraft:yellow_bed":2,"minecraft:grass":6,"minecraft:gravel":2,"minecraft:dirt":3,"minecraft:stone":8},"minecraft:used":{"minecraft:cooked_mutton":4,"minecraft:birch_planks":27,"minecraft:stone_pickaxe":4,"minecraft:spruce_planks":7,"minecraft:wooden_pickaxe":4,"minecraft:torch":1,"minecraft:dirt":3,"minecraft:mutton":2,"minecraft:crafting_table":2,"minecraft:wooden_axe":10,"minecraft:chicken":4,"minecraft:bread":8,"minecraft:gravel":2,"minecraft:stone_axe":2,"minecraft:rabbit_stew":2,"minecraft:beef":4,"minecraft:sweet_berries":20,"minecraft:yellow_bed":2,"minecraft:egg":1,"minecraft:coarse_dirt":1,"epicfight:uchigatana":63,"minecraft:experience_bottle":2},"minecraft:dropped":{"epicfight:uchigatana":1,"untamedwilds:flora_bush_temperate":1,"minecraft:crafting_table":1,"minecraft:cooked_mutton":1,"minecraft:wooden_axe":1,"minecraft:wooden_pickaxe":1,"minecraft:spruce_sapling":1},"minecraft:killed_by":{"untamedwilds:bear":1},"minecraft:picked_up":{"minecraft:wooden_axe":1,"minecraft:birch_log":12,"minecraft:coarse_dirt":1,"minecraft:crafting_table":2,"minecraft:wheat":6,"minecraft:air":0,"minecraft:feather":4,"minecraft:chicken":4,"minecraft:leather":3,"minecraft:wooden_pickaxe":1,"minecraft:birch_planks":1,"paraglider:spirit_orb":1,"minecraft:yellow_bed":2,"minecraft:paper":2,"minecraft:dirt":3,"minecraft:cooked_mutton":5,"minecraft:leather_boots":1,"minecraft:bone":1,"ecologics:walnut_sapling":1,"minecraft:wheat_seeds":7,"minecraft:spruce_planks":1,"minecraft:beef":4,"minecraft:stone_pickaxe":1,"minecraft:birch_sapling":7,"minecraft:egg":1,"hexerei:animal_fat":1,"minecraft:dark_oak_sapling":1,"minecraft:stick":1,"apotheosis:gem":2,"minecraft:sweet_berries":17,"minecraft:torch":2,"untamedwilds:flora_bush_temperate":1,"minecraft:gravel":2,"epicfight:uchigatana":1,"minecraft:spruce_sapling":1,"minecraft:spruce_log":4,"minecraft:arrow":6,"minecraft:rotten_flesh":4,"minecraft:mutton":6,"minecraft:white_wool":4,"minecraft:cobblestone":8},"minecraft:crafted":{"comforts:sleeping_bag_white":1,"minecraft:stone_axe":1,"minecraft:air":65,"minecraft:stick":4,"minecraft:stone_pickaxe":1}},"DataVersion":2975}