{"stats":{"minecraft:killed_by":{"goblinsanddungeons:goblin_king":1,"untamedwilds:bear":1},"minecraft:custom":{"lootr:looted_stat":22,"minecraft:mob_kills":61,"minecraft:interact_with_crafting_table":17,"minecraft:open_barrel":6,"minecraft:interact_with_campfire":6,"minecraft:eat_cake_slice":8,"minecraft:leave_game":9,"minecraft:time_since_death":86815,"minecraft:climb_one_cm":37300,"champions:champion_mobs_killed":39,"minecraft:sprint_one_cm":1889436,"minecraft:walk_one_cm":2666864,"minecraft:drop":101,"minecraft:damage_dealt_absorbed":1929,"minecraft:talked_to_villager":1,"minecraft:play_time":363265,"minecraft:deaths":3,"minecraft:sneak_time":5002,"minecraft:walk_under_water_one_cm":10017,"minecraft:interact_with_lectern":1,"minecraft:jump":4112,"minecraft:walk_on_water_one_cm":54009,"minecraft:total_world_time":363265,"minecraft:interact_with_furnace":2,"minecraft:tune_noteblock":4,"minecraft:sleep_in_bed":14,"minecraft:time_since_rest":60370,"minecraft:waystone_activated":4,"minecraft:damage_taken":4172,"minecraft:damage_absorbed":21,"minecraft:damage_dealt":11851,"minecraft:swim_one_cm":62538,"minecraft:fly_one_cm":889705,"minecraft:open_chest":46,"minecraft:crouch_one_cm":33010,"minecraft:fall_one_cm":58894,"minecraft:horse_one_cm":8108},"minecraft:dropped":{"minecraft:enchanted_book":2,"minecraft:wheat_seeds":7,"minecraft:oak_log":1,"minecraft:crafting_table":1,"minecraft:feather":4,"minecraft:cobblestone":4,"minecraft:spruce_stairs":1,"quark:glass_item_frame":1,"minecraft:stick":5,"minecraft:emerald":1,"minecraft:dirt":3,"minecraft:red_bed":1,"minecraft:torch":3,"minecraft:wooden_axe":1,"minecraft:string":5,"minecraft:spruce_sapling":7,"goblinsanddungeons:scoria_brick_slab":2,"hexerei:sage_seed":3,"epicfight:uchigatana":1,"minecraft:bowl":2,"untamedwilds:flora_bush_temperate":1,"minecraft:wheat":6,"minecraft:rotten_flesh":14,"minecraft:light_gray_wool":1,"minecraft:cooked_mutton":1,"untamedwilds:food_bear_cooked":3,"minecraft:spruce_fence":1,"minecraft:carrot":1,"quark:birch_chest":2,"minecraft:oak_sapling":3,"comforts:sleeping_bag_white":1,"minecraft:spruce_slab":1,"minecraft:arrow":17,"minecraft:wooden_pickaxe":1,"minecraft:beef":1,"minecraft:written_book":1,"minecraft:black_wool":1,"minecraft:egg":1},"minecraft:used":{"quark:birch_chest":2,"minecraft:chest":1,"minecraft:spruce_planks":16,"minecraft:stick":3,"minecraft:torch":8,"minecraft:dirt":3,"minecraft:mutton":13,"minecraft:carrot":35,"goblinsanddungeons:scoria_bricks":1,"minecraft:iron_hoe":1,"minecraft:wooden_axe":10,"untamedwilds:food_bear_cooked":8,"minecraft:iron_axe":13,"minecraft:rabbit_stew":3,"minecraft:beef":9,"minecraft:written_book":2,"minecraft:sweet_berries":69,"minecraft:egg":6,"comforts:sleeping_bag_white":4,"minecraft:cooked_beef":8,"minecraft:potato":11,"minecraft:cooked_mutton":4,"epicfight:skillbook":1,"minecraft:birch_planks":33,"minecraft:stone_pickaxe":7,"minecraft:baked_potato":5,"minecraft:oak_planks":12,"minecraft:wooden_pickaxe":4,"minecraft:cookie":6,"minecraft:white_wool":8,"minecraft:salmon":2,"farmersdelight:onion":26,"minecraft:sand":3,"minecraft:crafting_table":5,"minecraft:red_bed":2,"habitat:kabloom_pulp":1,"minecraft:chicken":5,"minecraft:bread":13,"minecraft:melon_slice":7,"minecraft:iron_pickaxe":18,"minecraft:gravel":2,"minecraft:stone_axe":24,"minecraft:enchanted_book":1,"minecraft:cobblestone":2,"minecraft:porkchop":1,"minecraft:yellow_bed":2,"epicfight:uchigatana":204,"minecraft:coarse_dirt":1,"minecraft:experience_bottle":2},"minecraft:broken":{"minecraft:leather_boots":2},"minecraft:killed":{"simple_mobs:hobgob":1,"minecraft:spider":1,"minecraft:vindicator":3,"dannys_expansion:foamcaster":1,"dannys_expansion:foamspring":1,"dannys_expansion:mundane_slime":1,"minecraft:chicken":2,"goblinsanddungeons:goom":1,"restored_earth:viler_witch":1,"minecraft:piglin_brute":3,"restored_earth:bouldering_zombie":1,"bloodandmadness:silverbeast":1,"minecraft:pig":2,"simple_mobs:gobber":1,"dannys_expansion:floam":1,"restored_earth:lobber_zombie":3,"untamedwilds:terror_bird":1,"minecraft:zombie_villager":3,"simple_mobs:goom":1,"dannys_expansion:ghoul":1,"minecraft:sheep":12,"minecraft:pillager":14,"minecraft:zombie":3,"simple_mobs:gob":1,"minecraft:cow":4},"minecraft:mined":{"minecraft:spruce_planks":1,"minecraft:glow_lichen":2,"minecraft:ladder":4,"minecraft:grass_block":5,"minecraft:spruce_fence":1,"goblinsanddungeons:scoria_bricks":1,"minecraft:fire":23,"minecraft:stripped_spruce_log":1,"treechop:chopped_log":4,"supplementaries:stick":3,"minecraft:stone":9,"minecraft:spruce_slab":1,"immersive_weathering:oak_leaf_pile":1,"minecraft:red_bed":3,"minecraft:powder_snow":9,"minecraft:crafting_table":1,"minecraft:torch":4,"untamedwilds:flora_bush_temperate":2,"goblinsanddungeons:scoria_brick_slab":1,"minecraft:mushroom_stem":4,"minecraft:tall_grass":14,"minecraft:cobblestone":1,"minecraft:wall_torch":2,"minecraft:spruce_stairs":1,"minecraft:birch_planks":4,"minecraft:coarse_dirt":1,"minecraft:sweet_berry_bush":31,"minecraft:white_carpet":3,"minecraft:yellow_bed":2,"minecraft:grass":21,"minecraft:sand":3,"minecraft:gravel":2,"minecraft:dirt":4,"minecraft:brown_terracotta":13,"minecraft:piston":2,"minecraft:oak_leaves":1,"minecraft:emerald_block":1,"minecraft:fern":1},"minecraft:picked_up":{"minecraft:wooden_axe":1,"habitat:kabloom_pulp":1,"minecraft:crafting_table":2,"minecraft:coarse_dirt":1,"minecraft:wheat":6,"minecraft:ladder":3,"minecraft:chicken":5,"minecraft:wooden_pickaxe":1,"minecraft:enchanted_book":7,"minecraft:red_bed":3,"minecraft:string":13,"minecraft:white_carpet":3,"ecologics:walnut_sapling":1,"comforts:sleeping_bag_white":5,"minecraft:spruce_planks":1,"minecraft:beef":12,"minecraft:written_book":1,"minecraft:light_gray_wool":1,"minecraft:spruce_slab":1,"minecraft:melon_slice":7,"minecraft:chest":1,"minecraft:birch_sapling":10,"minecraft:piston":2,"minecraft:egg":7,"minecraft:dark_oak_sapling":1,"minecraft:stick":12,"apotheosis:gem":5,"minecraft:brown_terracotta":12,"minecraft:torch":11,"minecraft:bowl":1,"untamedwilds:flora_bush_temperate":1,"minecraft:spruce_stairs":1,"minecraft:spruce_fence":1,"minecraft:porkchop":2,"magistuarmory:iron_pike":2,"quark:birch_chest":1,"minecraft:carrot":1,"goblinsanddungeons:goblin_crown":1,"hexerei:sage_seed":6,"dannys_expansion:gel":1,"untamedwilds:food_bear_cooked":6,"minecraft:arrow":17,"minecraft:rotten_flesh":14,"minecraft:mutton":17,"bloodandmadness:blood_stone_shard":1,"minecraft:white_wool":11,"minecraft:cobblestone":12,"minecraft:birch_log":18,"minecraft:air":0,"minecraft:feather":6,"minecraft:cooked_beef":8,"minecraft:leather":6,"minecraft:potato":4,"minecraft:birch_planks":3,"paraglider:spirit_orb":1,"minecraft:oak_log":7,"minecraft:yellow_bed":2,"minecraft:gunpowder":2,"minecraft:dirt":9,"minecraft:paper":3,"minecraft:leather_boots":1,"minecraft:cooked_mutton":5,"minecraft:bone":1,"goblinsanddungeons:scoria_bricks":1,"minecraft:apple":1,"goblinsanddungeons:scoria_brick_slab":2,"minecraft:wheat_seeds":16,"minecraft:stone_pickaxe":1,"minecraft:iron_ingot":8,"dannys_expansion:yellow_spores":3,"hexerei:animal_fat":2,"minecraft:emerald_block":1,"minecraft:sweet_berries":83,"quark:glass_item_frame":1,"minecraft:gravel":2,"minecraft:sand":3,"epicfight:uchigatana":1,"minecraft:spruce_sapling":7,"minecraft:spruce_log":7,"minecraft:leather_helmet":1,"minecraft:iron_hoe":1,"waystones:waystone":1,"minecraft:emerald":24,"minecraft:bread":1,"minecraft:oak_sapling":6,"minecraft:black_wool":1},"minecraft:crafted":{"quark:birch_chest":4,"simple_mobs:bundled_emerald":2,"comforts:sleeping_bag_white":1,"minecraft:stone_pickaxe":1,"sophisticatedbackpacks:iron_backpack":1,"paraglider:paraglider":1,"minecraft:emerald":9,"sophisticatedbackpacks:backpack":1,"minecraft:crafting_table":3,"sophisticatedbackpacks:gold_backpack":1,"minecraft:stone_axe":1,"minecraft:air":134,"minecraft:stick":12,"minecraft:iron_pickaxe":1}},"DataVersion":2975}