{"stats":{"minecraft:custom":{"lootr:looted_stat":25,"minecraft:mob_kills":76,"minecraft:interact_with_crafting_table":20,"minecraft:open_barrel":15,"minecraft:interact_with_campfire":6,"minecraft:bell_ring":2,"minecraft:damage_dealt_resisted":56,"minecraft:eat_cake_slice":8,"minecraft:leave_game":12,"minecraft:time_since_death":2058,"minecraft:climb_one_cm":69411,"champions:champion_mobs_killed":50,"minecraft:sprint_one_cm":2329619,"minecraft:walk_one_cm":3455406,"minecraft:drop":133,"minecraft:damage_dealt_absorbed":2346,"minecraft:talked_to_villager":1,"minecraft:play_time":477081,"minecraft:deaths":7,"minecraft:sneak_time":5532,"minecraft:walk_under_water_one_cm":11719,"minecraft:boat_one_cm":55236,"minecraft:interact_with_lectern":1,"minecraft:jump":5212,"minecraft:walk_on_water_one_cm":60801,"minecraft:total_world_time":477081,"minecraft:interact_with_furnace":4,"minecraft:tune_noteblock":4,"minecraft:raid_trigger":1,"minecraft:sleep_in_bed":17,"minecraft:time_since_rest":2082,"minecraft:waystone_activated":4,"minecraft:damage_taken":5683,"minecraft:damage_absorbed":21,"minecraft:damage_dealt":15018,"minecraft:swim_one_cm":68276,"minecraft:fly_one_cm":1134088,"minecraft:open_chest":73,"minecraft:crouch_one_cm":35740,"minecraft:fall_one_cm":72905,"minecraft:horse_one_cm":8108},"minecraft:broken":{"minecraft:leather_boots":2},"minecraft:killed":{"simple_mobs:hobgob":1,"minecraft:spider":1,"minecraft:vindicator":11,"dannys_expansion:foamcaster":1,"irons_spellbooks:cryomancer":1,"dannys_expansion:foamspring":1,"dannys_expansion:mundane_slime":1,"minecraft:chicken":2,"goblinsanddungeons:goom":1,"restored_earth:viler_witch":1,"minecraft:silverfish":1,"minecraft:piglin_brute":3,"restored_earth:bouldering_zombie":1,"bloodandmadness:silverbeast":1,"minecraft:pig":3,"simple_mobs:gobber":1,"dannys_expansion:floam":1,"restored_earth:lobber_zombie":3,"untamedwilds:terror_bird":1,"minecraft:zombie_villager":3,"simple_mobs:goom":1,"dannys_expansion:ghoul":1,"minecraft:sheep":12,"minecraft:pillager":14,"minecraft:zombie":3,"simple_mobs:gob":1,"monsterplus:overgrown_skeleton":1,"minecraft:cow":5},"minecraft:picked_up":{"minecraft:wooden_axe":1,"irons_spellbooks:scroll":1,"sophisticatedbackpacks:gold_backpack":1,"habitat:kabloom_pulp":3,"minecraft:cocoa_beans":1,"minecraft:coarse_dirt":1,"minecraft:crafting_table":2,"minecraft:wheat":11,"minecraft:chicken":5,"minecraft:ladder":6,"minecraft:leather_leggings":1,"minecraft:wooden_pickaxe":1,"minecraft:enchanted_book":7,"alexsmobs:cooked_catfish":1,"minecraft:string":13,"minecraft:red_bed":3,"minecraft:white_carpet":7,"minecraft:cracked_stone_bricks":1,"ecologics:walnut_sapling":1,"irons_spellbooks:arcane_essence":6,"comforts:sleeping_bag_white":8,"minecraft:spruce_planks":1,"minecraft:beef":15,"minecraft:written_book":1,"irons_spellbooks:epic_ink":1,"minecraft:jungle_sapling":1,"minecraft:poppy":1,"minecraft:light_gray_wool":1,"minecraft:spruce_slab":1,"minecraft:melon_slice":24,"minecraft:chest":1,"minecraft:birch_sapling":10,"minecraft:piston":2,"minecraft:egg":7,"minecraft:dark_oak_sapling":1,"minecraft:stick":17,"apotheosis:gem":5,"minecraft:brown_terracotta":12,"minecraft:torch":21,"minecraft:bowl":1,"untamedwilds:flora_bush_temperate":1,"minecraft:spruce_stairs":1,"minecraft:spruce_fence":1,"minecraft:porkchop":5,"magistuarmory:iron_pike":2,"quark:birch_chest":1,"minecraft:carrot":1,"goblinsanddungeons:goblin_crown":1,"hexerei:sage_seed":6,"dannys_expansion:gel":1,"untamedwilds:food_bear_cooked":6,"minecraft:arrow":18,"minecraft:rotten_flesh":14,"minecraft:glow_berries":1,"minecraft:mutton":17,"bloodandmadness:blood_stone_shard":1,"minecraft:white_wool":11,"minecraft:cobblestone":12,"minecraft:birch_log":18,"minecraft:air":0,"minecraft:feather":9,"minecraft:cooked_beef":8,"minecraft:andesite":1,"minecraft:jungle_log":5,"minecraft:leather":6,"minecraft:jungle_wood":11,"minecraft:potato":4,"minecraft:birch_planks":3,"paraglider:spirit_orb":1,"minecraft:chainmail_chestplate":1,"minecraft:oak_log":7,"minecraft:yellow_bed":2,"minecraft:gunpowder":2,"minecraft:white_banner":1,"minecraft:dirt":11,"minecraft:paper":3,"irons_spellbooks:rare_ink":1,"minecraft:cooked_mutton":5,"minecraft:leather_boots":1,"irons_spellbooks:common_ink":1,"simple_mobs:lootbag":1,"minecraft:bone":3,"goblinsanddungeons:scoria_bricks":1,"minecraft:apple":1,"minecraft:stone_bricks":6,"minecraft:wheat_seeds":21,"goblinsanddungeons:scoria_brick_slab":2,"minecraft:iron_ingot":8,"minecraft:stone_pickaxe":1,"dannys_expansion:yellow_spores":3,"hexerei:animal_fat":4,"minecraft:emerald_block":1,"minecraft:sweet_berries":112,"quark:glass_item_frame":1,"minecraft:gravel":2,"minecraft:sand":3,"epicfight:uchigatana":1,"minecraft:spruce_sapling":7,"minecraft:spruce_log":7,"minecraft:leather_helmet":1,"irons_spellbooks:ice_rune":1,"minecraft:iron_hoe":1,"minecraft:soul_lantern":1,"waystones:waystone":1,"simple_mobs:giant_eye_fragment":1,"minecraft:emerald":34,"minecraft:bread":1,"minecraft:oak_sapling":6,"minecraft:black_wool":1},"minecraft:mined":{"minecraft:red_carpet":2,"minecraft:spruce_planks":1,"minecraft:glow_lichen":2,"minecraft:ladder":4,"minecraft:spruce_fence":1,"minecraft:grass_block":6,"minecraft:spruce_leaves":1,"goblinsanddungeons:scoria_bricks":1,"comforts:sleeping_bag_white":1,"minecraft:fire":23,"minecraft:andesite":1,"minecraft:stripped_spruce_log":1,"treechop:chopped_log":6,"supplementaries:stick":3,"minecraft:vine":1,"minecraft:stone":9,"minecraft:spruce_slab":1,"immersive_weathering:oak_leaf_pile":1,"minecraft:red_bed":3,"minecraft:powder_snow":9,"minecraft:torch":9,"minecraft:crafting_table":1,"untamedwilds:flora_bush_temperate":2,"goblinsanddungeons:scoria_brick_slab":1,"minecraft:melon":3,"minecraft:mushroom_stem":4,"minecraft:tall_grass":19,"minecraft:cobblestone":1,"minecraft:wall_torch":2,"minecraft:spruce_stairs":1,"minecraft:birch_planks":4,"minecraft:coarse_dirt":1,"minecraft:sweet_berry_bush":46,"minecraft:white_carpet":5,"minecraft:yellow_bed":2,"minecraft:grass":27,"minecraft:sand":3,"minecraft:gravel":2,"minecraft:dirt":5,"minecraft:brown_terracotta":13,"minecraft:cracked_stone_bricks":2,"minecraft:stone_bricks":6,"minecraft:mossy_stone_bricks":1,"minecraft:piston":2,"minecraft:oak_leaves":1,"minecraft:emerald_block":1,"minecraft:fern":2},"minecraft:used":{"quark:birch_chest":2,"minecraft:chest":1,"minecraft:spruce_planks":16,"minecraft:stick":3,"minecraft:torch":13,"minecraft:dirt":4,"minecraft:mutton":13,"minecraft:white_carpet":1,"minecraft:jungle_planks":44,"minecraft:carrot":35,"minecraft:honey_bottle":2,"goblinsanddungeons:scoria_bricks":1,"minecraft:wooden_axe":10,"minecraft:iron_hoe":1,"quest_giver:trading_contract_weaponsmith":1,"untamedwilds:food_bear_cooked":8,"minecraft:iron_axe":13,"minecraft:stone_bricks":4,"minecraft:rabbit_stew":3,"minecraft:beef":12,"minecraft:written_book":2,"minecraft:sweet_berries":147,"minecraft:egg":6,"comforts:sleeping_bag_white":7,"minecraft:potato":11,"minecraft:cooked_beef":8,"alexsmobs:cooked_catfish":1,"minecraft:cooked_mutton":4,"epicfight:skillbook":3,"minecraft:birch_planks":33,"minecraft:cracked_stone_bricks":1,"minecraft:stone_pickaxe":7,"minecraft:baked_potato":5,"minecraft:oak_planks":12,"minecraft:wooden_pickaxe":4,"minecraft:cookie":6,"cloudstorage:guide_book":1,"minecraft:white_wool":8,"minecraft:salmon":2,"farmersdelight:onion":26,"minecraft:sand":3,"minecraft:crafting_table":5,"minecraft:red_bed":2,"minecraft:apple":1,"habitat:kabloom_pulp":4,"minecraft:chicken":5,"minecraft:melon_slice":24,"minecraft:bread":13,"minecraft:iron_pickaxe":29,"minecraft:gravel":2,"minecraft:soul_lantern":1,"minecraft:stone_axe":39,"minecraft:enchanted_book":1,"minecraft:cobblestone":2,"minecraft:porkchop":4,"minecraft:andesite":1,"minecraft:yellow_bed":2,"minecraft:coarse_dirt":1,"epicfight:uchigatana":257,"minecraft:experience_bottle":2},"minecraft:dropped":{"minecraft:enchanted_book":2,"minecraft:wheat_seeds":14,"minecraft:oak_log":1,"minecraft:glass_bottle":1,"minecraft:crafting_table":1,"minecraft:feather":7,"minecraft:cobblestone":4,"minecraft:jungle_planks":20,"minecraft:spruce_stairs":1,"quark:glass_item_frame":1,"sophisticatedbackpacks:gold_backpack":1,"minecraft:stick":5,"minecraft:emerald":1,"minecraft:dirt":4,"minecraft:red_bed":1,"minecraft:torch":7,"minecraft:wooden_axe":1,"minecraft:string":5,"minecraft:spruce_sapling":7,"goblinsanddungeons:scoria_brick_slab":2,"hexerei:animal_fat":1,"hexerei:sage_seed":3,"epicfight:uchigatana":1,"minecraft:white_carpet":3,"minecraft:bowl":2,"untamedwilds:flora_bush_temperate":1,"minecraft:wheat":6,"minecraft:rotten_flesh":14,"minecraft:light_gray_wool":1,"minecraft:cooked_mutton":1,"untamedwilds:food_bear_cooked":3,"minecraft:spruce_fence":1,"minecraft:carrot":1,"minecraft:chainmail_chestplate":1,"minecraft:filled_map":1,"minecraft:poppy":1,"quark:birch_chest":2,"minecraft:ladder":3,"minecraft:oak_sapling":3,"minecraft:leather_leggings":2,"comforts:sleeping_bag_white":1,"minecraft:spruce_slab":1,"minecraft:arrow":17,"minecraft:wooden_pickaxe":1,"minecraft:beef":1,"minecraft:written_book":1,"minecraft:black_wool":1,"minecraft:egg":1},"minecraft:killed_by":{"minecraft:vindicator":1,"goblinsanddungeons:goblin_king":1,"untamedwilds:bear":1,"simple_mobs:giant":1,"majruszsdifficulty:cursed_armor":1},"minecraft:crafted":{"quark:birch_chest":4,"simple_mobs:bundled_emerald":2,"comforts:sleeping_bag_white":1,"minecraft:stone_pickaxe":1,"sophisticatedbackpacks:iron_backpack":1,"paraglider:paraglider":1,"minecraft:emerald":9,"sophisticatedbackpacks:backpack":1,"minecraft:crafting_table":3,"sophisticatedbackpacks:gold_backpack":1,"minecraft:stone_axe":1,"minecraft:air":198,"minecraft:stick":12,"minecraft:iron_pickaxe":1}},"DataVersion":2975}