{"stats":{"minecraft:custom":{"minecraft:interact_with_crafting_table":97,"minecraft:open_barrel":35,"minecraft:eat_cake_slice":10,"minecraft:leave_game":26,"minecraft:time_since_death":8600,"champions:champion_mobs_killed":225,"minecraft:play_time":1333499,"minecraft:deaths":34,"minecraft:jump":12182,"minecraft:interact_with_furnace":7,"minecraft:play_record":4,"minecraft:traded_with_villager":1,"minecraft:sleep_in_bed":24,"minecraft:waystone_activated":10,"minecraft:damage_dealt":64374,"minecraft:inspect_dispenser":3,"minecraft:horse_one_cm":70871,"minecraft:damage_dealt_absorbed":27130,"minecraft:sneak_time":16951,"minecraft:interact_with_lectern":10,"minecraft:total_world_time":1333499,"minecraft:time_since_rest":8634,"minecraft:swim_one_cm":415052,"minecraft:fly_one_cm":2475857,"minecraft:open_chest":225,"minecraft:fall_one_cm":168535,"lootr:looted_stat":122,"minecraft:animals_bred":3,"minecraft:damage_resisted":85,"minecraft:sprint_one_cm":1959287,"minecraft:drop":609,"minecraft:talked_to_villager":5,"minecraft:walk_on_water_one_cm":324718,"minecraft:player_kills":5,"minecraft:crouch_one_cm":75246,"minecraft:mob_kills":341,"minecraft:fill_cauldron":1,"minecraft:interact_with_campfire":92,"minecraft:damage_dealt_resisted":381,"minecraft:climb_one_cm":235015,"minecraft:walk_one_cm":12885081,"minecraft:raid_win":1,"minecraft:walk_under_water_one_cm":380142,"minecraft:boat_one_cm":33823,"minecraft:pot_flower":1,"minecraft:damage_taken":27359,"minecraft:damage_absorbed":25,"minecraft:trigger_trapped_chest":1},"minecraft:broken":{"minecraft:chainmail_boots":2,"minecraft:leather_helmet":1,"wom:iron_greataxe":1,"minecraft:chainmail_leggings":1,"minecraft:chainmail_helmet":1,"minecraft:iron_pickaxe":1,"minecraft:iron_helmet":1,"epicfight:stone_greatsword":1,"minecraft:stone_pickaxe":1,"minecraft:leather_chestplate":2,"minecraft:leather_boots":3,"epicfight:stray_hat":1},"minecraft:killed":{"simple_mobs:imp_melee":2,"alexsmobs:lobster":14,"untamedwilds:large_snake":2,"minecraft:cave_spider":1,"bloodandmadness:ashen_blood_beast_patient":1,"irons_spellbooks:summoned_polar_bear":2,"minecraft:skeleton":51,"hunterillager:hunterillager":3,"bloodandmadness:beast_patient":3,"minecraft:chicken":1,"goblinsanddungeons:garch":1,"ecologics:coconut_crab":1,"savage_and_ravage:creepie":2,"irons_spellbooks:spectral_steed":1,"minecraft:magma_cube":2,"minecraft:pillager":24,"tinyskeletons:baby_skeleton":1,"minecraft:zombie":27,"untamedwilds:bison":1,"alexsmobs:roadrunner":2,"minecraft:cow":17,"undead_revamp2:thehunter":1,"bloodandmadness:cloaked_beast_patient":1,"minecraft:vindicator":16,"simple_mobs:giant":3,"alexsmobs:seagull":1,"minecraft:horse":1,"dannys_expansion:mundane_slime":2,"minecraft:husk":11,"restored_earth:lobber_zombie":2,"majruszsdifficulty:cursed_armor":8,"bloodandmadness:church_doctor_pistol":1,"minecraft:ravager":4,"untamedwilds:big_cat":1,"alexsmobs:catfish":1,"bloodandmadness:church_doctor_crucifix":1,"simple_mobs:goblo":1,"simple_mobs:griffingrab":1,"minecraft:witch":1,"simple_mobs:hobgob":1,"minecraft:spider":8,"dannys_expansion:foamspring":1,"monsterplus:crystal_zombie":4,"quark:forgotten":1,"minecraft:silverfish":23,"minecraft:illusioner":1,"alexsmobs:kangaroo":3,"bloodandmadness:silverbeast":1,"minecraft:pig":9,"simple_mobs:gobber":1,"minecraft:zombie_villager":2,"savage_and_ravage:executioner":1,"untamedwilds:boar":4,"untamedwilds:bear":1,"minecraft:sheep":15,"alexsmobs:terrapin":1,"minecraft:stray":2,"goblinsanddungeons:goblin_king":1,"alexsmobs:bison":1,"alexsmobs:frilled_shark":1,"alexsmobs:flying_fish":4,"restored_earth:bouldering_zombie":3,"mimic:mimic":1,"simple_mobs:gryphon":1,"simple_mobs:ogre":1,"dannys_expansion:desertic_slime":1,"simple_mobs:goom":1,"minecraft:hoglin":1,"minecraft:squid":1,"simple_mobs:gob":8},"minecraft:picked_up":{"minecraft:chainmail_boots":3,"minecraft:flower_pot":2,"minecraft:suspicious_stew":1,"minecraft:lead":4,"minecraft:smithing_table":1,"minecraft:stone_slab":1,"minecraft:brown_bed":2,"minecraft:wither_rose":1,"minecraft:enchanted_book":13,"farmersdelight:cutting_board":1,"paraglider:goddess_statue":1,"minecraft:string":39,"minecraft:cooked_salmon":11,"minecraft:gold_nugget":4,"minecraft:cobbled_deepslate":168,"minecraft:spruce_planks":1,"minecraft:written_book":2,"untamedwilds:hide_bigcat_jaguar":3,"irons_spellbooks:blank_rune":1,"minecraft:melon_slice":220,"ecologics:crab_claw":1,"minecraft:golden_helmet":1,"untamedwilds:flora_common_reed":8,"farmersdelight:chicken_cuts":2,"minecraft:cauldron":1,"monsterplus:crystal_clump":1,"dannys_expansion:gel":2,"minecraft:stone_sword":6,"create:scoria":1,"farmersdelight:onion":14,"minecraft:blaze_rod":1,"bloodandmadness:siderite_nugget":1,"minecraft:iron_bars":11,"alexsmobs:flying_fish":6,"alexsmobs:lobster_tail":7,"minecraft:birch_log":9,"minecraft:feather":7,"minecraft:cooked_beef":33,"untamedwilds:hide_bigcat_puma":2,"minecraft:jungle_log":13,"ecologics:coconut_planks":8,"minecraft:brown_wool":4,"alexsmobs:bison_fur":1,"minecraft:flint":5,"lootr:trophy":2,"untamedwilds:flora_junegrass":3,"farmersdelight:mutton_chops":18,"minecraft:purple_carpet":16,"supplementaries:goblet":3,"minecraft:moss_block":4,"hexerei:animal_fat":15,"paraglider:essence":2,"ecologics:prickly_pear":2,"minecraft:stripped_spruce_log":11,"minecraft:ink_sac":6,"biomemakeover:ghost_town_music_disk":2,"bloodandmadness:bullets/quicksilver_bullet":3,"irons_spellbooks:ice_rune":1,"minecraft:iron_hoe":1,"minecraft:polished_andesite":1,"alexsmobs:kangaroo_hide":1,"supplementaries:bamboo_spikes":1,"minecraft:deepslate":2,"minecraft:lever":1,"minecraft:writable_book":3,"minecraft:bread":13,"minecraft:crafting_table":10,"habitat:kabloom_pulp":1,"minecraft:coarse_dirt":3,"bloodandmadness:twin_blood_stone_shards":1,"minecraft:nether_wart":7,"minecraft:leather_leggings":1,"ecologics:seashell":6,"alexsmobs:cooked_catfish":3,"minecraft:red_bed":1,"supplementaries:globe":2,"epicfight:stray_hat":1,"minecraft:white_carpet":5,"minecraft:iron_shovel":2,"habitat:orange_ball_cactus_flower":1,"untamedwilds:flora_water_hyacinth_item":4,"minecraft:beef":53,"farmersdelight:cod_slice":2,"dannys_expansion:sandy_clothes":2,"minecraft:poppy":6,"minecraft:jungle_sapling":2,"minecraft:iron_nugget":14,"minecraft:spruce_slab":3,"minecraft:chest":1,"minecraft:birch_sapling":4,"minecraft:piston":7,"minecraft:egg":64,"minecraft:sandstone":2,"minecraft:stone":6,"untamedwilds:flora_bush_temperate":2,"minecraft:spruce_fence":2,"minecraft:carrot":26,"minecraft:redstone":14,"untamedwilds:anemone_sand":1,"goblinsanddungeons:goblin_crown":1,"untamedwilds:food_bear_cooked":5,"minecraft:cooked_cod":2,"farmersdelight:cooked_chicken_cuts":1,"minecraft:beetroot_seeds":4,"minecraft:peony":1,"minecraft:shears":1,"untamedwilds:hide_bigcat_leopard":4,"minecraft:hay_block":1,"minecraft:gold_ingot":7,"minecraft:totem_of_undying":1,"minecraft:mutton":27,"minecraft:bone_block":13,"minecraft:white_wool":14,"alexsmobs:kangaroo_meat":3,"minecraft:rail":8,"minecraft:filled_map":3,"minecraft:oak_log":28,"farmersdelight:salmon_slice":28,"minecraft:golden_boots":1,"minecraft:blue_bed":3,"minecraft:paper":2,"minecraft:white_banner":5,"minecraft:apple":4,"minecraft:stone_bricks":4,"minecraft:kelp":36,"minecraft:stone_pickaxe":1,"minecraft:cobweb":12,"minecraft:gray_bed":2,"goblinsanddungeons:scoria":14,"minecraft:polished_andesite_stairs":1,"minecraft:smooth_basalt":3,"simple_mobs:imp_scale":1,"alexsdelight:kangaroo_shank":4,"minecraft:sweet_berries":121,"simple_mobs:ogreliver":1,"minecraft:gravel":35,"minecraft:spruce_sapling":28,"minecraft:spruce_log":16,"minecraft:leather_helmet":1,"immersive_weathering:stone_brick":27,"habitat:red_ball_cactus":1,"minecraft:purple_bed":1,"minecraft:stone_axe":2,"minecraft:gray_wool":1,"pineapple_delight:pineapple_crop":12,"farmersdelight:cooked_salmon_slice":4,"minecraft:melon_seeds":1,"minecraft:ender_pearl":2,"irons_spellbooks:scroll":6,"minecraft:wheat":18,"minecraft:black_carpet":1,"minecraft:raw_copper":68,"minecraft:zombie_head":1,"minecraft:oak_sign":4,"minecraft:deepslate_tiles":3,"minecraft:red_sand":6,"comforts:sleeping_bag_white":4,"alexsmobs:cooked_moose_ribs":2,"minecraft:white_tulip":1,"minecraft:redstone_torch":1,"farmersdelight:cabbage_seeds":8,"bloodandmadness:pure_quicksilver":4,"minecraft:stick":50,"apotheosis:gem":17,"ecologics:walnut_log":8,"majruszsdifficulty:recall_potion":1,"minecraft:brown_terracotta":1,"minecraft:torch":65,"ecologics:coconut_seedling":1,"minecraft:spruce_stairs":2,"quark:yellow_corundum_cluster":1,"minecraft:porkchop":31,"minecraft:dried_kelp":4,"solapplepie:food_book":1,"minecraft:cactus":5,"minecraft:rotten_flesh":80,"farmersdelight:tree_bark":11,"restored_earth:rainbow_wool":1,"ecologics:coconut_log":8,"create:veridium":19,"minecraft:obsidian":12,"untamedwilds:flora_yarrow":3,"minecraft:cod":1,"bloodandmadness:blood_stone_shard":5,"undead_revamp2:arapholia":2,"minecraft:cobblestone":126,"minecraft:enchanting_table":1,"paraglider:paraglider":2,"ecologics:walnut_planks":2,"ecologics:walnut":9,"minecraft:leather_chestplate":1,"untamedwilds:flora_elephant_ear":2,"minecraft:andesite":10,"habitat:pink_ball_cactus":1,"minecraft:potato":7,"paraglider:spirit_orb":1,"minecraft:tuff":4,"create:raw_zinc":22,"supplementaries:flax_seeds":8,"simple_mobs:griffin_feather":3,"minecraft:wither_skeleton_skull":1,"minecraft:lapis_lazuli":46,"minecraft:dirt":27,"minecraft:name_tag":1,"minecraft:leather_boots":5,"minecraft:bone":103,"goblinsanddungeons:scoria_bricks":2,"minecraft:bow":5,"minecraft:wheat_seeds":58,"goblinsanddungeons:scoria_brick_slab":1,"minecraft:raw_gold":14,"minecraft:fletching_table":1,"minecraft:bamboo":49,"minecraft:powered_rail":2,"minecraft:oak_planks":63,"irons_spellbooks:frozen_bone":2,"minecraft:cooked_porkchop":25,"majruszsdifficulty:evoker_fang_scroll":1,"habitat:orange_ball_cactus":1,"minecraft:jungle_planks":5,"untamedwilds:hide_bear_white":2,"alexsmobs:bison_carpet":2,"minecraft:mossy_cobblestone":3,"minecraft:light_gray_concrete":2,"minecraft:diamond":10,"habitat:red_ball_cactus_flower":1,"minecraft:crossbow":3,"minecraft:bone_meal":16,"alexsmobs:moose_ribs":2,"hunterillager:boomerang":3,"minecraft:emerald":39,"minecraft:oak_sapling":22,"untamedwilds:flora_titan_arum_corm":3,"nethersdelight:hoglin_loin":5,"minecraft:charcoal":2,"minecraft:allium":42,"minecraft:chicken":1,"minecraft:ladder":1,"minecraft:stone_brick_wall":2,"minecraft:diamond_horse_armor":1,"minecraft:chain":5,"minecraft:shield":3,"minecraft:iron_axe":3,"untamedwilds:food_bear_raw":4,"supplementaries:statue":1,"minecraft:birch_fence":2,"ecologics:walnut_sapling":4,"bloodandmadness:blood_vial":3,"paraglider:rito_goddess_statue":1,"minecraft:oak_boat":4,"minecraft:player_head":2,"minecraft:light_gray_wool":1,"supplementaries:cage":10,"minecraft:sugar_cane":5,"minecraft:dark_oak_sapling":2,"minecraft:raw_iron":19,"untamedwilds:food_pachyderm_raw":13,"ecologics:coconut_slice":6,"minecraft:bowl":2,"biomemakeover:saguaro_cactus":17,"magistuarmory:iron_pike":5,"untamedwilds:hide_bear_brown":3,"minecraft:iron_horse_armor":3,"bloodandmadness:beastblood_clump":9,"minecraft:dark_oak_planks":1,"hexerei:sage_seed":25,"minecraft:arrow":104,"untamedwilds:flora_amazon_sword":1,"comforts:sleeping_bag_red":1,"bloodandmadness:sanguisteel_nugget":6,"minecraft:saddle":4,"paraglider:horned_statue":1,"minecraft:skeleton_skull":3,"minecraft:air":0,"minecraft:jungle_boat":2,"minecraft:glow_ink_sac":1,"immersive_weathering:moss_clump":1,"minecraft:leather":38,"minecraft:carrot_on_a_stick":1,"minecraft:birch_planks":40,"minecraft:crimson_fungus":32,"minecraft:chainmail_chestplate":1,"minecraft:gunpowder":2,"minecraft:cobblestone_stairs":1,"quark:forgotten_hat":2,"quark:blank_rune":4,"minecraft:cooked_mutton":13,"simple_mobs:lootbag":5,"quark:music_disc_crickets":1,"untamedwilds:material_fat":9,"minecraft:iron_ingot":5,"minecraft:acacia_sapling":2,"minecraft:soul_sand":7,"create:black_seat":1,"habitat:pink_ball_cactus_flower":2,"minecraft:book":1,"minecraft:pumpkin":10,"supplementaries:sack":1,"minecraft:chiseled_stone_bricks":1,"quark:glass_item_frame":2,"waystones:mossy_waystone":1,"minecraft:amethyst_shard":4,"minecraft:white_bed":1,"minecraft:green_carpet":10,"minecraft:spider_eye":6,"alexsmobs:raw_catfish":3,"biomemakeover:foxglove":9,"minecraft:pumpkin_seeds":35,"monsterplus:crystal_shard":5,"simple_mobs:giant_eye_fragment":3,"minecraft:iron_helmet":2,"minecraft:black_wool":1,"minecraft:coal":34},"minecraft:mined":{"minecraft:dark_oak_planks":1,"supplementaries:goblet":3,"minecraft:white_bed":1,"minecraft:obsidian":12,"minecraft:red_sand":3,"create:black_seat":1,"supplementaries:blaze_rod":1,"minecraft:oak_wall_sign":4,"minecraft:nether_wart":3,"minecraft:chiseled_stone_bricks":1,"goblinsanddungeons:urn":1,"minecraft:spawner":19,"minecraft:cobbled_deepslate":9,"minecraft:fire":1,"minecraft:pumpkin":10,"minecraft:deepslate_lapis_ore":6,"supplementaries:globe":2,"minecraft:fletching_table":1,"minecraft:enchanting_table":1,"minecraft:dirt_path":1,"minecraft:small_amethyst_bud":1,"minecraft:light_gray_concrete":3,"minecraft:green_carpet":11,"habitat:flowering_pink_ball_cactus":1,"create:veridium":19,"untamedwilds:anemone_sand":1,"immersive_weathering:oak_leaf_pile":3,"minecraft:player_head":2,"minecraft:tripwire":5,"minecraft:red_bed":2,"minecraft:kelp_plant":6,"minecraft:amethyst_cluster":1,"minecraft:powder_snow":11,"minecraft:torch":18,"minecraft:polished_andesite_stairs":1,"minecraft:melon":44,"create:scoria":1,"minecraft:dead_bush":1,"minecraft:glass":1,"minecraft:sugar_cane":2,"minecraft:skeleton_skull":2,"ecologics:seashell":6,"paraglider:horned_statue":1,"minecraft:wheat":1,"minecraft:potted_poppy":1,"minecraft:grass":70,"quark:yellow_corundum_cluster":1,"minecraft:smooth_basalt":3,"minecraft:piston":7,"minecraft:deepslate":177,"minecraft:infested_deepslate":3,"create:zinc_ore":22,"minecraft:deepslate_tiles":4,"minecraft:mossy_cobblestone":1,"farmersdelight:wild_carrots":27,"minecraft:allium":3,"minecraft:spruce_fence":1,"minecraft:moss_block":1,"goblinsanddungeons:scoria_bricks":2,"farmersdelight:wild_onions":15,"minecraft:redstone_ore":2,"supplementaries:bamboo_spikes":1,"minecraft:andesite":98,"pineapple_delight:pineapple_wild_crop":6,"minecraft:vine":3,"minecraft:bamboo":2,"minecraft:soul_sand":7,"minecraft:emerald_ore":18,"minecraft:campfire":1,"minecraft:copper_ore":7,"minecraft:tall_grass":28,"minecraft:deepslate_gold_ore":13,"immersive_weathering:moss":2,"minecraft:purple_bed":1,"minecraft:coarse_dirt":6,"minecraft:spruce_log":1,"minecraft:gravel":29,"minecraft:cobweb":9,"minecraft:stone_bricks":2,"minecraft:fern":7,"minecraft:infested_stone":6,"undead_revamp2:arapholia":2,"minecraft:spruce_planks":1,"minecraft:cobblestone_stairs":1,"paraglider:rito_goddess_statue":1,"minecraft:grass_block":21,"minecraft:iron_ore":10,"minecraft:black_carpet":1,"minecraft:brown_bed":1,"habitat:flowering_red_ball_cactus":1,"minecraft:iron_bars":4,"minecraft:purple_carpet":6,"biomemakeover:paydirt":2,"minecraft:spruce_slab":2,"minecraft:deepslate_redstone_ore":1,"untamedwilds:flora_water_hyacinth":4,"supplementaries:book_pile":1,"minecraft:medium_amethyst_bud":1,"untamedwilds:flora_common_reed":3,"minecraft:poppy":5,"untamedwilds:flora_elephant_ear":2,"minecraft:cobblestone":45,"biomemakeover:saguaro_cactus":1,"minecraft:oak_planks":4,"minecraft:wall_torch":7,"minecraft:cauldron":1,"minecraft:deepslate_copper_ore":2,"lootr:trophy":1,"farmersdelight:cutting_board":1,"minecraft:oak_log":1,"minecraft:dirt":9,"minecraft:wither_skeleton_skull":1,"minecraft:oak_leaves":27,"minecraft:tuff":13,"ecologics:coconut_planks":6,"minecraft:potted_wither_rose":1,"minecraft:deepslate_diamond_ore":10,"minecraft:glow_lichen":1,"minecraft:ladder":1,"biomemakeover:foxglove":3,"minecraft:spruce_leaves":51,"minecraft:sandstone":2,"minecraft:hay_block":1,"untamedwilds:flora_yarrow":2,"minecraft:carrots":1,"treechop:chopped_log":10,"minecraft:peony":1,"minecraft:deepslate_iron_ore":2,"untamedwilds:flora_cycad":1,"minecraft:stone":123,"minecraft:white_tulip":1,"minecraft:podzol":3,"minecraft:acacia_leaves":3,"supplementaries:statue":1,"minecraft:red_wool":2,"minecraft:polished_granite":1,"goblinsanddungeons:scoria":25,"minecraft:crafting_table":11,"minecraft:stone_slab":1,"supplementaries:sack":1,"minecraft:deepslate_coal_ore":1,"minecraft:lapis_ore":2,"supplementaries:cage":10,"minecraft:blue_bed":4,"supplementaries:urn":9,"minecraft:spruce_stairs":1,"minecraft:cactus":3,"habitat:flowering_orange_ball_cactus":1,"minecraft:sweet_berry_bush":1,"minecraft:ice":2,"minecraft:gray_bed":2,"minecraft:coal_ore":36,"untamedwilds:flora_titan_arum":3,"minecraft:birch_fence":2,"paraglider:goddess_statue":1},"minecraft:dropped":{"irons_spellbooks:rare_ink":1,"minecraft:cooked_beef":41,"minecraft:glow_ink_sac":1,"untamedwilds:material_fat":18,"minecraft:crafting_table":1,"minecraft:cooked_porkchop":1,"minecraft:crossbow":3,"habitat:red_ball_cactus_flower":1,"minecraft:saddle":1,"minecraft:rail":8,"minecraft:leather_helmet":2,"minecraft:emerald":41,"minecraft:dirt":9,"alexsmobs:flying_fish":2,"irons_spellbooks:arcane_essence":30,"minecraft:jungle_sapling":2,"minecraft:chain":5,"minecraft:gold_nugget":4,"minecraft:writable_book":4,"minecraft:bone_block":13,"minecraft:phantom_membrane":4,"minecraft:iron_pickaxe":1,"minecraft:dark_oak_planks":1,"minecraft:white_wool":3,"minecraft:blue_bed":1,"minecraft:bone":6,"goblinsanddungeons:scoria_brick_slab":1,"minecraft:stone_axe":3,"irons_spellbooks:blank_rune":2,"minecraft:iron_nugget":13,"minecraft:golden_chestplate":1,"minecraft:cobbled_deepslate":177,"minecraft:birch_sapling":4,"minecraft:wheat":18,"minecraft:rotten_flesh":42,"minecraft:oak_planks":55,"untamedwilds:food_bear_cooked":6,"supplementaries:flax_seeds":14,"minecraft:deepslate_tiles":2,"alexsmobs:bison_carpet":1,"minecraft:charcoal":2,"apotheosis:gem":7,"quark:blank_rune":2,"pineapple_delight:pineapple_crop":12,"minecraft:leather_boots":5,"minecraft:acacia_sapling":2,"minecraft:leather_leggings":3,"farmersdelight:onion_crate":5,"minecraft:spruce_slab":3,"minecraft:beef":10,"minecraft:egg":10,"minecraft:iron_ingot":8,"minecraft:enchanted_book":3,"minecraft:golden_boots":1,"majruszsdifficulty:recall_potion":1,"minecraft:wheat_seeds":34,"bloodandmadness:sanguisteel_ingot":5,"minecraft:iron_helmet":3,"minecraft:cobblestone":17,"minecraft:apple":9,"minecraft:chainmail_helmet":1,"minecraft:coal":26,"minecraft:cobweb":12,"minecraft:gray_wool":1,"minecraft:ink_sac":4,"minecraft:wooden_axe":1,"minecraft:white_banner":3,"minecraft:chainmail_leggings":2,"minecraft:iron_shovel":1,"minecraft:paper":5,"minecraft:string":15,"nyfsquiver:basic_quiver":1,"minecraft:spruce_sapling":26,"ecologics:coconut_planks":6,"hexerei:sage_seed":23,"minecraft:stone_sword":6,"minecraft:bowl":6,"minecraft:deepslate":2,"untamedwilds:flora_bush_temperate":1,"minecraft:white_carpet":3,"minecraft:iron_boots":1,"sophisticatedbackpacks:backpack":1,"minecraft:stone_slab":1,"minecraft:light_gray_concrete":2,"minecraft:oak_sign":2,"minecraft:spruce_fence":2,"goblinsanddungeons:scoria_bricks":2,"minecraft:pumpkin_seeds":68,"minecraft:suspicious_stew":2,"minecraft:potato":1,"minecraft:stone":6,"minecraft:flower_pot":1,"ecologics:walnut":1,"minecraft:allium":14,"bloodandmadness:sanguisteel_nugget":3,"majruszsdifficulty:evoker_fang_scroll":1,"minecraft:spider_eye":5,"minecraft:stone_bricks":4,"minecraft:bamboo":22,"minecraft:bow":4,"minecraft:red_sand":6,"bloodandmadness:blood_stone_shard":3,"untamedwilds:flora_junegrass":3,"biomemakeover:cowboy_hat":1,"minecraft:black_wool":1,"minecraft:moss_block":4,"minecraft:birch_planks":41,"minecraft:oak_log":13,"minecraft:baked_potato":4,"minecraft:golden_pickaxe":1,"minecraft:ender_pearl":1,"biomemakeover:foxglove":3,"untamedwilds:hide_bear_brown":3,"minecraft:leather":16,"minecraft:jungle_planks":4,"minecraft:iron_horse_armor":3,"minecraft:carrot_on_a_stick":2,"minecraft:birch_slab":3,"minecraft:flint":4,"ecologics:walnut_planks":10,"ecologics:coconut_door":3,"minecraft:cooked_cod":2,"alexsmobs:cooked_catfish":1,"farmersdelight:onion":2,"alexsmobs:cooked_moose_ribs":1,"paraglider:paraglider":2,"solapplepie:food_book":1,"minecraft:gold_ingot":1,"minecraft:gravel":15,"minecraft:white_tulip":1,"minecraft:crimson_fungus":32,"minecraft:cooked_mutton":9,"ecologics:prickly_pear":1,"immersive_weathering:stone_brick":3,"habitat:pink_ball_cactus_flower":2,"minecraft:chainmail_chestplate":2,"magistuarmory:iron_pike":5,"minecraft:poppy":2,"minecraft:leather_chestplate":1,"habitat:orange_ball_cactus_flower":1,"minecraft:melon_seeds":34,"ecologics:coconut_husk":6,"quark:forgotten_hat":2,"minecraft:birch_door":1,"minecraft:chest":1,"minecraft:chainmail_boots":2,"minecraft:iron_bars":7,"minecraft:arrow":1,"minecraft:powered_rail":2,"immersive_weathering:moss_clump":4,"minecraft:purple_carpet":16,"minecraft:stripped_spruce_log":4,"minecraft:golden_helmet":3,"minecraft:mossy_cobblestone":1,"minecraft:smithing_table":1,"ecologics:coconut_seedling":1,"minecraft:lead":2,"wom:iron_greataxe":1,"minecraft:spruce_stairs":1,"quark:glass_item_frame":2,"minecraft:stick":36,"irons_spellbooks:scroll":3,"minecraft:milk_bucket":1,"goblinsanddungeons:scoria":8,"minecraft:torch":28,"minecraft:melon_slice":84,"minecraft:brown_wool":4,"minecraft:iron_leggings":1,"minecraft:green_carpet":10,"minecraft:polished_andesite_stairs":1,"irons_spellbooks:common_ink":1,"minecraft:iron_axe":2,"dannys_expansion:gel":1,"minecraft:tripwire_hook":2,"minecraft:smooth_basalt":3,"goblinsanddungeons:goblin_crown":1,"quark:seed_pouch":1,"minecraft:sweet_berries":17,"epicfight:uchigatana":2,"minecraft:raw_copper":68,"alexsmobs:tarantula_hawk_wing_fragment":1,"minecraft:tuff":2,"minecraft:raw_iron":5,"farmersdelight:cabbage_seeds":16,"minecraft:iron_hoe":2,"minecraft:filled_map":6,"minecraft:shield":4,"minecraft:iron_chestplate":2,"minecraft:andesite":10,"dannys_expansion:sandy_clothes":1,"minecraft:oak_boat":2,"minecraft:oak_sapling":20,"minecraft:golden_sword":1,"minecraft:spruce_log":4,"minecraft:stone_pickaxe":2,"minecraft:wooden_pickaxe":2},"minecraft:used":{"minecraft:peony":1,"minecraft:writable_book":2,"minecraft:ladder":1,"minecraft:black_carpet":1,"minecraft:chest":4,"ecologics:coconut_planks":24,"lootr:trophy":2,"minecraft:rotten_flesh":1,"minecraft:soul_sand":7,"minecraft:lava_bucket":7,"alexsmobs:bison_carpet":1,"biomemakeover:ghost_town_music_disk":2,"supplementaries:bomb_blue":1,"farmersdelight:chicken_cuts":1,"untamedwilds:flora_titan_arum_corm":3,"untamedwilds:carpet_bigcat_leopard":12,"minecraft:rabbit_stew":4,"minecraft:bow":232,"minecraft:sweet_berries":128,"minecraft:oak_sapling":2,"untamedwilds:material_fat":2,"supplementaries:bamboo_spikes_tipped":1,"minecraft:egg":54,"minecraft:potato":7,"untamedwilds:flora_yarrow":1,"minecraft:leather_leggings":1,"minecraft:wooden_pickaxe":5,"quark:music_disc_crickets":1,"untamedwilds:anemone_sand":1,"minecraft:jungle_boat":3,"minecraft:cookie":1,"minecraft:birch_fence":2,"minecraft:deepslate_tiles":1,"magistuarmory:diamond_concavehalberd":35,"minecraft:wooden_sword":3,"minecraft:poisonous_potato":1,"supplementaries:bamboo_spikes":2,"minecraft:oak_boat":3,"minecraft:enchanting_table":1,"alexsmobs:flying_fish_bucket":3,"create:veridium":15,"minecraft:cooked_salmon":8,"minecraft:torch":46,"wom:iron_greataxe":499,"quest_giver:trading_contract_weaponsmith":2,"minecraft:iron_axe":118,"epicfight:stone_greatsword":131,"minecraft:bamboo":25,"minecraft:beef":5,"ecologics:walnut":5,"minecraft:blaze_rod":1,"comforts:sleeping_bag_white":4,"supplementaries:statue":1,"minecraft:cobbled_deepslate":23,"scattered_weapons:soulknife":103,"alexsmobs:cooked_catfish":2,"minecraft:water_bucket":40,"monsterplus:crystal_clump":1,"minecraft:birch_planks":1,"immersive_weathering:moss_clump":6,"minecraft:cauldron":1,"minecraft:fletching_table":1,"minecraft:leather_boots":2,"biomemakeover:foxglove":6,"minecraft:mossy_cobblestone":2,"minecraft:crafting_table":24,"minecraft:red_bed":2,"minecraft:white_bed":2,"minecraft:cake":1,"alexsmobs:flying_fish":1,"minecraft:oak_log":2,"minecraft:diamond_pickaxe":14,"minecraft:iron_pickaxe":429,"minecraft:suspicious_stew":1,"majruszsdifficulty:pillager_treasure_bag":1,"alexsmobs:kangaroo_meat":1,"minecraft:chiseled_stone_bricks":1,"minecraft:cobblestone":96,"minecraft:potion":2,"minecraft:purple_bed":1,"minecraft:porkchop":1,"minecraft:cooked_porkchop":36,"untamedwilds:flora_bush_temperate":1,"minecraft:jukebox":1,"minecraft:iron_shovel":5,"minecraft:carrot_on_a_stick":4,"minecraft:oak_sign":2,"minecraft:nether_wart":4,"minecraft:player_head":2,"supplementaries:globe":3,"minecraft:mutton":8,"minecraft:carrot":106,"ecologics:prickly_pear":1,"minecraft:music_disc_13":1,"minecraft:tuff":2,"minecraft:honey_bottle":2,"alexsmobs:lobster_tail":1,"quark:yellow_corundum_cluster":2,"create:scoria":1,"quest_giver:trading_contract_farmer":2,"ecologics:walnut_planks":2,"farmersdelight:cutting_board":3,"minecraft:gray_bed":2,"minecraft:skeleton_skull":2,"minecraft:dark_oak_sapling":2,"epicfight:skillbook":1,"minecraft:wither_skeleton_skull":1,"minecraft:stone_pickaxe":345,"minecraft:oak_planks":3,"minecraft:sandstone":2,"minecraft:blue_bed":2,"minecraft:sugar_cane":8,"minecraft:mushroom_stew":1,"minecraft:shears":6,"minecraft:redstone_torch":1,"alexsmobs:terrapin_bucket":2,"minecraft:melon_slice":89,"minecraft:bread":26,"farmersdelight:cooked_chicken_cuts":1,"minecraft:gravel":15,"minecraft:golden_helmet":1,"ecologics:coconut_slice":6,"alexsmobs:cooked_moose_ribs":1,"minecraft:air":1,"minecraft:coarse_dirt":3,"untamedwilds:flora_elephant_ear":2,"minecraft:bone_meal":16,"minecraft:experience_bottle":3,"farmersdelight:salmon_slice":2,"restored_earth:rainbow_wool":1,"minecraft:flint_and_steel":1,"minecraft:redstone":3,"minecraft:dried_kelp":4,"comforts:sleeping_bag_red":1,"minecraft:spruce_planks":13,"minecraft:spyglass":2,"minecraft:dirt":18,"minecraft:white_carpet":5,"minecraft:spruce_stairs":1,"minecraft:birch_door":2,"minecraft:brown_terracotta":1,"paraglider:horned_statue":1,"minecraft:wooden_axe":20,"untamedwilds:food_bear_cooked":4,"create:black_seat":1,"paraglider:rito_goddess_statue":2,"alexsmobs:lobster_bucket":14,"minecraft:cooked_beef":33,"minecraft:brown_bed":2,"minecraft:cooked_mutton":4,"supplementaries:sack":2,"minecraft:cobblestone_stairs":1,"minecraft:polished_andesite":1,"minecraft:baked_potato":5,"minecraft:birch_boat":1,"ecologics:walnut_sapling":4,"untamedwilds:flora_common_reed":8,"untamedwilds:food_bear_raw":1,"farmersdelight:onion":36,"minecraft:piston":8,"minecraft:flower_pot":1,"supplementaries:cage":23,"minecraft:apple":14,"waystones:mossy_waystone":1,"minecraft:stone_axe":12,"minecraft:bucket":67},"minecraft:killed_by":{"minecraft:piglin_brute":1,"minecraft:pillager":5,"minecraft:vindicator":2,"minecraft:zombie":1,"majruszsdifficulty:cursed_armor":2,"minecraft:husk":1,"simple_mobs:dark_elemental":1,"simple_mobs:gob":1,"bloodandmadness:silverbeast":1,"quark:forgotten":1,"simple_mobs:imp_melee":1,"simple_mobs:corrupted_ogre":3,"minecraft:player":2,"simple_mobs:lost_eye_ogre":1,"minecraft:hoglin":1,"minecraft:skeleton":6},"minecraft:crafted":{"quark:birch_chest":2,"paraglider:rito_goddess_statue":1,"ecologics:walnut_planks":4,"minecraft:birch_boat":1,"minecraft:birch_slab":6,"untamedwilds:carpet_bigcat_leopard":6,"wom:iron_greataxe":2,"minecraft:melon_seeds":6,"untamedwilds:material_fat":1,"minecraft:birch_door":3,"minecraft:magenta_dye":1,"bloodandmadness:sanguisteel_ingot":4,"hexerei:book_of_shadows":1,"farmersdelight:iron_knife":1,"minecraft:jungle_boat":1,"supplementaries:cage":1,"waystones:warp_stone":1,"quark:oak_chest":3,"minecraft:iron_pickaxe":1,"minecraft:iron_block":7,"minecraft:gold_ingot":18,"comforts:sleeping_bag_red":1,"minecraft:jukebox":1,"comforts:sleeping_bag_white":1,"quark:jungle_chest":1,"ecologics:coconut_door":3,"minecraft:white_carpet":3,"minecraft:stone_pickaxe":3,"minecraft:red_bed":1,"sophisticatedbackpacks:gold_backpack":1,"minecraft:wooden_axe":2,"minecraft:white_bed":1,"minecraft:bow":1,"magistuarmory:diamond_concavehalberd":1,"minecraft:chest":3,"magistuarmory:pole":1,"bloodandmadness:reinforced_handle":1,"sophisticatedbackpacks:backpack":2,"minecraft:crafting_table":13,"minecraft:wooden_pickaxe":2,"minecraft:gold_block":1,"minecraft:pumpkin_seeds":12,"farmersdelight:cutting_board":2,"minecraft:diamond_pickaxe":1,"minecraft:paper":3,"minecraft:stick":33,"minecraft:iron_ingot":18,"magistuarmory:leather_strip":6,"minecraft:wooden_sword":1,"minecraft:flint_and_steel":1,"magistuarmory:hilt":2,"simple_mobs:lycanthrope_elixir":1,"sophisticatedbackpacks:iron_backpack":1,"paraglider:paraglider":2,"minecraft:red_dye":1,"minecraft:air":795,"minecraft:oak_boat":1,"nyfsquiver:basic_quiver":2,"minecraft:torch":4,"bloodandmadness:weapons/hunter_pistol":1}},"DataVersion":2975}