{"stats":{"minecraft:dropped":{"minecraft:wooden_axe":1,"minecraft:wooden_pickaxe":2,"minecraft:cooked_mutton":4},"minecraft:crafted":{"minecraft:crafting_table":1,"minecraft:stick":8,"minecraft:stone_pickaxe":1,"minecraft:wooden_pickaxe":2,"minecraft:wooden_axe":2,"minecraft:air":40},"minecraft:custom":{"lootr:looted_stat":4,"minecraft:time_since_rest":28354,"minecraft:sprint_one_cm":15808,"champions:champion_mobs_killed":6,"minecraft:damage_taken":281,"minecraft:walk_one_cm":299034,"minecraft:mob_kills":14,"minecraft:drop":4,"minecraft:damage_dealt":1611,"minecraft:interact_with_crafting_table":6,"minecraft:fly_one_cm":15551,"minecraft:open_barrel":2,"minecraft:interact_with_campfire":8,"minecraft:crouch_one_cm":486,"minecraft:play_time":28354,"minecraft:sneak_time":43,"minecraft:walk_under_water_one_cm":3430,"minecraft:jump":288,"minecraft:leave_game":1,"minecraft:walk_on_water_one_cm":3119,"minecraft:time_since_death":28354,"minecraft:climb_one_cm":1772,"minecraft:total_world_time":28354,"minecraft:fall_one_cm":1279},"minecraft:picked_up":{"hexerei:animal_fat":1,"minecraft:stick":2,"minecraft:crafting_table":2,"minecraft:cooked_porkchop":4,"minecraft:jungle_log":10,"minecraft:leather":2,"minecraft:porkchop":5,"paraglider:spirit_orb":1,"minecraft:dirt":1,"minecraft:cooked_mutton":8,"dannys_expansion:gel":1,"minecraft:iron_shovel":1,"minecraft:bone":2,"minecraft:arrow":4,"minecraft:rotten_flesh":4,"minecraft:beef":4,"minecraft:totem_of_undying":1,"minecraft:black_wool":1,"minecraft:mutton":6,"minecraft:white_wool":3,"minecraft:cobblestone":5},"minecraft:used":{"minecraft:wooden_axe":2,"minecraft:bread":6,"minecraft:wooden_pickaxe":5,"epicfight:stone_greatsword":18,"minecraft:spyglass":2,"minecraft:dirt":1,"minecraft:crafting_table":2},"minecraft:killed":{"minecraft:skeleton":1,"minecraft:sheep":4,"dannys_expansion:mundane_slime":1,"minecraft:pig":2,"restored_earth:lobber_zombie":1,"minecraft:zombie_villager":2,"restored_earth:bouldering_zombie":1,"minecraft:cow":2},"minecraft:mined":{"treechop:chopped_log":1,"minecraft:crafting_table":2,"minecraft:grass":1,"minecraft:grass_block":1,"minecraft:vine":1,"minecraft:stone":5}},"DataVersion":2975}