{"stats":{"minecraft:killed_by":{"minecraft:pillager":2,"minecraft:vindicator":1,"minecraft:skeleton":1,"simple_mobs:gob":1},"minecraft:custom":{"lootr:looted_stat":29,"minecraft:interact_with_crafting_table":29,"minecraft:open_barrel":2,"minecraft:eat_cake_slice":7,"minecraft:leave_game":8,"minecraft:time_since_death":69085,"champions:champion_mobs_killed":68,"minecraft:sprint_one_cm":740659,"minecraft:drop":183,"minecraft:talked_to_villager":2,"minecraft:play_time":426431,"minecraft:deaths":5,"minecraft:jump":4582,"minecraft:walk_on_water_one_cm":134463,"minecraft:interact_with_furnace":3,"minecraft:sleep_in_bed":8,"minecraft:waystone_activated":6,"minecraft:damage_dealt":16835,"minecraft:player_kills":2,"minecraft:crouch_one_cm":19046,"minecraft:horse_one_cm":13352,"minecraft:mob_kills":107,"minecraft:interact_with_campfire":35,"minecraft:climb_one_cm":31719,"minecraft:walk_one_cm":4883391,"minecraft:damage_dealt_absorbed":2227,"minecraft:sneak_time":3676,"minecraft:walk_under_water_one_cm":131881,"minecraft:boat_one_cm":30844,"minecraft:total_world_time":426431,"minecraft:time_since_rest":69117,"minecraft:damage_taken":5845,"minecraft:trigger_trapped_chest":1,"minecraft:swim_one_cm":168492,"minecraft:fly_one_cm":617859,"minecraft:open_chest":8,"minecraft:fall_one_cm":58643},"minecraft:dropped":{"minecraft:moss_block":4,"minecraft:cooked_beef":6,"minecraft:oak_log":3,"minecraft:crafting_table":1,"untamedwilds:hide_bear_brown":3,"minecraft:leather":5,"minecraft:jungle_planks":1,"minecraft:rail":8,"minecraft:carrot_on_a_stick":2,"minecraft:leather_helmet":1,"minecraft:emerald":8,"minecraft:flint":1,"ecologics:walnut_planks":4,"minecraft:dirt":3,"minecraft:chain":5,"minecraft:writable_book":3,"solapplepie:food_book":1,"minecraft:blue_bed":1,"goblinsanddungeons:scoria_brick_slab":1,"minecraft:gravel":5,"minecraft:stone_axe":1,"minecraft:birch_sapling":4,"minecraft:rotten_flesh":8,"minecraft:oak_planks":53,"minecraft:cooked_mutton":9,"untamedwilds:food_bear_cooked":5,"minecraft:chainmail_chestplate":1,"magistuarmory:iron_pike":5,"minecraft:leather_boots":4,"minecraft:chest":1,"minecraft:chainmail_boots":1,"minecraft:leather_leggings":1,"minecraft:powered_rail":2,"minecraft:beef":10,"minecraft:enchanted_book":3,"minecraft:iron_ingot":8,"minecraft:stripped_spruce_log":4,"minecraft:wheat_seeds":5,"minecraft:golden_helmet":2,"minecraft:cobblestone":2,"minecraft:chainmail_helmet":1,"minecraft:coal":9,"quark:glass_item_frame":2,"minecraft:stick":21,"minecraft:cobweb":12,"minecraft:torch":1,"minecraft:wooden_axe":1,"minecraft:polished_andesite_stairs":1,"minecraft:white_banner":3,"minecraft:iron_axe":2,"minecraft:paper":4,"minecraft:string":13,"minecraft:tripwire_hook":2,"minecraft:spruce_sapling":26,"goblinsanddungeons:goblin_crown":1,"minecraft:sweet_berries":17,"hexerei:sage_seed":9,"minecraft:bowl":4,"untamedwilds:flora_bush_temperate":1,"minecraft:white_carpet":3,"minecraft:iron_hoe":2,"goblinsanddungeons:scoria_bricks":2,"minecraft:pumpkin_seeds":13,"minecraft:filled_map":4,"minecraft:shield":1,"minecraft:allium":11,"minecraft:oak_boat":1,"minecraft:oak_sapling":7,"minecraft:stone_bricks":2,"minecraft:spider_eye":3,"minecraft:spruce_log":4,"bloodandmadness:blood_stone_shard":1,"minecraft:stone_pickaxe":1,"minecraft:wooden_pickaxe":2,"untamedwilds:flora_junegrass":3,"minecraft:black_wool":1},"minecraft:used":{"minecraft:peony":1,"minecraft:writable_book":2,"minecraft:carrot_on_a_stick":4,"minecraft:chest":1,"minecraft:mutton":7,"minecraft:carrot":21,"create:scoria":1,"quest_giver:trading_contract_farmer":2,"minecraft:rabbit_stew":4,"farmersdelight:cutting_board":2,"minecraft:bow":55,"minecraft:sweet_berries":49,"minecraft:oak_sapling":2,"minecraft:gray_bed":2,"untamedwilds:material_fat":1,"minecraft:egg":1,"minecraft:dark_oak_sapling":1,"minecraft:leather_leggings":1,"minecraft:stone_pickaxe":4,"minecraft:wooden_pickaxe":5,"minecraft:blue_bed":1,"untamedwilds:anemone_sand":1,"minecraft:shears":6,"minecraft:bread":17,"minecraft:wooden_sword":3,"minecraft:oak_boat":1,"minecraft:coarse_dirt":3,"minecraft:experience_bottle":1,"minecraft:spruce_planks":12,"minecraft:torch":9,"minecraft:spyglass":2,"minecraft:dirt":5,"minecraft:white_carpet":5,"wom:iron_greataxe":49,"minecraft:wooden_axe":20,"untamedwilds:food_bear_cooked":2,"minecraft:iron_axe":5,"epicfight:stone_greatsword":131,"minecraft:beef":4,"minecraft:blaze_rod":1,"minecraft:cooked_beef":18,"minecraft:cooked_mutton":4,"minecraft:leather_boots":1,"farmersdelight:onion":23,"minecraft:crafting_table":13,"minecraft:white_bed":2,"minecraft:cake":1,"minecraft:apple":1,"waystones:mossy_waystone":1,"minecraft:iron_pickaxe":86,"minecraft:stone_axe":12,"minecraft:purple_bed":1,"minecraft:cooked_porkchop":7,"untamedwilds:flora_bush_temperate":1},"minecraft:broken":{"minecraft:leather_chestplate":1,"epicfight:stone_greatsword":1},"minecraft:killed":{"minecraft:cave_spider":1,"simple_mobs:hobgob":1,"minecraft:spider":3,"minecraft:skeleton":2,"bloodandmadness:beast_patient":1,"goblinsanddungeons:garch":1,"minecraft:silverfish":19,"minecraft:pig":4,"simple_mobs:gobber":1,"minecraft:zombie_villager":2,"untamedwilds:boar":1,"minecraft:sheep":6,"minecraft:pillager":11,"minecraft:zombie":1,"alexsmobs:terrapin":1,"minecraft:cow":12,"minecraft:vindicator":10,"dannys_expansion:mundane_slime":2,"goblinsanddungeons:goblin_king":1,"alexsmobs:bison":1,"restored_earth:bouldering_zombie":2,"mimic:mimic":1,"restored_earth:lobber_zombie":1,"simple_mobs:goom":1,"alexsmobs:catfish":1,"simple_mobs:goblo":1,"simple_mobs:gob":8},"minecraft:mined":{"undead_revamp2:arapholia":2,"supplementaries:goblet":3,"minecraft:white_bed":1,"minecraft:grass_block":9,"supplementaries:blaze_rod":1,"minecraft:nether_wart":3,"goblinsanddungeons:urn":1,"minecraft:spawner":1,"minecraft:iron_ore":1,"minecraft:pumpkin":7,"minecraft:fletching_table":1,"untamedwilds:anemone_sand":1,"minecraft:deepslate_redstone_ore":1,"untamedwilds:flora_water_hyacinth":4,"minecraft:red_bed":1,"supplementaries:book_pile":1,"minecraft:amethyst_cluster":1,"minecraft:powder_snow":7,"minecraft:torch":7,"untamedwilds:flora_common_reed":1,"minecraft:polished_andesite_stairs":1,"minecraft:melon":2,"create:scoria":1,"minecraft:dead_bush":1,"minecraft:cobblestone":1,"minecraft:sugar_cane":2,"minecraft:deepslate_copper_ore":2,"minecraft:skeleton_skull":2,"farmersdelight:cutting_board":1,"minecraft:grass":31,"minecraft:oak_log":1,"minecraft:dirt":1,"minecraft:wither_skeleton_skull":1,"minecraft:oak_leaves":3,"create:zinc_ore":22,"farmersdelight:wild_carrots":9,"minecraft:allium":1,"minecraft:moss_block":1,"goblinsanddungeons:scoria_bricks":2,"minecraft:hay_block":1,"farmersdelight:wild_onions":14,"minecraft:redstone_ore":2,"treechop:chopped_log":4,"minecraft:peony":1,"pineapple_delight:pineapple_wild_crop":4,"minecraft:vine":1,"minecraft:bamboo":2,"minecraft:stone":11,"minecraft:red_wool":2,"minecraft:soul_sand":4,"minecraft:crafting_table":8,"minecraft:copper_ore":7,"minecraft:tall_grass":17,"minecraft:lapis_ore":2,"supplementaries:cage":1,"minecraft:blue_bed":2,"minecraft:purple_bed":1,"minecraft:coarse_dirt":3,"minecraft:sweet_berry_bush":1,"minecraft:ice":2,"minecraft:gray_bed":2,"minecraft:coal_ore":23,"untamedwilds:flora_titan_arum":1,"minecraft:gravel":9,"minecraft:cobweb":9,"minecraft:stone_bricks":1,"minecraft:infested_stone":3,"minecraft:fern":2},"minecraft:picked_up":{"minecraft:chainmail_boots":1,"minecraft:enchanted_book":4,"farmersdelight:cutting_board":1,"minecraft:string":25,"minecraft:raw_copper":34,"minecraft:written_book":1,"minecraft:melon_slice":14,"minecraft:golden_helmet":1,"minecraft:stick":37,"apotheosis:gem":2,"ecologics:walnut_log":3,"minecraft:torch":22,"minecraft:porkchop":9,"solapplepie:food_book":1,"dannys_expansion:gel":1,"minecraft:rotten_flesh":15,"create:scoria":1,"farmersdelight:tree_bark":11,"farmersdelight:onion":12,"minecraft:blaze_rod":1,"untamedwilds:flora_yarrow":2,"bloodandmadness:blood_stone_shard":1,"undead_revamp2:arapholia":2,"minecraft:cobblestone":12,"ecologics:walnut_planks":2,"ecologics:walnut":6,"minecraft:cooked_beef":24,"minecraft:jungle_log":10,"alexsmobs:bison_fur":1,"paraglider:spirit_orb":1,"minecraft:flint":2,"create:raw_zinc":22,"minecraft:wither_skeleton_skull":1,"minecraft:lapis_lazuli":13,"minecraft:dirt":8,"untamedwilds:flora_junegrass":3,"minecraft:leather_boots":2,"minecraft:bone":7,"goblinsanddungeons:scoria_bricks":2,"supplementaries:goblet":3,"goblinsanddungeons:scoria_brick_slab":1,"minecraft:wheat_seeds":15,"minecraft:fletching_table":1,"minecraft:bamboo":27,"minecraft:powered_rail":2,"minecraft:moss_block":4,"minecraft:oak_planks":49,"hexerei:animal_fat":8,"minecraft:cooked_porkchop":7,"paraglider:essence":1,"minecraft:stripped_spruce_log":11,"minecraft:iron_hoe":1,"minecraft:writable_book":3,"minecraft:crossbow":1,"minecraft:emerald":4,"minecraft:oak_sapling":9,"untamedwilds:flora_titan_arum_corm":1,"minecraft:crafting_table":7,"minecraft:coarse_dirt":3,"minecraft:allium":38,"minecraft:nether_wart":4,"minecraft:stone_brick_wall":2,"minecraft:chain":5,"minecraft:shield":1,"minecraft:iron_axe":2,"minecraft:white_carpet":5,"minecraft:iron_shovel":1,"ecologics:walnut_sapling":3,"bloodandmadness:blood_vial":2,"untamedwilds:flora_water_hyacinth_item":4,"minecraft:beef":38,"minecraft:oak_boat":2,"minecraft:iron_nugget":2,"supplementaries:cage":1,"minecraft:chest":1,"minecraft:sugar_cane":5,"minecraft:birch_sapling":4,"minecraft:egg":11,"minecraft:dark_oak_sapling":1,"minecraft:raw_iron":1,"minecraft:bowl":1,"untamedwilds:flora_bush_temperate":2,"magistuarmory:iron_pike":5,"untamedwilds:hide_bear_brown":3,"minecraft:carrot":9,"minecraft:redstone":14,"untamedwilds:anemone_sand":1,"goblinsanddungeons:goblin_crown":1,"bloodandmadness:beastblood_clump":2,"hexerei:sage_seed":11,"untamedwilds:food_bear_cooked":2,"minecraft:arrow":25,"minecraft:beetroot_seeds":4,"minecraft:peony":1,"minecraft:shears":1,"untamedwilds:hide_bigcat_leopard":2,"minecraft:hay_block":1,"minecraft:totem_of_undying":1,"minecraft:gold_ingot":2,"minecraft:mutton":11,"minecraft:white_wool":5,"minecraft:skeleton_skull":2,"minecraft:rail":8,"minecraft:leather":12,"minecraft:carrot_on_a_stick":1,"minecraft:filled_map":1,"minecraft:oak_log":11,"minecraft:paper":2,"minecraft:blue_bed":2,"minecraft:white_banner":5,"minecraft:cooked_mutton":13,"minecraft:apple":1,"minecraft:stone_bricks":2,"untamedwilds:material_fat":3,"minecraft:iron_ingot":5,"minecraft:cobweb":12,"minecraft:gray_bed":2,"minecraft:soul_sand":4,"minecraft:polished_andesite_stairs":1,"minecraft:sweet_berries":55,"minecraft:pumpkin":7,"quark:glass_item_frame":2,"waystones:mossy_waystone":1,"minecraft:gravel":10,"minecraft:amethyst_shard":4,"minecraft:spruce_sapling":26,"minecraft:white_bed":1,"minecraft:spruce_log":15,"minecraft:spider_eye":3,"immersive_weathering:stone_brick":1,"alexsmobs:raw_catfish":3,"minecraft:pumpkin_seeds":11,"minecraft:purple_bed":1,"pineapple_delight:pineapple_crop":5,"minecraft:black_wool":1,"minecraft:coal":23,"minecraft:ender_pearl":1},"minecraft:crafted":{"ecologics:walnut_planks":4,"minecraft:bow":1,"wom:iron_greataxe":1,"minecraft:chest":2,"untamedwilds:material_fat":1,"sophisticatedbackpacks:backpack":1,"minecraft:crafting_table":6,"minecraft:wooden_pickaxe":2,"farmersdelight:cutting_board":2,"minecraft:paper":3,"minecraft:stick":24,"quark:oak_chest":1,"minecraft:iron_pickaxe":1,"minecraft:wooden_sword":1,"quark:jungle_chest":1,"minecraft:white_carpet":3,"minecraft:stone_pickaxe":1,"sophisticatedbackpacks:iron_backpack":1,"paraglider:paraglider":1,"sophisticatedbackpacks:gold_backpack":1,"minecraft:air":141,"minecraft:wooden_axe":2,"minecraft:white_bed":1,"minecraft:torch":4}},"DataVersion":2975}