{"stats":{"minecraft:mined":{"undead_revamp2:arapholia":2,"minecraft:white_bed":1,"farmersdelight:wild_carrots":9,"minecraft:crafting_table":3,"minecraft:allium":1,"minecraft:grass_block":6,"minecraft:tall_grass":13,"minecraft:hay_block":1,"farmersdelight:wild_onions":14,"treechop:chopped_log":2,"minecraft:pumpkin":7,"minecraft:fletching_table":1,"minecraft:grass":19,"pineapple_delight:pineapple_wild_crop":4,"minecraft:vine":1,"minecraft:gravel":2,"minecraft:cobweb":9,"minecraft:stone":5,"untamedwilds:anemone_sand":1},"minecraft:killed_by":{"minecraft:pillager":1},"minecraft:used":{"minecraft:leather_leggings":1,"minecraft:carrot_on_a_stick":4,"minecraft:wooden_pickaxe":5,"minecraft:leather_boots":1,"untamedwilds:anemone_sand":1,"farmersdelight:onion":2,"minecraft:dirt":2,"minecraft:spyglass":2,"minecraft:crafting_table":6,"minecraft:carrot":11,"minecraft:white_bed":1,"minecraft:shears":6,"minecraft:wooden_axe":20,"minecraft:apple":1,"minecraft:bread":7,"quest_giver:trading_contract_farmer":1,"epicfight:stone_greatsword":49,"minecraft:wooden_sword":3,"farmersdelight:cutting_board":1,"minecraft:cooked_porkchop":4,"untamedwilds:material_fat":1,"minecraft:oak_boat":1},"minecraft:dropped":{"minecraft:gravel":2,"minecraft:stripped_spruce_log":4,"hexerei:sage_seed":3,"minecraft:wheat_seeds":3,"minecraft:rotten_flesh":8,"minecraft:cobblestone":2,"minecraft:oak_planks":16,"minecraft:leather":3,"minecraft:jungle_planks":1,"minecraft:cooked_mutton":4,"minecraft:carrot_on_a_stick":1,"minecraft:cobweb":12,"minecraft:stick":3,"minecraft:allium":11,"minecraft:wooden_axe":1,"minecraft:oak_sapling":3,"minecraft:spider_eye":1,"minecraft:spruce_log":4,"minecraft:wooden_pickaxe":2,"bloodandmadness:blood_stone_shard":1,"minecraft:spruce_sapling":1,"solapplepie:food_book":1,"minecraft:black_wool":1},"minecraft:picked_up":{"minecraft:allium":38,"minecraft:crafting_table":3,"minecraft:jungle_log":10,"minecraft:leather":8,"minecraft:carrot_on_a_stick":1,"alexsmobs:bison_fur":1,"paraglider:spirit_orb":1,"minecraft:oak_log":7,"minecraft:dirt":5,"minecraft:string":4,"minecraft:cooked_mutton":8,"minecraft:iron_shovel":1,"minecraft:bone":2,"minecraft:apple":1,"bloodandmadness:blood_vial":1,"untamedwilds:material_fat":2,"minecraft:wheat_seeds":3,"minecraft:beef":27,"minecraft:cobweb":12,"minecraft:oak_boat":1,"minecraft:fletching_table":1,"minecraft:oak_planks":16,"minecraft:egg":4,"hexerei:animal_fat":8,"minecraft:stick":10,"minecraft:cooked_porkchop":4,"minecraft:pumpkin":7,"minecraft:sweet_berries":24,"minecraft:gravel":4,"minecraft:porkchop":9,"magistuarmory:iron_pike":1,"minecraft:stripped_spruce_log":4,"minecraft:spruce_sapling":1,"minecraft:carrot":9,"solapplepie:food_book":1,"minecraft:white_bed":1,"minecraft:spruce_log":8,"untamedwilds:anemone_sand":1,"minecraft:spider_eye":2,"minecraft:arrow":4,"hexerei:sage_seed":3,"dannys_expansion:gel":1,"minecraft:rotten_flesh":11,"farmersdelight:onion":12,"farmersdelight:tree_bark":4,"untamedwilds:hide_bigcat_leopard":2,"minecraft:shears":1,"minecraft:hay_block":1,"minecraft:emerald":1,"minecraft:totem_of_undying":1,"minecraft:oak_sapling":3,"pineapple_delight:pineapple_crop":5,"minecraft:black_wool":1,"undead_revamp2:arapholia":2,"minecraft:mutton":6,"bloodandmadness:blood_stone_shard":1,"minecraft:white_wool":3,"minecraft:cobblestone":5,"minecraft:ender_pearl":1},"minecraft:killed":{"minecraft:cave_spider":1,"minecraft:pig":4,"restored_earth:lobber_zombie":1,"minecraft:zombie_villager":2,"minecraft:vindicator":1,"untamedwilds:boar":1,"minecraft:sheep":4,"dannys_expansion:mundane_slime":2,"minecraft:skeleton":1,"bloodandmadness:beast_patient":1,"alexsmobs:bison":1,"restored_earth:bouldering_zombie":2,"minecraft:cow":10},"minecraft:custom":{"lootr:looted_stat":7,"minecraft:mob_kills":33,"minecraft:interact_with_crafting_table":17,"minecraft:open_barrel":2,"minecraft:interact_with_campfire":8,"minecraft:leave_game":2,"minecraft:time_since_death":48687,"minecraft:sleep_in_bed":2,"minecraft:climb_one_cm":2034,"minecraft:time_since_rest":41842,"minecraft:waystone_activated":3,"champions:champion_mobs_killed":10,"minecraft:sprint_one_cm":158131,"minecraft:damage_taken":946,"minecraft:walk_one_cm":1321185,"minecraft:drop":33,"minecraft:damage_dealt":4700,"minecraft:swim_one_cm":22800,"minecraft:talked_to_villager":1,"minecraft:fly_one_cm":186155,"minecraft:open_chest":1,"minecraft:crouch_one_cm":4336,"minecraft:play_time":105059,"minecraft:sneak_time":683,"minecraft:deaths":1,"minecraft:walk_under_water_one_cm":21193,"minecraft:boat_one_cm":30844,"minecraft:jump":1325,"minecraft:walk_on_water_one_cm":21696,"minecraft:total_world_time":105059,"minecraft:fall_one_cm":15989,"minecraft:horse_one_cm":6968},"minecraft:crafted":{"minecraft:wooden_sword":1,"sophisticatedbackpacks:backpack":1,"minecraft:crafting_table":3,"minecraft:wooden_pickaxe":2,"quark:jungle_chest":1,"minecraft:air":107,"farmersdelight:cutting_board":1,"minecraft:paper":1,"minecraft:stick":12,"quark:oak_chest":1,"minecraft:stone_pickaxe":1,"minecraft:wooden_axe":2,"minecraft:chest":2,"untamedwilds:material_fat":1,"minecraft:white_bed":1}},"DataVersion":2975}