{"stats":{"minecraft:killed_by":{"minecraft:piglin_brute":1,"minecraft:pillager":2,"minecraft:vindicator":2,"majruszsdifficulty:cursed_armor":2,"minecraft:player":1,"simple_mobs:dark_elemental":1,"minecraft:skeleton":2,"simple_mobs:gob":1},"minecraft:used":{"minecraft:peony":1,"minecraft:writable_book":2,"minecraft:carrot_on_a_stick":4,"minecraft:chest":2,"minecraft:nether_wart":4,"minecraft:soul_sand":7,"minecraft:mutton":7,"minecraft:carrot":76,"minecraft:tuff":2,"minecraft:lava_bucket":7,"alexsmobs:bison_carpet":1,"create:scoria":1,"quest_giver:trading_contract_farmer":2,"untamedwilds:carpet_bigcat_leopard":6,"minecraft:rabbit_stew":4,"farmersdelight:cutting_board":2,"minecraft:bow":84,"minecraft:sweet_berries":84,"minecraft:oak_sapling":2,"minecraft:gray_bed":2,"untamedwilds:material_fat":1,"minecraft:skeleton_skull":2,"minecraft:egg":14,"minecraft:potato":6,"minecraft:dark_oak_sapling":2,"untamedwilds:flora_yarrow":1,"epicfight:skillbook":1,"minecraft:leather_leggings":1,"minecraft:wither_skeleton_skull":1,"minecraft:stone_pickaxe":277,"minecraft:wooden_pickaxe":5,"minecraft:blue_bed":2,"untamedwilds:anemone_sand":1,"minecraft:jungle_boat":2,"minecraft:shears":6,"minecraft:deepslate_tiles":1,"minecraft:melon_slice":65,"minecraft:bread":19,"minecraft:gravel":1,"minecraft:golden_helmet":1,"minecraft:wooden_sword":3,"minecraft:oak_boat":1,"minecraft:coarse_dirt":3,"minecraft:experience_bottle":3,"alexsmobs:flying_fish_bucket":2,"create:veridium":1,"minecraft:spruce_planks":13,"minecraft:torch":24,"minecraft:spyglass":2,"minecraft:dirt":9,"minecraft:white_carpet":5,"minecraft:brown_terracotta":1,"wom:iron_greataxe":243,"paraglider:horned_statue":1,"minecraft:wooden_axe":20,"quest_giver:trading_contract_weaponsmith":2,"create:black_seat":1,"untamedwilds:food_bear_cooked":2,"minecraft:iron_axe":36,"epicfight:stone_greatsword":131,"paraglider:rito_goddess_statue":2,"minecraft:beef":4,"minecraft:blaze_rod":1,"minecraft:cooked_beef":25,"minecraft:cobbled_deepslate":2,"minecraft:cooked_mutton":4,"alexsmobs:cooked_catfish":2,"minecraft:water_bucket":8,"minecraft:polished_andesite":1,"minecraft:cauldron":1,"minecraft:fletching_table":1,"minecraft:leather_boots":2,"farmersdelight:onion":23,"minecraft:crafting_table":19,"minecraft:red_bed":1,"minecraft:white_bed":2,"minecraft:cake":1,"minecraft:oak_log":2,"supplementaries:cage":12,"minecraft:apple":5,"waystones:mossy_waystone":1,"minecraft:iron_pickaxe":167,"majruszsdifficulty:pillager_treasure_bag":1,"minecraft:stone_axe":12,"minecraft:cobblestone":60,"minecraft:purple_bed":1,"minecraft:cooked_porkchop":7,"untamedwilds:flora_bush_temperate":1,"minecraft:bucket":18},"minecraft:dropped":{"minecraft:moss_block":4,"minecraft:cooked_beef":19,"minecraft:oak_log":11,"minecraft:golden_pickaxe":1,"minecraft:crafting_table":1,"minecraft:crossbow":2,"untamedwilds:hide_bear_brown":3,"minecraft:leather":5,"minecraft:jungle_planks":4,"minecraft:saddle":1,"minecraft:rail":8,"minecraft:carrot_on_a_stick":2,"minecraft:leather_helmet":1,"minecraft:flint":1,"minecraft:emerald":24,"ecologics:walnut_planks":4,"minecraft:dirt":7,"minecraft:jungle_sapling":2,"minecraft:chain":5,"alexsmobs:cooked_catfish":1,"farmersdelight:onion":1,"minecraft:writable_book":3,"paraglider:paraglider":2,"solapplepie:food_book":1,"minecraft:blue_bed":1,"goblinsanddungeons:scoria_brick_slab":1,"minecraft:gravel":5,"minecraft:white_tulip":1,"minecraft:stone_axe":1,"minecraft:cobbled_deepslate":18,"minecraft:birch_sapling":4,"minecraft:wheat":18,"minecraft:rotten_flesh":8,"minecraft:oak_planks":55,"minecraft:cooked_mutton":9,"untamedwilds:food_bear_cooked":5,"minecraft:chainmail_chestplate":2,"magistuarmory:iron_pike":5,"minecraft:poppy":1,"minecraft:deepslate_tiles":2,"alexsmobs:bison_carpet":1,"minecraft:leather_boots":4,"minecraft:acacia_sapling":2,"minecraft:chainmail_boots":1,"minecraft:chest":1,"minecraft:leather_leggings":1,"minecraft:spruce_slab":1,"minecraft:iron_bars":2,"minecraft:powered_rail":2,"minecraft:beef":10,"minecraft:egg":9,"minecraft:enchanted_book":3,"minecraft:iron_ingot":8,"minecraft:stripped_spruce_log":4,"majruszsdifficulty:recall_potion":1,"minecraft:wheat_seeds":15,"minecraft:golden_helmet":2,"minecraft:smithing_table":1,"minecraft:iron_helmet":1,"minecraft:cobblestone":15,"minecraft:spruce_stairs":1,"minecraft:chainmail_helmet":1,"minecraft:coal":26,"quark:glass_item_frame":2,"minecraft:stick":21,"irons_spellbooks:scroll":1,"minecraft:cobweb":12,"minecraft:torch":7,"minecraft:wooden_axe":1,"minecraft:melon_slice":16,"minecraft:brown_wool":1,"minecraft:polished_andesite_stairs":1,"minecraft:white_banner":3,"minecraft:iron_axe":2,"minecraft:iron_shovel":1,"minecraft:paper":5,"minecraft:string":13,"minecraft:tripwire_hook":2,"minecraft:spruce_sapling":26,"minecraft:smooth_basalt":3,"goblinsanddungeons:goblin_crown":1,"minecraft:sweet_berries":17,"hexerei:sage_seed":15,"minecraft:stone_sword":4,"minecraft:raw_copper":68,"minecraft:bowl":4,"untamedwilds:flora_bush_temperate":1,"minecraft:tuff":2,"minecraft:white_carpet":3,"minecraft:iron_hoe":2,"sophisticatedbackpacks:backpack":1,"minecraft:spruce_fence":2,"goblinsanddungeons:scoria_bricks":2,"minecraft:pumpkin_seeds":27,"minecraft:filled_map":5,"minecraft:shield":2,"minecraft:allium":14,"minecraft:andesite":10,"minecraft:oak_boat":1,"minecraft:oak_sapling":10,"minecraft:golden_sword":1,"minecraft:spider_eye":3,"minecraft:stone_bricks":4,"minecraft:bamboo":22,"minecraft:spruce_log":4,"minecraft:bow":2,"bloodandmadness:blood_stone_shard":1,"minecraft:stone_pickaxe":2,"minecraft:wooden_pickaxe":2,"untamedwilds:flora_junegrass":3,"minecraft:black_wool":1},"minecraft:broken":{"minecraft:chainmail_boots":1,"minecraft:stone_pickaxe":1,"minecraft:leather_chestplate":1,"minecraft:leather_boots":1,"minecraft:iron_pickaxe":1,"minecraft:iron_helmet":1,"epicfight:stone_greatsword":1},"minecraft:custom":{"lootr:looted_stat":41,"minecraft:animals_bred":1,"minecraft:interact_with_crafting_table":41,"minecraft:open_barrel":26,"minecraft:eat_cake_slice":7,"minecraft:leave_game":14,"minecraft:time_since_death":20725,"champions:champion_mobs_killed":110,"minecraft:sprint_one_cm":1300993,"minecraft:drop":317,"minecraft:talked_to_villager":2,"minecraft:play_time":742536,"minecraft:deaths":13,"minecraft:jump":8091,"minecraft:walk_on_water_one_cm":182177,"minecraft:interact_with_furnace":6,"minecraft:sleep_in_bed":12,"minecraft:waystone_activated":6,"minecraft:damage_dealt":33052,"minecraft:player_kills":3,"minecraft:crouch_one_cm":31298,"minecraft:horse_one_cm":39908,"minecraft:mob_kills":172,"minecraft:fill_cauldron":1,"minecraft:interact_with_campfire":76,"minecraft:damage_dealt_resisted":159,"minecraft:climb_one_cm":90707,"minecraft:walk_one_cm":7434577,"minecraft:damage_dealt_absorbed":11452,"minecraft:raid_win":1,"minecraft:sneak_time":6385,"minecraft:walk_under_water_one_cm":167631,"minecraft:boat_one_cm":32107,"minecraft:interact_with_lectern":4,"minecraft:total_world_time":742536,"minecraft:time_since_rest":20750,"minecraft:damage_absorbed":13,"minecraft:damage_taken":12027,"minecraft:trigger_trapped_chest":1,"minecraft:swim_one_cm":208572,"minecraft:fly_one_cm":1544002,"minecraft:open_chest":59,"minecraft:fall_one_cm":105371},"minecraft:crafted":{"paraglider:rito_goddess_statue":1,"ecologics:walnut_planks":4,"minecraft:bow":1,"wom:iron_greataxe":1,"minecraft:chest":3,"untamedwilds:material_fat":1,"minecraft:magenta_dye":1,"sophisticatedbackpacks:backpack":2,"minecraft:crafting_table":8,"minecraft:jungle_boat":1,"farmersdelight:iron_knife":1,"minecraft:wooden_pickaxe":2,"minecraft:pumpkin_seeds":4,"farmersdelight:cutting_board":2,"minecraft:paper":3,"minecraft:stick":25,"quark:oak_chest":3,"minecraft:iron_pickaxe":1,"minecraft:wooden_sword":1,"quark:jungle_chest":1,"minecraft:white_carpet":3,"minecraft:stone_pickaxe":3,"sophisticatedbackpacks:iron_backpack":1,"paraglider:paraglider":2,"minecraft:red_bed":1,"sophisticatedbackpacks:gold_backpack":1,"minecraft:air":212,"minecraft:wooden_axe":2,"minecraft:white_bed":1,"minecraft:torch":4},"minecraft:picked_up":{"minecraft:wheat":18,"minecraft:chainmail_boots":1,"minecraft:flower_pot":1,"minecraft:smithing_table":1,"minecraft:lead":1,"minecraft:wither_rose":1,"minecraft:enchanted_book":6,"farmersdelight:cutting_board":1,"paraglider:goddess_statue":1,"minecraft:string":25,"minecraft:raw_copper":68,"minecraft:cooked_salmon":7,"minecraft:deepslate_tiles":3,"minecraft:cobbled_deepslate":20,"minecraft:spruce_planks":1,"alexsmobs:cooked_moose_ribs":2,"minecraft:white_tulip":1,"minecraft:written_book":2,"minecraft:melon_slice":87,"minecraft:golden_helmet":1,"minecraft:stick":46,"apotheosis:gem":3,"ecologics:walnut_log":3,"majruszsdifficulty:recall_potion":1,"untamedwilds:flora_common_reed":8,"minecraft:brown_terracotta":1,"minecraft:torch":31,"minecraft:spruce_stairs":1,"minecraft:porkchop":24,"solapplepie:food_book":1,"minecraft:cauldron":1,"dannys_expansion:gel":1,"minecraft:stone_sword":5,"minecraft:rotten_flesh":23,"create:scoria":1,"farmersdelight:onion":13,"farmersdelight:tree_bark":11,"create:veridium":19,"minecraft:blaze_rod":1,"untamedwilds:flora_yarrow":3,"minecraft:iron_bars":2,"bloodandmadness:blood_stone_shard":2,"undead_revamp2:arapholia":2,"minecraft:cobblestone":93,"paraglider:paraglider":2,"ecologics:walnut_planks":2,"ecologics:walnut":6,"minecraft:leather_chestplate":1,"minecraft:cooked_beef":33,"minecraft:andesite":10,"minecraft:jungle_log":13,"minecraft:brown_wool":1,"minecraft:potato":6,"alexsmobs:bison_fur":1,"paraglider:spirit_orb":1,"minecraft:flint":3,"minecraft:tuff":4,"create:raw_zinc":22,"supplementaries:flax_seeds":1,"minecraft:wither_skeleton_skull":1,"minecraft:lapis_lazuli":26,"minecraft:dirt":16,"untamedwilds:flora_junegrass":3,"minecraft:leather_boots":3,"minecraft:bone":12,"goblinsanddungeons:scoria_bricks":2,"supplementaries:goblet":3,"minecraft:bow":2,"minecraft:wheat_seeds":38,"goblinsanddungeons:scoria_brick_slab":1,"minecraft:raw_gold":13,"minecraft:fletching_table":1,"minecraft:bamboo":49,"minecraft:powered_rail":2,"minecraft:moss_block":4,"minecraft:oak_planks":63,"hexerei:animal_fat":12,"paraglider:essence":1,"minecraft:cooked_porkchop":24,"minecraft:jungle_planks":5,"minecraft:stripped_spruce_log":11,"alexsmobs:bison_carpet":2,"minecraft:iron_hoe":1,"minecraft:polished_andesite":1,"minecraft:diamond":1,"minecraft:writable_book":3,"minecraft:crossbow":3,"alexsmobs:moose_ribs":2,"hunterillager:boomerang":3,"minecraft:emerald":36,"minecraft:oak_sapling":17,"untamedwilds:flora_titan_arum_corm":3,"habitat:kabloom_pulp":1,"minecraft:coarse_dirt":3,"minecraft:crafting_table":10,"minecraft:allium":42,"minecraft:nether_wart":4,"minecraft:stone_brick_wall":2,"minecraft:chain":5,"minecraft:shield":2,"alexsmobs:cooked_catfish":3,"minecraft:iron_axe":3,"minecraft:white_carpet":5,"minecraft:iron_shovel":2,"ecologics:walnut_sapling":3,"bloodandmadness:blood_vial":2,"paraglider:rito_goddess_statue":1,"untamedwilds:flora_water_hyacinth_item":4,"minecraft:beef":47,"minecraft:oak_boat":2,"minecraft:light_gray_wool":1,"minecraft:jungle_sapling":2,"minecraft:iron_nugget":2,"minecraft:poppy":4,"minecraft:spruce_slab":1,"supplementaries:cage":6,"minecraft:sugar_cane":5,"minecraft:chest":1,"minecraft:birch_sapling":4,"minecraft:egg":25,"minecraft:dark_oak_sapling":2,"minecraft:raw_iron":11,"minecraft:bowl":1,"untamedwilds:flora_bush_temperate":2,"minecraft:spruce_fence":2,"magistuarmory:iron_pike":5,"untamedwilds:hide_bear_brown":3,"minecraft:carrot":18,"minecraft:redstone":14,"untamedwilds:anemone_sand":1,"bloodandmadness:beastblood_clump":4,"goblinsanddungeons:goblin_crown":1,"hexerei:sage_seed":16,"minecraft:cooked_cod":2,"untamedwilds:food_bear_cooked":2,"minecraft:arrow":69,"untamedwilds:flora_amazon_sword":1,"minecraft:beetroot_seeds":4,"minecraft:peony":1,"minecraft:shears":1,"untamedwilds:hide_bigcat_leopard":2,"minecraft:hay_block":1,"minecraft:saddle":3,"minecraft:gold_ingot":2,"minecraft:totem_of_undying":1,"paraglider:horned_statue":1,"minecraft:mutton":20,"minecraft:rail":8,"minecraft:skeleton_skull":2,"minecraft:white_wool":8,"minecraft:jungle_boat":1,"minecraft:air":0,"minecraft:leather":16,"minecraft:carrot_on_a_stick":1,"minecraft:filled_map":2,"minecraft:oak_log":26,"minecraft:chainmail_chestplate":1,"minecraft:blue_bed":3,"minecraft:paper":2,"minecraft:white_banner":5,"minecraft:cooked_mutton":13,"simple_mobs:lootbag":2,"minecraft:apple":3,"minecraft:stone_bricks":4,"untamedwilds:material_fat":5,"minecraft:iron_ingot":5,"minecraft:stone_pickaxe":1,"minecraft:cobweb":12,"minecraft:gray_bed":2,"minecraft:acacia_sapling":2,"minecraft:soul_sand":7,"create:black_seat":1,"minecraft:polished_andesite_stairs":1,"minecraft:smooth_basalt":3,"minecraft:pumpkin":10,"minecraft:sweet_berries":87,"quark:glass_item_frame":2,"waystones:mossy_waystone":1,"minecraft:gravel":11,"minecraft:amethyst_shard":4,"minecraft:spruce_sapling":28,"minecraft:white_bed":1,"minecraft:spruce_log":15,"minecraft:spider_eye":3,"immersive_weathering:stone_brick":1,"alexsmobs:raw_catfish":3,"biomemakeover:foxglove":2,"minecraft:pumpkin_seeds":19,"minecraft:purple_bed":1,"simple_mobs:giant_eye_fragment":2,"minecraft:iron_helmet":1,"pineapple_delight:pineapple_crop":5,"minecraft:black_wool":1,"minecraft:coal":34,"minecraft:ender_pearl":1},"minecraft:killed":{"untamedwilds:large_snake":2,"minecraft:cave_spider":1,"simple_mobs:hobgob":1,"minecraft:spider":3,"dannys_expansion:foamspring":1,"minecraft:skeleton":6,"hunterillager:hunterillager":3,"bloodandmadness:beast_patient":2,"goblinsanddungeons:garch":1,"minecraft:silverfish":19,"minecraft:illusioner":1,"savage_and_ravage:creepie":2,"bloodandmadness:silverbeast":1,"minecraft:pig":8,"simple_mobs:gobber":1,"minecraft:zombie_villager":2,"savage_and_ravage:executioner":1,"untamedwilds:boar":2,"minecraft:sheep":10,"minecraft:pillager":19,"minecraft:zombie":5,"alexsmobs:terrapin":1,"minecraft:cow":16,"minecraft:vindicator":16,"simple_mobs:giant":2,"dannys_expansion:mundane_slime":2,"goblinsanddungeons:goblin_king":1,"alexsmobs:bison":1,"restored_earth:bouldering_zombie":2,"mimic:mimic":1,"minecraft:husk":1,"restored_earth:lobber_zombie":1,"simple_mobs:goom":1,"majruszsdifficulty:cursed_armor":6,"minecraft:ravager":4,"alexsmobs:catfish":1,"simple_mobs:gob":8,"simple_mobs:goblo":1},"minecraft:mined":{"undead_revamp2:arapholia":2,"supplementaries:goblet":3,"minecraft:spruce_planks":1,"minecraft:white_bed":1,"paraglider:rito_goddess_statue":1,"minecraft:grass_block":15,"create:black_seat":1,"supplementaries:blaze_rod":1,"minecraft:nether_wart":3,"goblinsanddungeons:urn":1,"minecraft:spawner":2,"minecraft:iron_ore":10,"minecraft:pumpkin":10,"minecraft:deepslate_lapis_ore":2,"minecraft:fletching_table":1,"minecraft:dirt_path":1,"minecraft:iron_bars":2,"untamedwilds:anemone_sand":1,"create:veridium":19,"immersive_weathering:oak_leaf_pile":3,"minecraft:deepslate_redstone_ore":1,"untamedwilds:flora_water_hyacinth":4,"minecraft:red_bed":1,"supplementaries:book_pile":1,"minecraft:medium_amethyst_bud":1,"minecraft:amethyst_cluster":1,"minecraft:powder_snow":11,"minecraft:torch":10,"untamedwilds:flora_common_reed":3,"minecraft:polished_andesite_stairs":1,"minecraft:poppy":4,"minecraft:melon":18,"create:scoria":1,"minecraft:dead_bush":1,"minecraft:cobblestone":44,"minecraft:oak_planks":4,"minecraft:sugar_cane":2,"minecraft:wall_torch":1,"minecraft:cauldron":1,"minecraft:deepslate_copper_ore":2,"minecraft:skeleton_skull":2,"paraglider:horned_statue":1,"farmersdelight:cutting_board":1,"minecraft:grass":57,"minecraft:oak_log":1,"minecraft:dirt":6,"minecraft:smooth_basalt":3,"minecraft:wither_skeleton_skull":1,"minecraft:oak_leaves":20,"minecraft:deepslate":15,"create:zinc_ore":22,"minecraft:deepslate_tiles":4,"minecraft:tuff":11,"minecraft:potted_wither_rose":1,"minecraft:deepslate_diamond_ore":1,"farmersdelight:wild_carrots":19,"minecraft:allium":3,"minecraft:spruce_fence":1,"biomemakeover:foxglove":2,"minecraft:spruce_leaves":51,"minecraft:moss_block":1,"goblinsanddungeons:scoria_bricks":2,"farmersdelight:wild_onions":15,"minecraft:hay_block":1,"untamedwilds:flora_yarrow":2,"minecraft:redstone_ore":2,"minecraft:andesite":98,"treechop:chopped_log":7,"minecraft:peony":1,"minecraft:deepslate_iron_ore":2,"pineapple_delight:pineapple_wild_crop":4,"minecraft:vine":2,"untamedwilds:flora_cycad":1,"minecraft:bamboo":2,"minecraft:white_tulip":1,"minecraft:stone":91,"minecraft:podzol":3,"minecraft:red_wool":2,"minecraft:soul_sand":7,"goblinsanddungeons:scoria":2,"minecraft:crafting_table":11,"minecraft:emerald_ore":17,"minecraft:copper_ore":7,"minecraft:tall_grass":26,"minecraft:lapis_ore":2,"minecraft:deepslate_gold_ore":13,"minecraft:blue_bed":4,"supplementaries:cage":6,"supplementaries:urn":1,"minecraft:purple_bed":1,"minecraft:coarse_dirt":6,"minecraft:sweet_berry_bush":1,"minecraft:ice":2,"minecraft:gray_bed":2,"minecraft:coal_ore":34,"untamedwilds:flora_titan_arum":3,"minecraft:gravel":11,"minecraft:cobweb":9,"minecraft:stone_bricks":2,"minecraft:infested_stone":4,"minecraft:fern":7,"paraglider:goddess_statue":1}},"DataVersion":2975}