{"stats":{"minecraft:broken":{"minecraft:chainmail_boots":1,"minecraft:stone_pickaxe":1,"minecraft:leather_helmet":1,"minecraft:leather_chestplate":2,"minecraft:leather_boots":2,"minecraft:iron_pickaxe":1,"minecraft:iron_helmet":1,"epicfight:stone_greatsword":1,"epicfight:stray_hat":1},"minecraft:dropped":{"minecraft:moss_block":4,"minecraft:birch_planks":40,"minecraft:cooked_beef":41,"minecraft:oak_log":11,"minecraft:baked_potato":4,"minecraft:golden_pickaxe":1,"untamedwilds:material_fat":5,"minecraft:crafting_table":1,"minecraft:cooked_porkchop":1,"minecraft:crossbow":3,"untamedwilds:hide_bear_brown":3,"minecraft:leather":6,"minecraft:jungle_planks":4,"minecraft:iron_horse_armor":2,"minecraft:saddle":1,"minecraft:rail":8,"minecraft:carrot_on_a_stick":2,"minecraft:leather_helmet":1,"minecraft:flint":3,"minecraft:emerald":32,"ecologics:walnut_planks":4,"minecraft:dirt":9,"minecraft:cooked_cod":2,"minecraft:gold_nugget":4,"minecraft:jungle_sapling":2,"minecraft:chain":5,"alexsmobs:cooked_catfish":1,"farmersdelight:onion":1,"minecraft:writable_book":4,"alexsmobs:cooked_moose_ribs":1,"minecraft:dark_oak_planks":1,"paraglider:paraglider":2,"solapplepie:food_book":1,"minecraft:blue_bed":1,"minecraft:gold_ingot":1,"minecraft:bone":6,"minecraft:gravel":5,"goblinsanddungeons:scoria_brick_slab":1,"minecraft:white_tulip":1,"minecraft:crimson_fungus":32,"minecraft:stone_axe":1,"minecraft:iron_nugget":2,"minecraft:cobbled_deepslate":18,"minecraft:birch_sapling":4,"minecraft:wheat":18,"minecraft:rotten_flesh":27,"minecraft:oak_planks":55,"minecraft:cooked_mutton":9,"untamedwilds:food_bear_cooked":5,"immersive_weathering:stone_brick":2,"minecraft:chainmail_chestplate":2,"magistuarmory:iron_pike":5,"minecraft:poppy":1,"minecraft:leather_chestplate":1,"supplementaries:flax_seeds":14,"minecraft:deepslate_tiles":2,"alexsmobs:bison_carpet":1,"pineapple_delight:pineapple_crop":10,"apotheosis:gem":4,"minecraft:leather_boots":4,"minecraft:chainmail_boots":1,"minecraft:acacia_sapling":2,"minecraft:chest":1,"minecraft:leather_leggings":2,"farmersdelight:onion_crate":5,"minecraft:spruce_slab":1,"minecraft:iron_bars":3,"minecraft:arrow":1,"minecraft:powered_rail":2,"minecraft:beef":10,"minecraft:egg":9,"minecraft:iron_ingot":8,"minecraft:enchanted_book":3,"minecraft:golden_boots":1,"minecraft:stripped_spruce_log":4,"majruszsdifficulty:recall_potion":1,"minecraft:wheat_seeds":15,"minecraft:golden_helmet":3,"minecraft:mossy_cobblestone":1,"minecraft:smithing_table":1,"minecraft:iron_helmet":3,"minecraft:cobblestone":16,"minecraft:lead":1,"wom:iron_greataxe":1,"minecraft:spruce_stairs":1,"minecraft:chainmail_helmet":1,"minecraft:coal":26,"quark:glass_item_frame":2,"minecraft:stick":35,"irons_spellbooks:scroll":1,"minecraft:cobweb":12,"minecraft:torch":7,"minecraft:wooden_axe":1,"minecraft:melon_slice":16,"minecraft:brown_wool":1,"minecraft:iron_leggings":1,"minecraft:polished_andesite_stairs":1,"minecraft:white_banner":3,"minecraft:iron_axe":2,"dannys_expansion:gel":1,"minecraft:iron_shovel":1,"minecraft:paper":5,"minecraft:string":13,"minecraft:tripwire_hook":2,"minecraft:spruce_sapling":26,"minecraft:smooth_basalt":3,"goblinsanddungeons:goblin_crown":1,"minecraft:sweet_berries":17,"hexerei:sage_seed":15,"minecraft:stone_sword":6,"minecraft:raw_copper":68,"alexsmobs:tarantula_hawk_wing_fragment":1,"minecraft:bowl":4,"untamedwilds:flora_bush_temperate":1,"minecraft:tuff":2,"farmersdelight:cabbage_seeds":16,"minecraft:white_carpet":3,"minecraft:iron_boots":1,"minecraft:iron_hoe":2,"sophisticatedbackpacks:backpack":1,"minecraft:oak_sign":2,"minecraft:spruce_fence":2,"goblinsanddungeons:scoria_bricks":2,"minecraft:pumpkin_seeds":68,"minecraft:filled_map":5,"minecraft:shield":4,"minecraft:flower_pot":1,"minecraft:allium":14,"minecraft:andesite":10,"majruszsdifficulty:evoker_fang_scroll":1,"dannys_expansion:sandy_clothes":1,"minecraft:oak_boat":2,"minecraft:oak_sapling":15,"minecraft:golden_sword":1,"minecraft:spider_eye":5,"minecraft:stone_bricks":4,"minecraft:bamboo":22,"minecraft:spruce_log":4,"minecraft:red_sand":6,"minecraft:bow":4,"bloodandmadness:blood_stone_shard":1,"minecraft:stone_pickaxe":2,"minecraft:wooden_pickaxe":2,"untamedwilds:flora_junegrass":3,"biomemakeover:cowboy_hat":1,"minecraft:black_wool":1},"minecraft:custom":{"lootr:looted_stat":92,"minecraft:animals_bred":3,"minecraft:interact_with_crafting_table":70,"minecraft:open_barrel":27,"minecraft:eat_cake_slice":7,"minecraft:leave_game":20,"minecraft:time_since_death":48474,"minecraft:damage_resisted":26,"champions:champion_mobs_killed":173,"minecraft:sprint_one_cm":1596559,"minecraft:drop":431,"minecraft:talked_to_villager":5,"minecraft:play_time":932587,"minecraft:deaths":22,"minecraft:jump":9252,"minecraft:walk_on_water_one_cm":190898,"minecraft:interact_with_furnace":7,"minecraft:play_record":1,"minecraft:traded_with_villager":1,"minecraft:sleep_in_bed":15,"minecraft:waystone_activated":7,"minecraft:damage_dealt":44082,"minecraft:player_kills":4,"minecraft:crouch_one_cm":39542,"minecraft:horse_one_cm":41326,"minecraft:mob_kills":239,"minecraft:fill_cauldron":1,"minecraft:interact_with_campfire":80,"minecraft:damage_dealt_resisted":159,"minecraft:climb_one_cm":116611,"minecraft:walk_one_cm":9236173,"minecraft:damage_dealt_absorbed":19334,"minecraft:raid_win":1,"minecraft:sneak_time":9922,"minecraft:walk_under_water_one_cm":172140,"minecraft:boat_one_cm":32698,"minecraft:interact_with_lectern":10,"minecraft:total_world_time":932587,"minecraft:time_since_rest":48477,"minecraft:damage_absorbed":18,"minecraft:damage_taken":17546,"minecraft:trigger_trapped_chest":1,"minecraft:swim_one_cm":215886,"minecraft:fly_one_cm":1823577,"minecraft:open_chest":120,"minecraft:fall_one_cm":126329},"minecraft:crafted":{"quark:birch_chest":2,"paraglider:rito_goddess_statue":1,"ecologics:walnut_planks":4,"minecraft:birch_slab":6,"minecraft:bow":1,"wom:iron_greataxe":2,"minecraft:chest":3,"untamedwilds:material_fat":1,"minecraft:magenta_dye":1,"sophisticatedbackpacks:backpack":2,"minecraft:crafting_table":10,"minecraft:jungle_boat":1,"farmersdelight:iron_knife":1,"minecraft:wooden_pickaxe":2,"supplementaries:cage":1,"minecraft:gold_block":1,"minecraft:pumpkin_seeds":12,"waystones:warp_stone":1,"farmersdelight:cutting_board":2,"minecraft:paper":3,"minecraft:stick":25,"quark:oak_chest":3,"minecraft:iron_pickaxe":1,"minecraft:iron_block":7,"minecraft:wooden_sword":1,"quark:jungle_chest":1,"minecraft:white_carpet":3,"minecraft:stone_pickaxe":3,"simple_mobs:lycanthrope_elixir":1,"sophisticatedbackpacks:iron_backpack":1,"paraglider:paraglider":2,"minecraft:red_bed":1,"sophisticatedbackpacks:gold_backpack":1,"minecraft:air":396,"minecraft:oak_boat":1,"minecraft:wooden_axe":2,"nyfsquiver:basic_quiver":2,"minecraft:white_bed":1,"minecraft:torch":4},"minecraft:picked_up":{"minecraft:wheat":18,"minecraft:black_carpet":1,"minecraft:chainmail_boots":2,"minecraft:flower_pot":1,"minecraft:smithing_table":1,"minecraft:lead":3,"minecraft:brown_bed":1,"minecraft:wither_rose":1,"minecraft:enchanted_book":9,"farmersdelight:cutting_board":1,"paraglider:goddess_statue":1,"minecraft:string":30,"minecraft:raw_copper":68,"minecraft:cooked_salmon":11,"minecraft:oak_sign":4,"minecraft:deepslate_tiles":3,"minecraft:red_sand":6,"minecraft:gold_nugget":4,"minecraft:cobbled_deepslate":20,"minecraft:spruce_planks":1,"alexsmobs:cooked_moose_ribs":2,"minecraft:white_tulip":1,"minecraft:written_book":2,"minecraft:melon_slice":87,"farmersdelight:cabbage_seeds":8,"minecraft:golden_helmet":1,"minecraft:stick":46,"apotheosis:gem":10,"majruszsdifficulty:recall_potion":1,"ecologics:walnut_log":3,"untamedwilds:flora_common_reed":8,"minecraft:brown_terracotta":1,"minecraft:torch":43,"minecraft:spruce_stairs":2,"minecraft:porkchop":24,"farmersdelight:chicken_cuts":2,"solapplepie:food_book":1,"minecraft:cauldron":1,"dannys_expansion:gel":2,"minecraft:stone_sword":6,"minecraft:rotten_flesh":60,"farmersdelight:tree_bark":11,"create:scoria":1,"farmersdelight:onion":13,"minecraft:feather":2,"create:veridium":19,"minecraft:blaze_rod":1,"undead_revamp2:arapholia":2,"untamedwilds:flora_yarrow":3,"minecraft:iron_bars":5,"bloodandmadness:blood_stone_shard":2,"minecraft:cobblestone":93,"paraglider:paraglider":2,"minecraft:birch_log":9,"minecraft:enchanting_table":1,"ecologics:walnut_planks":2,"ecologics:walnut":6,"minecraft:leather_chestplate":1,"minecraft:cooked_beef":33,"minecraft:andesite":10,"minecraft:jungle_log":13,"minecraft:brown_wool":1,"minecraft:potato":6,"alexsmobs:bison_fur":1,"paraglider:spirit_orb":1,"minecraft:flint":3,"minecraft:tuff":4,"create:raw_zinc":22,"supplementaries:flax_seeds":8,"minecraft:wither_skeleton_skull":1,"minecraft:lapis_lazuli":26,"minecraft:dirt":20,"untamedwilds:flora_junegrass":3,"minecraft:leather_boots":3,"minecraft:bone":45,"goblinsanddungeons:scoria_bricks":2,"supplementaries:goblet":3,"minecraft:bow":5,"minecraft:wheat_seeds":38,"goblinsanddungeons:scoria_brick_slab":1,"minecraft:raw_gold":14,"minecraft:fletching_table":1,"minecraft:bamboo":49,"minecraft:powered_rail":2,"minecraft:moss_block":4,"minecraft:oak_planks":63,"hexerei:animal_fat":12,"minecraft:cooked_porkchop":25,"paraglider:essence":1,"irons_spellbooks:frozen_bone":2,"majruszsdifficulty:evoker_fang_scroll":1,"minecraft:jungle_planks":5,"minecraft:stripped_spruce_log":11,"alexsmobs:bison_carpet":2,"minecraft:mossy_cobblestone":3,"minecraft:iron_hoe":1,"minecraft:polished_andesite":1,"alexsmobs:kangaroo_hide":1,"minecraft:diamond":1,"minecraft:writable_book":3,"minecraft:crossbow":3,"minecraft:bone_meal":15,"alexsmobs:moose_ribs":2,"hunterillager:boomerang":3,"minecraft:emerald":36,"minecraft:oak_sapling":17,"untamedwilds:flora_titan_arum_corm":3,"minecraft:coarse_dirt":3,"nethersdelight:hoglin_loin":5,"habitat:kabloom_pulp":1,"minecraft:crafting_table":10,"minecraft:allium":42,"minecraft:chicken":1,"minecraft:nether_wart":4,"minecraft:leather_leggings":1,"minecraft:stone_brick_wall":2,"minecraft:chain":5,"minecraft:shield":3,"alexsmobs:cooked_catfish":3,"minecraft:red_bed":1,"minecraft:iron_axe":3,"epicfight:stray_hat":1,"supplementaries:statue":1,"minecraft:white_carpet":5,"minecraft:iron_shovel":2,"minecraft:birch_fence":2,"ecologics:walnut_sapling":3,"bloodandmadness:blood_vial":2,"paraglider:rito_goddess_statue":1,"untamedwilds:flora_water_hyacinth_item":4,"minecraft:beef":47,"minecraft:oak_boat":2,"dannys_expansion:sandy_clothes":2,"minecraft:player_head":2,"minecraft:jungle_sapling":2,"minecraft:iron_nugget":3,"minecraft:poppy":4,"minecraft:light_gray_wool":1,"minecraft:spruce_slab":1,"supplementaries:cage":8,"minecraft:sugar_cane":5,"minecraft:chest":1,"minecraft:birch_sapling":4,"minecraft:egg":33,"minecraft:dark_oak_sapling":2,"minecraft:raw_iron":14,"minecraft:bowl":1,"untamedwilds:flora_bush_temperate":2,"minecraft:spruce_fence":2,"magistuarmory:iron_pike":5,"untamedwilds:hide_bear_brown":3,"minecraft:carrot":18,"minecraft:redstone":14,"untamedwilds:anemone_sand":1,"minecraft:iron_horse_armor":2,"bloodandmadness:beastblood_clump":4,"goblinsanddungeons:goblin_crown":1,"minecraft:dark_oak_planks":1,"hexerei:sage_seed":16,"untamedwilds:food_bear_cooked":2,"minecraft:arrow":104,"untamedwilds:flora_amazon_sword":1,"minecraft:cooked_cod":2,"minecraft:beetroot_seeds":4,"minecraft:peony":1,"minecraft:shears":1,"untamedwilds:hide_bigcat_leopard":2,"minecraft:hay_block":1,"minecraft:gold_ingot":7,"minecraft:saddle":3,"minecraft:totem_of_undying":1,"paraglider:horned_statue":1,"minecraft:mutton":20,"alexsmobs:kangaroo_meat":2,"minecraft:skeleton_skull":2,"minecraft:white_wool":8,"minecraft:rail":8,"minecraft:air":0,"minecraft:jungle_boat":2,"minecraft:leather":16,"minecraft:carrot_on_a_stick":1,"minecraft:birch_planks":40,"minecraft:filled_map":3,"minecraft:crimson_fungus":32,"minecraft:oak_log":26,"minecraft:chainmail_chestplate":1,"farmersdelight:salmon_slice":28,"minecraft:golden_boots":1,"minecraft:cobblestone_stairs":1,"minecraft:blue_bed":3,"minecraft:paper":2,"minecraft:white_banner":5,"minecraft:cooked_mutton":13,"simple_mobs:lootbag":2,"minecraft:apple":3,"minecraft:stone_bricks":4,"untamedwilds:material_fat":5,"minecraft:iron_ingot":5,"minecraft:stone_pickaxe":1,"minecraft:cobweb":12,"minecraft:gray_bed":2,"minecraft:acacia_sapling":2,"minecraft:soul_sand":7,"create:black_seat":1,"minecraft:polished_andesite_stairs":1,"minecraft:smooth_basalt":3,"minecraft:pumpkin":10,"minecraft:sweet_berries":91,"quark:glass_item_frame":2,"waystones:mossy_waystone":1,"minecraft:gravel":11,"minecraft:amethyst_shard":4,"minecraft:spruce_sapling":28,"minecraft:spruce_log":15,"minecraft:white_bed":1,"minecraft:spider_eye":6,"immersive_weathering:stone_brick":2,"alexsmobs:raw_catfish":3,"biomemakeover:foxglove":2,"minecraft:pumpkin_seeds":35,"minecraft:purple_bed":1,"simple_mobs:giant_eye_fragment":2,"minecraft:iron_helmet":2,"pineapple_delight:pineapple_crop":10,"minecraft:black_wool":1,"minecraft:coal":34,"minecraft:ender_pearl":2},"minecraft:mined":{"undead_revamp2:arapholia":2,"minecraft:dark_oak_planks":1,"supplementaries:goblet":3,"minecraft:spruce_planks":1,"minecraft:white_bed":1,"minecraft:cobblestone_stairs":1,"paraglider:rito_goddess_statue":1,"minecraft:red_sand":3,"minecraft:grass_block":17,"create:black_seat":1,"supplementaries:blaze_rod":1,"minecraft:oak_wall_sign":4,"minecraft:nether_wart":3,"goblinsanddungeons:urn":1,"minecraft:spawner":18,"minecraft:iron_ore":10,"minecraft:pumpkin":10,"minecraft:black_carpet":1,"minecraft:deepslate_lapis_ore":2,"minecraft:fletching_table":1,"minecraft:enchanting_table":1,"minecraft:dirt_path":1,"minecraft:iron_bars":4,"biomemakeover:paydirt":2,"untamedwilds:anemone_sand":1,"create:veridium":19,"immersive_weathering:oak_leaf_pile":3,"minecraft:player_head":2,"minecraft:deepslate_redstone_ore":1,"untamedwilds:flora_water_hyacinth":4,"minecraft:red_bed":2,"supplementaries:book_pile":1,"minecraft:medium_amethyst_bud":1,"minecraft:amethyst_cluster":1,"minecraft:powder_snow":11,"minecraft:torch":17,"untamedwilds:flora_common_reed":3,"minecraft:polished_andesite_stairs":1,"minecraft:poppy":4,"minecraft:melon":18,"create:scoria":1,"minecraft:dead_bush":1,"minecraft:cobblestone":44,"minecraft:oak_planks":4,"minecraft:sugar_cane":2,"minecraft:wall_torch":5,"minecraft:cauldron":1,"minecraft:deepslate_copper_ore":2,"minecraft:skeleton_skull":2,"paraglider:horned_statue":1,"farmersdelight:cutting_board":1,"minecraft:wheat":1,"minecraft:grass":57,"minecraft:oak_log":1,"minecraft:dirt":6,"minecraft:smooth_basalt":3,"minecraft:wither_skeleton_skull":1,"minecraft:oak_leaves":20,"minecraft:deepslate":15,"create:zinc_ore":22,"minecraft:deepslate_tiles":4,"minecraft:tuff":11,"minecraft:mossy_cobblestone":1,"minecraft:potted_wither_rose":1,"minecraft:deepslate_diamond_ore":1,"farmersdelight:wild_carrots":19,"minecraft:allium":3,"minecraft:spruce_fence":1,"biomemakeover:foxglove":2,"minecraft:spruce_leaves":51,"minecraft:moss_block":1,"goblinsanddungeons:scoria_bricks":2,"farmersdelight:wild_onions":15,"minecraft:hay_block":1,"untamedwilds:flora_yarrow":2,"minecraft:redstone_ore":2,"minecraft:carrots":1,"minecraft:andesite":98,"treechop:chopped_log":8,"minecraft:peony":1,"pineapple_delight:pineapple_wild_crop":4,"minecraft:deepslate_iron_ore":2,"untamedwilds:flora_cycad":1,"minecraft:vine":2,"minecraft:bamboo":2,"minecraft:white_tulip":1,"minecraft:stone":91,"minecraft:podzol":3,"supplementaries:statue":1,"minecraft:red_wool":2,"minecraft:soul_sand":7,"minecraft:polished_granite":1,"goblinsanddungeons:scoria":2,"minecraft:crafting_table":11,"minecraft:emerald_ore":17,"minecraft:copper_ore":7,"minecraft:tall_grass":26,"minecraft:lapis_ore":2,"minecraft:deepslate_gold_ore":13,"minecraft:blue_bed":4,"supplementaries:cage":8,"supplementaries:urn":1,"minecraft:spruce_stairs":1,"minecraft:purple_bed":1,"minecraft:coarse_dirt":6,"minecraft:sweet_berry_bush":1,"minecraft:ice":2,"minecraft:gray_bed":2,"minecraft:coal_ore":34,"untamedwilds:flora_titan_arum":3,"minecraft:gravel":11,"minecraft:cobweb":9,"minecraft:stone_bricks":2,"minecraft:infested_stone":4,"minecraft:birch_fence":2,"minecraft:fern":7,"paraglider:goddess_statue":1},"minecraft:used":{"minecraft:peony":1,"minecraft:writable_book":2,"minecraft:iron_shovel":2,"minecraft:carrot_on_a_stick":4,"minecraft:oak_sign":2,"minecraft:black_carpet":1,"minecraft:chest":4,"minecraft:nether_wart":4,"minecraft:player_head":2,"minecraft:soul_sand":7,"minecraft:mutton":7,"minecraft:carrot":76,"minecraft:music_disc_13":1,"minecraft:tuff":2,"minecraft:lava_bucket":7,"alexsmobs:bison_carpet":1,"create:scoria":1,"quest_giver:trading_contract_farmer":2,"untamedwilds:carpet_bigcat_leopard":6,"minecraft:rabbit_stew":4,"untamedwilds:flora_titan_arum_corm":3,"farmersdelight:cutting_board":3,"minecraft:bow":157,"minecraft:sweet_berries":84,"minecraft:oak_sapling":2,"untamedwilds:material_fat":1,"minecraft:egg":21,"minecraft:potato":6,"minecraft:gray_bed":2,"untamedwilds:flora_yarrow":1,"minecraft:dark_oak_sapling":2,"minecraft:skeleton_skull":2,"epicfight:skillbook":1,"minecraft:leather_leggings":1,"minecraft:oak_planks":3,"minecraft:wither_skeleton_skull":1,"minecraft:stone_pickaxe":308,"minecraft:wooden_pickaxe":5,"minecraft:blue_bed":2,"minecraft:sugar_cane":8,"untamedwilds:anemone_sand":1,"minecraft:jungle_boat":3,"minecraft:shears":6,"minecraft:birch_fence":2,"minecraft:deepslate_tiles":1,"minecraft:melon_slice":65,"minecraft:bread":19,"minecraft:gravel":1,"minecraft:golden_helmet":1,"alexsmobs:cooked_moose_ribs":1,"minecraft:wooden_sword":3,"minecraft:oak_boat":1,"minecraft:air":1,"minecraft:coarse_dirt":3,"minecraft:experience_bottle":3,"minecraft:enchanting_table":1,"alexsmobs:flying_fish_bucket":2,"create:veridium":1,"minecraft:spruce_planks":13,"minecraft:cooked_salmon":4,"minecraft:torch":37,"minecraft:spyglass":2,"minecraft:dirt":11,"minecraft:white_carpet":5,"minecraft:spruce_stairs":1,"minecraft:brown_terracotta":1,"wom:iron_greataxe":375,"paraglider:horned_statue":1,"minecraft:wooden_axe":20,"quest_giver:trading_contract_weaponsmith":2,"minecraft:iron_axe":48,"untamedwilds:food_bear_cooked":2,"create:black_seat":1,"epicfight:stone_greatsword":131,"minecraft:bamboo":25,"paraglider:rito_goddess_statue":2,"minecraft:beef":4,"ecologics:walnut":5,"supplementaries:statue":1,"minecraft:blaze_rod":1,"minecraft:cooked_beef":33,"minecraft:cobbled_deepslate":2,"minecraft:cooked_mutton":4,"alexsmobs:cooked_catfish":2,"minecraft:water_bucket":10,"minecraft:cobblestone_stairs":1,"minecraft:polished_andesite":1,"minecraft:leather_boots":2,"minecraft:cauldron":1,"ecologics:walnut_sapling":3,"minecraft:fletching_table":1,"untamedwilds:flora_common_reed":8,"minecraft:mossy_cobblestone":2,"farmersdelight:onion":23,"minecraft:crafting_table":21,"minecraft:red_bed":2,"minecraft:white_bed":2,"minecraft:cake":1,"minecraft:oak_log":2,"supplementaries:cage":18,"minecraft:apple":5,"waystones:mossy_waystone":1,"minecraft:iron_pickaxe":167,"majruszsdifficulty:pillager_treasure_bag":1,"minecraft:stone_axe":12,"minecraft:cobblestone":67,"minecraft:purple_bed":1,"minecraft:cooked_porkchop":20,"untamedwilds:flora_bush_temperate":1,"minecraft:bucket":19},"minecraft:killed_by":{"minecraft:piglin_brute":1,"minecraft:pillager":5,"minecraft:vindicator":2,"minecraft:zombie":1,"majruszsdifficulty:cursed_armor":2,"minecraft:husk":1,"minecraft:player":1,"simple_mobs:dark_elemental":1,"minecraft:hoglin":1,"minecraft:skeleton":4,"simple_mobs:gob":1},"minecraft:killed":{"untamedwilds:large_snake":2,"minecraft:cave_spider":1,"simple_mobs:hobgob":1,"minecraft:spider":7,"dannys_expansion:foamspring":1,"minecraft:skeleton":31,"hunterillager:hunterillager":3,"bloodandmadness:beast_patient":3,"minecraft:chicken":1,"goblinsanddungeons:garch":1,"minecraft:silverfish":19,"minecraft:illusioner":1,"savage_and_ravage:creepie":2,"alexsmobs:kangaroo":2,"bloodandmadness:silverbeast":1,"minecraft:pig":8,"simple_mobs:gobber":1,"minecraft:zombie_villager":2,"savage_and_ravage:executioner":1,"untamedwilds:boar":2,"minecraft:sheep":10,"minecraft:pillager":24,"minecraft:zombie":18,"alexsmobs:terrapin":1,"minecraft:stray":2,"minecraft:cow":16,"minecraft:vindicator":16,"simple_mobs:giant":2,"dannys_expansion:mundane_slime":2,"goblinsanddungeons:goblin_king":1,"alexsmobs:bison":1,"restored_earth:bouldering_zombie":2,"mimic:mimic":1,"minecraft:husk":11,"dannys_expansion:desertic_slime":1,"restored_earth:lobber_zombie":1,"simple_mobs:goom":1,"majruszsdifficulty:cursed_armor":8,"minecraft:ravager":4,"minecraft:hoglin":1,"alexsmobs:catfish":1,"simple_mobs:gob":8,"simple_mobs:goblo":1}},"DataVersion":2975}