{"stats":{"minecraft:killed":{"minecraft:sheep":4,"dannys_expansion:mundane_slime":1,"minecraft:skeleton":1,"minecraft:pig":3,"restored_earth:lobber_zombie":1,"minecraft:zombie_villager":2,"restored_earth:bouldering_zombie":1,"minecraft:cow":2},"minecraft:picked_up":{"hexerei:animal_fat":2,"minecraft:crafting_table":2,"minecraft:stick":2,"minecraft:cooked_porkchop":4,"minecraft:jungle_log":10,"minecraft:leather":2,"paraglider:spirit_orb":1,"minecraft:porkchop":6,"minecraft:dirt":2,"minecraft:iron_shovel":1,"minecraft:cooked_mutton":8,"dannys_expansion:gel":1,"minecraft:arrow":4,"minecraft:bone":2,"minecraft:rotten_flesh":4,"minecraft:beef":4,"minecraft:totem_of_undying":1,"minecraft:black_wool":1,"minecraft:mutton":6,"minecraft:ender_pearl":1,"minecraft:white_wool":3,"minecraft:cobblestone":5},"minecraft:used":{"minecraft:wooden_axe":2,"minecraft:carrot_on_a_stick":4,"minecraft:bread":6,"minecraft:wooden_pickaxe":5,"epicfight:stone_greatsword":19,"minecraft:dirt":2,"minecraft:spyglass":2,"minecraft:crafting_table":3,"minecraft:carrot":3},"minecraft:dropped":{"minecraft:wooden_axe":1,"minecraft:wooden_pickaxe":2,"minecraft:cooked_mutton":4,"minecraft:black_wool":1},"minecraft:crafted":{"minecraft:crafting_table":1,"minecraft:stick":8,"minecraft:wooden_pickaxe":2,"minecraft:stone_pickaxe":1,"minecraft:wooden_axe":2,"minecraft:white_bed":1,"minecraft:air":40},"minecraft:mined":{"treechop:chopped_log":1,"minecraft:crafting_table":2,"minecraft:grass":2,"minecraft:grass_block":2,"minecraft:vine":1,"minecraft:stone":5},"minecraft:custom":{"minecraft:time_since_rest":33944,"lootr:looted_stat":4,"champions:champion_mobs_killed":6,"minecraft:sprint_one_cm":15863,"minecraft:damage_taken":301,"minecraft:walk_one_cm":419766,"minecraft:mob_kills":15,"minecraft:drop":5,"minecraft:damage_dealt":1711,"minecraft:interact_with_crafting_table":7,"minecraft:fly_one_cm":16400,"minecraft:open_barrel":2,"minecraft:crouch_one_cm":486,"minecraft:play_time":33944,"minecraft:interact_with_campfire":8,"minecraft:sneak_time":43,"minecraft:walk_under_water_one_cm":3430,"minecraft:jump":348,"minecraft:leave_game":1,"minecraft:time_since_death":33944,"minecraft:walk_on_water_one_cm":5124,"minecraft:total_world_time":33944,"minecraft:climb_one_cm":1772,"minecraft:fall_one_cm":2926,"minecraft:waystone_activated":1}},"DataVersion":2975}