{"stats":{"minecraft:killed_by":{"minecraft:pillager":2,"minecraft:vindicator":1,"minecraft:skeleton":1},"minecraft:dropped":{"minecraft:iron_ingot":3,"minecraft:stripped_spruce_log":4,"minecraft:moss_block":1,"minecraft:wheat_seeds":5,"minecraft:cooked_beef":6,"minecraft:crafting_table":1,"minecraft:cobblestone":2,"untamedwilds:hide_bear_brown":3,"minecraft:leather":3,"minecraft:jungle_planks":1,"minecraft:carrot_on_a_stick":2,"minecraft:leather_helmet":1,"minecraft:coal":9,"quark:glass_item_frame":2,"minecraft:stick":20,"minecraft:flint":1,"minecraft:cobweb":12,"minecraft:dirt":3,"minecraft:torch":1,"minecraft:wooden_axe":1,"minecraft:chain":5,"minecraft:white_banner":3,"minecraft:iron_axe":2,"minecraft:paper":4,"minecraft:tripwire_hook":2,"solapplepie:food_book":1,"minecraft:spruce_sapling":26,"minecraft:gravel":5,"minecraft:stone_axe":1,"minecraft:sweet_berries":17,"hexerei:sage_seed":3,"minecraft:bowl":2,"minecraft:birch_sapling":4,"minecraft:white_carpet":3,"minecraft:rotten_flesh":8,"minecraft:oak_planks":52,"minecraft:cooked_mutton":9,"magistuarmory:iron_pike":1,"minecraft:allium":11,"minecraft:leather_boots":1,"minecraft:oak_boat":1,"minecraft:oak_sapling":3,"minecraft:chest":1,"minecraft:chainmail_boots":1,"minecraft:leather_leggings":1,"minecraft:spider_eye":3,"minecraft:spruce_log":4,"minecraft:wooden_pickaxe":2,"minecraft:stone_pickaxe":1,"bloodandmadness:blood_stone_shard":1,"minecraft:beef":10,"minecraft:black_wool":1},"minecraft:killed":{"minecraft:cave_spider":1,"minecraft:spider":1,"minecraft:vindicator":5,"dannys_expansion:mundane_slime":2,"minecraft:skeleton":2,"bloodandmadness:beast_patient":1,"minecraft:silverfish":15,"alexsmobs:bison":1,"restored_earth:bouldering_zombie":2,"minecraft:pig":4,"restored_earth:lobber_zombie":1,"minecraft:zombie_villager":2,"untamedwilds:boar":1,"minecraft:sheep":6,"minecraft:pillager":8,"minecraft:cow":10},"minecraft:broken":{"minecraft:leather_chestplate":1},"minecraft:mined":{"undead_revamp2:arapholia":2,"minecraft:white_bed":1,"farmersdelight:wild_carrots":9,"minecraft:allium":1,"minecraft:grass_block":8,"minecraft:moss_block":1,"supplementaries:blaze_rod":1,"minecraft:nether_wart":3,"minecraft:hay_block":1,"farmersdelight:wild_onions":14,"minecraft:pumpkin":7,"treechop:chopped_log":3,"minecraft:fletching_table":1,"pineapple_delight:pineapple_wild_crop":4,"minecraft:vine":1,"minecraft:bamboo":2,"minecraft:stone":5,"untamedwilds:anemone_sand":1,"untamedwilds:flora_water_hyacinth":4,"minecraft:soul_sand":4,"minecraft:amethyst_cluster":1,"minecraft:powder_snow":6,"minecraft:torch":3,"minecraft:crafting_table":6,"untamedwilds:flora_common_reed":1,"minecraft:melon":2,"minecraft:dead_bush":1,"minecraft:tall_grass":16,"minecraft:cobblestone":1,"minecraft:sugar_cane":2,"supplementaries:cage":1,"minecraft:deepslate_copper_ore":2,"minecraft:skeleton_skull":2,"minecraft:purple_bed":1,"farmersdelight:cutting_board":1,"minecraft:sweet_berry_bush":1,"minecraft:ice":2,"minecraft:grass":23,"untamedwilds:flora_titan_arum":1,"minecraft:gravel":9,"minecraft:dirt":1,"minecraft:cobweb":9,"minecraft:wither_skeleton_skull":1,"minecraft:stone_bricks":1,"minecraft:fern":2},"minecraft:custom":{"lootr:looted_stat":18,"minecraft:mob_kills":69,"minecraft:interact_with_crafting_table":22,"minecraft:open_barrel":2,"minecraft:interact_with_campfire":35,"minecraft:leave_game":4,"minecraft:time_since_death":30023,"minecraft:climb_one_cm":16263,"champions:champion_mobs_killed":39,"minecraft:sprint_one_cm":500104,"minecraft:walk_one_cm":2855392,"minecraft:drop":104,"minecraft:damage_dealt_absorbed":120,"minecraft:talked_to_villager":1,"minecraft:play_time":246061,"minecraft:sneak_time":1910,"minecraft:deaths":4,"minecraft:walk_under_water_one_cm":44422,"minecraft:boat_one_cm":30844,"minecraft:jump":3130,"minecraft:walk_on_water_one_cm":55665,"minecraft:total_world_time":246061,"minecraft:interact_with_furnace":3,"minecraft:sleep_in_bed":4,"minecraft:time_since_rest":30045,"minecraft:waystone_activated":4,"minecraft:damage_taken":3611,"minecraft:trigger_trapped_chest":1,"minecraft:damage_dealt":10433,"minecraft:swim_one_cm":129867,"minecraft:fly_one_cm":445300,"minecraft:open_chest":1,"minecraft:crouch_one_cm":10845,"minecraft:fall_one_cm":41076,"minecraft:horse_one_cm":12635},"minecraft:crafted":{"minecraft:wooden_sword":1,"quark:jungle_chest":1,"minecraft:white_carpet":3,"minecraft:stone_pickaxe":1,"minecraft:chest":2,"untamedwilds:material_fat":1,"sophisticatedbackpacks:iron_backpack":1,"sophisticatedbackpacks:backpack":1,"minecraft:crafting_table":4,"minecraft:wooden_pickaxe":2,"minecraft:air":135,"farmersdelight:cutting_board":2,"minecraft:paper":3,"minecraft:stick":12,"quark:oak_chest":1,"minecraft:iron_pickaxe":1,"minecraft:wooden_axe":2,"minecraft:white_bed":1,"minecraft:torch":4},"minecraft:picked_up":{"minecraft:crafting_table":5,"minecraft:allium":38,"minecraft:nether_wart":4,"minecraft:stone_brick_wall":2,"minecraft:chain":5,"farmersdelight:cutting_board":1,"minecraft:string":6,"minecraft:raw_copper":6,"minecraft:iron_axe":2,"minecraft:white_carpet":5,"minecraft:iron_shovel":1,"bloodandmadness:blood_vial":1,"untamedwilds:flora_water_hyacinth_item":4,"minecraft:beef":34,"minecraft:oak_boat":2,"minecraft:sugar_cane":5,"minecraft:written_book":1,"supplementaries:cage":1,"minecraft:melon_slice":14,"minecraft:birch_sapling":4,"minecraft:egg":6,"minecraft:dark_oak_sapling":1,"minecraft:stick":30,"apotheosis:gem":1,"minecraft:torch":3,"minecraft:bowl":1,"minecraft:porkchop":9,"magistuarmory:iron_pike":1,"untamedwilds:hide_bear_brown":3,"minecraft:carrot":9,"solapplepie:food_book":1,"untamedwilds:anemone_sand":1,"hexerei:sage_seed":3,"dannys_expansion:gel":1,"minecraft:arrow":14,"minecraft:rotten_flesh":11,"farmersdelight:tree_bark":11,"farmersdelight:onion":12,"minecraft:shears":1,"untamedwilds:hide_bigcat_leopard":2,"minecraft:hay_block":1,"minecraft:totem_of_undying":1,"minecraft:blaze_rod":1,"minecraft:mutton":10,"bloodandmadness:blood_stone_shard":1,"undead_revamp2:arapholia":2,"minecraft:skeleton_skull":2,"minecraft:white_wool":5,"minecraft:cobblestone":6,"minecraft:cooked_beef":24,"minecraft:jungle_log":10,"minecraft:leather":8,"minecraft:carrot_on_a_stick":1,"alexsmobs:bison_fur":1,"paraglider:spirit_orb":1,"minecraft:flint":1,"minecraft:oak_log":7,"minecraft:wither_skeleton_skull":1,"minecraft:dirt":7,"minecraft:paper":2,"minecraft:white_banner":5,"minecraft:cooked_mutton":13,"minecraft:bone":7,"minecraft:apple":1,"minecraft:stone_bricks":1,"untamedwilds:material_fat":3,"minecraft:wheat_seeds":5,"minecraft:cobweb":12,"minecraft:fletching_table":1,"minecraft:bamboo":27,"minecraft:moss_block":1,"minecraft:oak_planks":48,"minecraft:soul_sand":4,"hexerei:animal_fat":8,"minecraft:cooked_porkchop":7,"minecraft:pumpkin":7,"minecraft:sweet_berries":34,"quark:glass_item_frame":2,"waystones:mossy_waystone":1,"minecraft:gravel":10,"minecraft:amethyst_shard":4,"minecraft:stripped_spruce_log":11,"minecraft:spruce_sapling":26,"minecraft:white_bed":1,"minecraft:spruce_log":15,"minecraft:spider_eye":3,"minecraft:purple_bed":1,"minecraft:emerald":3,"minecraft:oak_sapling":3,"pineapple_delight:pineapple_crop":5,"minecraft:black_wool":1,"untamedwilds:flora_titan_arum_corm":1,"minecraft:ender_pearl":1},"minecraft:used":{"minecraft:carrot_on_a_stick":4,"minecraft:spruce_planks":5,"minecraft:torch":4,"minecraft:dirt":4,"minecraft:spyglass":2,"minecraft:white_carpet":5,"minecraft:carrot":14,"minecraft:wooden_axe":20,"minecraft:iron_axe":3,"quest_giver:trading_contract_farmer":1,"epicfight:stone_greatsword":108,"minecraft:rabbit_stew":1,"farmersdelight:cutting_board":2,"minecraft:sweet_berries":16,"minecraft:blaze_rod":1,"minecraft:cooked_beef":15,"untamedwilds:material_fat":1,"minecraft:dark_oak_sapling":1,"minecraft:cooked_mutton":4,"minecraft:leather_leggings":1,"minecraft:stone_pickaxe":4,"minecraft:wooden_pickaxe":5,"minecraft:leather_boots":1,"untamedwilds:anemone_sand":1,"farmersdelight:onion":2,"minecraft:crafting_table":8,"minecraft:white_bed":2,"minecraft:shears":6,"minecraft:apple":1,"minecraft:bread":8,"minecraft:iron_pickaxe":9,"minecraft:stone_axe":12,"minecraft:wooden_sword":3,"minecraft:purple_bed":1,"minecraft:cooked_porkchop":7,"minecraft:oak_boat":1}},"DataVersion":2975}