{"stats":{"minecraft:killed":{"minecraft:cave_spider":1,"minecraft:pig":4,"restored_earth:lobber_zombie":1,"minecraft:zombie_villager":2,"untamedwilds:boar":1,"dannys_expansion:mundane_slime":2,"minecraft:sheep":4,"minecraft:skeleton":1,"alexsmobs:bison":1,"restored_earth:bouldering_zombie":2,"minecraft:cow":10},"minecraft:used":{"minecraft:leather_leggings":1,"minecraft:carrot_on_a_stick":4,"minecraft:wooden_pickaxe":5,"minecraft:leather_boots":1,"farmersdelight:onion":2,"minecraft:dirt":2,"minecraft:spyglass":2,"minecraft:crafting_table":5,"minecraft:carrot":10,"minecraft:white_bed":1,"minecraft:shears":6,"minecraft:wooden_axe":19,"minecraft:bread":6,"epicfight:stone_greatsword":44,"minecraft:wooden_sword":3,"minecraft:cooked_porkchop":2,"untamedwilds:material_fat":1},"minecraft:picked_up":{"minecraft:allium":38,"minecraft:crafting_table":3,"minecraft:jungle_log":10,"minecraft:leather":8,"minecraft:carrot_on_a_stick":1,"alexsmobs:bison_fur":1,"paraglider:spirit_orb":1,"minecraft:oak_log":6,"minecraft:dirt":2,"minecraft:string":4,"minecraft:cooked_mutton":8,"minecraft:iron_shovel":1,"minecraft:bone":2,"untamedwilds:material_fat":2,"minecraft:wheat_seeds":2,"minecraft:beef":27,"minecraft:cobweb":12,"minecraft:oak_planks":16,"minecraft:egg":4,"hexerei:animal_fat":8,"minecraft:stick":10,"minecraft:cooked_porkchop":4,"minecraft:pumpkin":7,"minecraft:sweet_berries":4,"minecraft:porkchop":9,"magistuarmory:iron_pike":1,"minecraft:white_bed":1,"minecraft:carrot":9,"solapplepie:food_book":1,"minecraft:spider_eye":2,"hexerei:sage_seed":3,"dannys_expansion:gel":1,"minecraft:rotten_flesh":8,"minecraft:arrow":4,"farmersdelight:onion":12,"minecraft:hay_block":1,"minecraft:shears":1,"minecraft:totem_of_undying":1,"minecraft:oak_sapling":3,"pineapple_delight:pineapple_crop":4,"minecraft:black_wool":1,"minecraft:mutton":6,"undead_revamp2:arapholia":2,"minecraft:white_wool":3,"minecraft:cobblestone":5,"minecraft:ender_pearl":1},"minecraft:dropped":{"hexerei:sage_seed":1,"minecraft:cobblestone":2,"minecraft:rotten_flesh":8,"minecraft:oak_planks":16,"minecraft:leather":3,"minecraft:jungle_planks":1,"minecraft:cooked_mutton":4,"minecraft:carrot_on_a_stick":1,"minecraft:stick":3,"minecraft:cobweb":12,"minecraft:allium":11,"minecraft:wooden_axe":1,"minecraft:oak_sapling":3,"minecraft:spider_eye":1,"minecraft:wooden_pickaxe":2,"solapplepie:food_book":1,"minecraft:black_wool":1},"minecraft:crafted":{"minecraft:wooden_sword":1,"sophisticatedbackpacks:backpack":1,"minecraft:crafting_table":2,"minecraft:wooden_pickaxe":2,"quark:jungle_chest":1,"minecraft:air":103,"quark:oak_chest":1,"minecraft:stick":12,"minecraft:wooden_axe":2,"minecraft:stone_pickaxe":1,"minecraft:chest":2,"untamedwilds:material_fat":1,"minecraft:white_bed":1},"minecraft:killed_by":{"minecraft:pillager":1},"minecraft:mined":{"undead_revamp2:arapholia":2,"minecraft:white_bed":1,"farmersdelight:wild_carrots":9,"minecraft:crafting_table":3,"minecraft:allium":1,"minecraft:grass_block":2,"minecraft:tall_grass":13,"minecraft:hay_block":1,"farmersdelight:wild_onions":14,"minecraft:pumpkin":7,"treechop:chopped_log":2,"pineapple_delight:pineapple_wild_crop":4,"minecraft:grass":18,"minecraft:vine":1,"minecraft:cobweb":9,"minecraft:stone":5},"minecraft:custom":{"lootr:looted_stat":4,"minecraft:mob_kills":29,"minecraft:interact_with_crafting_table":16,"minecraft:open_barrel":2,"minecraft:interact_with_campfire":8,"minecraft:leave_game":1,"minecraft:time_since_death":13572,"minecraft:sleep_in_bed":2,"minecraft:climb_one_cm":2034,"minecraft:time_since_rest":6727,"minecraft:waystone_activated":1,"minecraft:sprint_one_cm":97263,"champions:champion_mobs_killed":9,"minecraft:damage_taken":802,"minecraft:walk_one_cm":928228,"minecraft:drop":25,"minecraft:damage_dealt":4014,"minecraft:swim_one_cm":19428,"minecraft:fly_one_cm":116841,"minecraft:deaths":1,"minecraft:crouch_one_cm":767,"minecraft:play_time":69944,"minecraft:sneak_time":82,"minecraft:walk_under_water_one_cm":6962,"minecraft:jump":842,"minecraft:walk_on_water_one_cm":8945,"minecraft:total_world_time":69944,"minecraft:fall_one_cm":10146}},"DataVersion":2975}