{"stats":{"minecraft:mined":{"undead_revamp2:arapholia":2,"minecraft:white_bed":1,"farmersdelight:wild_carrots":9,"minecraft:allium":1,"minecraft:grass_block":6,"minecraft:hay_block":1,"farmersdelight:wild_onions":14,"minecraft:pumpkin":7,"treechop:chopped_log":3,"minecraft:fletching_table":1,"minecraft:vine":1,"pineapple_delight:pineapple_wild_crop":4,"minecraft:stone":5,"untamedwilds:anemone_sand":1,"minecraft:crafting_table":6,"minecraft:tall_grass":15,"minecraft:purple_bed":1,"farmersdelight:cutting_board":1,"minecraft:sweet_berry_bush":1,"minecraft:grass":20,"minecraft:gravel":9,"minecraft:cobweb":9},"minecraft:killed_by":{"minecraft:pillager":1},"minecraft:used":{"minecraft:carrot_on_a_stick":4,"minecraft:dirt":2,"minecraft:spyglass":2,"minecraft:carrot":11,"minecraft:wooden_axe":20,"quest_giver:trading_contract_farmer":1,"epicfight:stone_greatsword":55,"farmersdelight:cutting_board":2,"minecraft:sweet_berries":8,"untamedwilds:material_fat":1,"minecraft:cooked_mutton":3,"minecraft:leather_leggings":1,"minecraft:stone_pickaxe":4,"minecraft:wooden_pickaxe":5,"minecraft:leather_boots":1,"untamedwilds:anemone_sand":1,"farmersdelight:onion":2,"minecraft:crafting_table":8,"minecraft:white_bed":2,"minecraft:shears":6,"minecraft:apple":1,"minecraft:bread":7,"minecraft:stone_axe":12,"minecraft:wooden_sword":3,"minecraft:cooked_porkchop":4,"minecraft:oak_boat":1},"minecraft:dropped":{"minecraft:stripped_spruce_log":4,"minecraft:wheat_seeds":4,"minecraft:cobblestone":2,"minecraft:leather":3,"minecraft:jungle_planks":1,"minecraft:carrot_on_a_stick":1,"minecraft:coal":9,"minecraft:stick":16,"minecraft:cobweb":12,"minecraft:dirt":3,"minecraft:torch":1,"minecraft:wooden_axe":1,"minecraft:paper":4,"solapplepie:food_book":1,"minecraft:spruce_sapling":16,"minecraft:gravel":5,"minecraft:sweet_berries":17,"hexerei:sage_seed":3,"minecraft:rotten_flesh":8,"minecraft:oak_planks":44,"minecraft:cooked_mutton":9,"magistuarmory:iron_pike":1,"minecraft:allium":11,"minecraft:oak_sapling":3,"minecraft:spider_eye":1,"minecraft:spruce_log":4,"minecraft:stone_pickaxe":1,"bloodandmadness:blood_stone_shard":1,"minecraft:beef":7,"minecraft:wooden_pickaxe":2,"minecraft:black_wool":1},"minecraft:picked_up":{"minecraft:crafting_table":5,"minecraft:allium":38,"farmersdelight:cutting_board":1,"minecraft:string":4,"minecraft:iron_shovel":1,"bloodandmadness:blood_vial":1,"minecraft:beef":34,"minecraft:oak_boat":1,"minecraft:birch_sapling":1,"minecraft:egg":5,"minecraft:stick":26,"minecraft:porkchop":9,"magistuarmory:iron_pike":1,"untamedwilds:hide_bear_brown":3,"minecraft:carrot":9,"solapplepie:food_book":1,"untamedwilds:anemone_sand":1,"hexerei:sage_seed":3,"dannys_expansion:gel":1,"minecraft:arrow":4,"minecraft:rotten_flesh":11,"farmersdelight:tree_bark":11,"farmersdelight:onion":12,"minecraft:shears":1,"untamedwilds:hide_bigcat_leopard":2,"minecraft:hay_block":1,"minecraft:totem_of_undying":1,"minecraft:mutton":6,"bloodandmadness:blood_stone_shard":1,"undead_revamp2:arapholia":2,"minecraft:white_wool":3,"minecraft:cobblestone":5,"minecraft:jungle_log":10,"minecraft:leather":8,"minecraft:carrot_on_a_stick":1,"alexsmobs:bison_fur":1,"paraglider:spirit_orb":1,"minecraft:flint":1,"minecraft:oak_log":7,"minecraft:paper":2,"minecraft:dirt":5,"minecraft:cooked_mutton":13,"minecraft:bone":6,"minecraft:apple":1,"untamedwilds:material_fat":3,"minecraft:wheat_seeds":4,"minecraft:cobweb":12,"minecraft:fletching_table":1,"minecraft:oak_planks":44,"hexerei:animal_fat":8,"minecraft:cooked_porkchop":4,"minecraft:pumpkin":7,"minecraft:sweet_berries":34,"minecraft:gravel":10,"minecraft:stripped_spruce_log":11,"minecraft:spruce_sapling":21,"minecraft:white_bed":1,"minecraft:spruce_log":15,"minecraft:spider_eye":2,"minecraft:purple_bed":1,"minecraft:emerald":3,"minecraft:oak_sapling":3,"pineapple_delight:pineapple_crop":5,"minecraft:black_wool":1,"minecraft:ender_pearl":1},"minecraft:killed":{"minecraft:cave_spider":1,"minecraft:vindicator":4,"dannys_expansion:mundane_slime":2,"minecraft:skeleton":1,"bloodandmadness:beast_patient":1,"alexsmobs:bison":1,"restored_earth:bouldering_zombie":2,"minecraft:pig":4,"restored_earth:lobber_zombie":1,"minecraft:zombie_villager":2,"untamedwilds:boar":1,"minecraft:sheep":4,"minecraft:cow":10},"minecraft:custom":{"lootr:looted_stat":7,"minecraft:mob_kills":36,"minecraft:interact_with_crafting_table":22,"minecraft:open_barrel":2,"minecraft:interact_with_campfire":8,"minecraft:leave_game":2,"minecraft:time_since_death":96687,"minecraft:climb_one_cm":2263,"minecraft:sprint_one_cm":265068,"champions:champion_mobs_killed":13,"minecraft:walk_one_cm":1836308,"minecraft:drop":60,"minecraft:talked_to_villager":1,"minecraft:play_time":153059,"minecraft:deaths":1,"minecraft:sneak_time":1244,"minecraft:walk_under_water_one_cm":23020,"minecraft:boat_one_cm":30844,"minecraft:jump":1840,"minecraft:walk_on_water_one_cm":25127,"minecraft:total_world_time":153059,"minecraft:sleep_in_bed":4,"minecraft:time_since_rest":28206,"minecraft:waystone_activated":3,"minecraft:damage_taken":1160,"minecraft:damage_dealt":5434,"minecraft:swim_one_cm":25019,"minecraft:fly_one_cm":257404,"minecraft:open_chest":1,"minecraft:crouch_one_cm":9180,"minecraft:fall_one_cm":23322,"minecraft:horse_one_cm":12635},"minecraft:crafted":{"minecraft:wooden_sword":1,"quark:jungle_chest":1,"minecraft:stone_pickaxe":1,"minecraft:chest":2,"untamedwilds:material_fat":1,"sophisticatedbackpacks:iron_backpack":1,"sophisticatedbackpacks:backpack":1,"minecraft:crafting_table":4,"minecraft:wooden_pickaxe":2,"minecraft:air":135,"farmersdelight:cutting_board":2,"minecraft:paper":3,"minecraft:stick":12,"quark:oak_chest":1,"minecraft:iron_pickaxe":1,"minecraft:wooden_axe":2,"minecraft:white_bed":1,"minecraft:torch":4}},"DataVersion":2975}