{"stats":{"minecraft:broken":{"minecraft:chainmail_boots":1,"minecraft:leather_helmet":1,"minecraft:iron_pickaxe":1,"minecraft:iron_helmet":1,"epicfight:stone_greatsword":1,"minecraft:stone_pickaxe":1,"minecraft:leather_chestplate":2,"minecraft:leather_boots":2,"epicfight:stray_hat":1},"minecraft:custom":{"minecraft:interact_with_crafting_table":72,"minecraft:open_barrel":27,"minecraft:eat_cake_slice":7,"minecraft:leave_game":20,"minecraft:time_since_death":662,"champions:champion_mobs_killed":175,"minecraft:play_time":992587,"minecraft:deaths":23,"minecraft:jump":9643,"minecraft:interact_with_furnace":7,"minecraft:play_record":1,"minecraft:traded_with_villager":1,"minecraft:sleep_in_bed":18,"minecraft:waystone_activated":7,"minecraft:damage_dealt":45470,"minecraft:horse_one_cm":41620,"minecraft:damage_dealt_absorbed":20096,"minecraft:sneak_time":10938,"minecraft:interact_with_lectern":10,"minecraft:total_world_time":992587,"minecraft:time_since_rest":245,"minecraft:swim_one_cm":295577,"minecraft:fly_one_cm":1894423,"minecraft:open_chest":155,"minecraft:fall_one_cm":133432,"lootr:looted_stat":92,"minecraft:animals_bred":3,"minecraft:damage_resisted":26,"minecraft:sprint_one_cm":1644642,"minecraft:drop":441,"minecraft:talked_to_villager":5,"minecraft:walk_on_water_one_cm":222534,"minecraft:player_kills":4,"minecraft:crouch_one_cm":42152,"minecraft:mob_kills":261,"minecraft:fill_cauldron":1,"minecraft:interact_with_campfire":80,"minecraft:damage_dealt_resisted":159,"minecraft:climb_one_cm":128508,"minecraft:walk_one_cm":9694906,"minecraft:raid_win":1,"minecraft:walk_under_water_one_cm":265832,"minecraft:boat_one_cm":32698,"minecraft:pot_flower":1,"minecraft:damage_taken":18087,"minecraft:damage_absorbed":18,"minecraft:trigger_trapped_chest":1},"minecraft:dropped":{"minecraft:cooked_beef":41,"untamedwilds:material_fat":5,"minecraft:crafting_table":1,"minecraft:cooked_porkchop":1,"minecraft:crossbow":3,"minecraft:saddle":1,"minecraft:rail":8,"minecraft:leather_helmet":1,"minecraft:emerald":39,"minecraft:dirt":9,"minecraft:chain":5,"irons_spellbooks:arcane_essence":26,"minecraft:jungle_sapling":2,"minecraft:writable_book":4,"minecraft:gold_nugget":4,"minecraft:dark_oak_planks":1,"minecraft:blue_bed":1,"minecraft:bone":6,"goblinsanddungeons:scoria_brick_slab":1,"minecraft:stone_axe":1,"irons_spellbooks:blank_rune":2,"minecraft:iron_nugget":2,"minecraft:cobbled_deepslate":18,"minecraft:wheat":18,"minecraft:birch_sapling":4,"minecraft:rotten_flesh":27,"minecraft:oak_planks":55,"untamedwilds:food_bear_cooked":5,"supplementaries:flax_seeds":14,"minecraft:deepslate_tiles":2,"alexsmobs:bison_carpet":1,"pineapple_delight:pineapple_crop":10,"minecraft:leather_boots":4,"apotheosis:gem":4,"minecraft:acacia_sapling":2,"minecraft:leather_leggings":2,"farmersdelight:onion_crate":5,"minecraft:spruce_slab":1,"minecraft:beef":10,"minecraft:egg":9,"minecraft:enchanted_book":3,"minecraft:golden_boots":1,"minecraft:iron_ingot":8,"majruszsdifficulty:recall_potion":1,"minecraft:wheat_seeds":15,"minecraft:iron_helmet":3,"minecraft:cobblestone":16,"minecraft:chainmail_helmet":1,"minecraft:coal":26,"minecraft:cobweb":12,"minecraft:wooden_axe":1,"minecraft:white_banner":3,"minecraft:iron_shovel":1,"minecraft:paper":5,"minecraft:string":13,"minecraft:spruce_sapling":26,"hexerei:sage_seed":15,"minecraft:stone_sword":6,"minecraft:bowl":4,"untamedwilds:flora_bush_temperate":1,"minecraft:white_carpet":3,"minecraft:iron_boots":1,"sophisticatedbackpacks:backpack":1,"minecraft:spruce_fence":2,"minecraft:oak_sign":2,"goblinsanddungeons:scoria_bricks":2,"minecraft:pumpkin_seeds":68,"minecraft:flower_pot":1,"minecraft:allium":14,"majruszsdifficulty:evoker_fang_scroll":1,"minecraft:stone_bricks":4,"minecraft:spider_eye":5,"minecraft:bamboo":22,"minecraft:bow":4,"minecraft:red_sand":6,"bloodandmadness:blood_stone_shard":1,"untamedwilds:flora_junegrass":3,"biomemakeover:cowboy_hat":1,"minecraft:black_wool":1,"minecraft:moss_block":4,"minecraft:birch_planks":40,"minecraft:oak_log":11,"minecraft:baked_potato":4,"minecraft:golden_pickaxe":1,"untamedwilds:hide_bear_brown":3,"minecraft:leather":6,"minecraft:jungle_planks":4,"minecraft:iron_horse_armor":2,"minecraft:carrot_on_a_stick":2,"minecraft:flint":3,"ecologics:walnut_planks":4,"minecraft:cooked_cod":2,"alexsmobs:cooked_catfish":1,"farmersdelight:onion":1,"alexsmobs:cooked_moose_ribs":1,"paraglider:paraglider":2,"solapplepie:food_book":1,"minecraft:gold_ingot":1,"minecraft:gravel":5,"minecraft:white_tulip":1,"minecraft:crimson_fungus":32,"minecraft:cooked_mutton":9,"immersive_weathering:stone_brick":2,"minecraft:chainmail_chestplate":2,"magistuarmory:iron_pike":5,"minecraft:poppy":2,"minecraft:leather_chestplate":1,"minecraft:chest":1,"minecraft:birch_door":1,"minecraft:chainmail_boots":1,"minecraft:iron_bars":3,"minecraft:arrow":1,"minecraft:powered_rail":2,"minecraft:stripped_spruce_log":4,"minecraft:golden_helmet":3,"minecraft:mossy_cobblestone":1,"minecraft:smithing_table":1,"minecraft:lead":1,"wom:iron_greataxe":1,"minecraft:spruce_stairs":1,"quark:glass_item_frame":2,"minecraft:stick":35,"irons_spellbooks:scroll":1,"minecraft:torch":7,"minecraft:melon_slice":16,"minecraft:brown_wool":1,"minecraft:iron_leggings":1,"minecraft:polished_andesite_stairs":1,"minecraft:iron_axe":2,"dannys_expansion:gel":1,"minecraft:tripwire_hook":2,"minecraft:smooth_basalt":3,"goblinsanddungeons:goblin_crown":1,"minecraft:sweet_berries":17,"minecraft:raw_copper":68,"alexsmobs:tarantula_hawk_wing_fragment":1,"minecraft:tuff":2,"farmersdelight:cabbage_seeds":16,"minecraft:iron_hoe":2,"minecraft:filled_map":5,"minecraft:shield":4,"minecraft:andesite":10,"dannys_expansion:sandy_clothes":1,"minecraft:oak_boat":2,"minecraft:oak_sapling":19,"minecraft:golden_sword":1,"minecraft:spruce_log":4,"minecraft:stone_pickaxe":2,"minecraft:wooden_pickaxe":2},"minecraft:crafted":{"quark:birch_chest":2,"paraglider:rito_goddess_statue":1,"ecologics:walnut_planks":4,"minecraft:birch_slab":6,"wom:iron_greataxe":2,"untamedwilds:material_fat":1,"minecraft:birch_door":3,"minecraft:magenta_dye":1,"farmersdelight:iron_knife":1,"minecraft:jungle_boat":1,"supplementaries:cage":1,"waystones:warp_stone":1,"quark:oak_chest":3,"minecraft:iron_pickaxe":1,"minecraft:iron_block":7,"quark:jungle_chest":1,"minecraft:white_carpet":3,"minecraft:stone_pickaxe":3,"minecraft:red_bed":1,"sophisticatedbackpacks:gold_backpack":1,"minecraft:wooden_axe":2,"minecraft:white_bed":1,"minecraft:bow":1,"minecraft:chest":3,"sophisticatedbackpacks:backpack":2,"minecraft:crafting_table":11,"minecraft:wooden_pickaxe":2,"minecraft:gold_block":1,"minecraft:pumpkin_seeds":12,"farmersdelight:cutting_board":2,"minecraft:paper":3,"minecraft:stick":25,"minecraft:wooden_sword":1,"simple_mobs:lycanthrope_elixir":1,"sophisticatedbackpacks:iron_backpack":1,"paraglider:paraglider":2,"minecraft:air":411,"minecraft:oak_boat":1,"nyfsquiver:basic_quiver":2,"minecraft:torch":4},"minecraft:picked_up":{"minecraft:chainmail_boots":2,"minecraft:flower_pot":2,"minecraft:lead":3,"minecraft:smithing_table":1,"minecraft:brown_bed":2,"minecraft:wither_rose":1,"minecraft:enchanted_book":9,"farmersdelight:cutting_board":1,"minecraft:string":30,"paraglider:goddess_statue":1,"minecraft:cooked_salmon":11,"minecraft:gold_nugget":4,"minecraft:cobbled_deepslate":20,"minecraft:spruce_planks":1,"minecraft:written_book":2,"minecraft:melon_slice":87,"minecraft:golden_helmet":1,"untamedwilds:flora_common_reed":8,"farmersdelight:chicken_cuts":2,"minecraft:cauldron":1,"dannys_expansion:gel":2,"minecraft:stone_sword":6,"farmersdelight:onion":13,"create:scoria":1,"minecraft:blaze_rod":1,"minecraft:iron_bars":5,"alexsmobs:lobster_tail":7,"minecraft:birch_log":9,"minecraft:cooked_beef":33,"minecraft:feather":3,"untamedwilds:hide_bigcat_puma":2,"minecraft:jungle_log":13,"minecraft:brown_wool":1,"alexsmobs:bison_fur":1,"minecraft:flint":3,"untamedwilds:flora_junegrass":3,"farmersdelight:mutton_chops":18,"supplementaries:goblet":3,"minecraft:moss_block":4,"hexerei:animal_fat":15,"paraglider:essence":1,"minecraft:stripped_spruce_log":11,"minecraft:iron_hoe":1,"minecraft:polished_andesite":1,"alexsmobs:kangaroo_hide":1,"minecraft:writable_book":3,"minecraft:crafting_table":10,"habitat:kabloom_pulp":1,"minecraft:coarse_dirt":3,"minecraft:nether_wart":4,"minecraft:leather_leggings":1,"alexsmobs:cooked_catfish":3,"minecraft:red_bed":1,"epicfight:stray_hat":1,"minecraft:white_carpet":5,"minecraft:iron_shovel":2,"untamedwilds:flora_water_hyacinth_item":4,"minecraft:beef":48,"farmersdelight:cod_slice":2,"dannys_expansion:sandy_clothes":2,"minecraft:poppy":5,"minecraft:jungle_sapling":2,"minecraft:iron_nugget":3,"minecraft:spruce_slab":1,"minecraft:chest":1,"minecraft:birch_sapling":4,"minecraft:egg":41,"untamedwilds:flora_bush_temperate":2,"minecraft:spruce_fence":2,"minecraft:carrot":18,"minecraft:redstone":14,"untamedwilds:anemone_sand":1,"goblinsanddungeons:goblin_crown":1,"untamedwilds:food_bear_cooked":2,"minecraft:cooked_cod":2,"minecraft:beetroot_seeds":4,"minecraft:peony":1,"minecraft:shears":1,"untamedwilds:hide_bigcat_leopard":2,"minecraft:hay_block":1,"minecraft:gold_ingot":7,"minecraft:totem_of_undying":1,"minecraft:mutton":20,"minecraft:rail":8,"alexsmobs:kangaroo_meat":2,"minecraft:white_wool":8,"minecraft:filled_map":3,"minecraft:oak_log":26,"farmersdelight:salmon_slice":28,"minecraft:golden_boots":1,"minecraft:paper":2,"minecraft:blue_bed":3,"minecraft:white_banner":5,"minecraft:apple":3,"minecraft:stone_bricks":4,"minecraft:kelp":36,"minecraft:stone_pickaxe":1,"minecraft:cobweb":12,"minecraft:gray_bed":2,"minecraft:polished_andesite_stairs":1,"minecraft:smooth_basalt":3,"alexsdelight:kangaroo_shank":4,"minecraft:sweet_berries":121,"minecraft:gravel":15,"minecraft:spruce_sapling":28,"minecraft:spruce_log":15,"immersive_weathering:stone_brick":26,"minecraft:purple_bed":1,"pineapple_delight:pineapple_crop":10,"minecraft:ender_pearl":2,"minecraft:black_carpet":1,"minecraft:wheat":18,"minecraft:raw_copper":68,"minecraft:oak_sign":4,"minecraft:deepslate_tiles":3,"minecraft:red_sand":6,"alexsmobs:cooked_moose_ribs":2,"minecraft:white_tulip":1,"farmersdelight:cabbage_seeds":8,"minecraft:stick":46,"apotheosis:gem":10,"ecologics:walnut_log":3,"majruszsdifficulty:recall_potion":1,"minecraft:brown_terracotta":1,"minecraft:torch":43,"minecraft:spruce_stairs":2,"quark:yellow_corundum_cluster":1,"minecraft:porkchop":31,"solapplepie:food_book":1,"minecraft:rotten_flesh":62,"farmersdelight:tree_bark":11,"create:veridium":19,"untamedwilds:flora_yarrow":3,"bloodandmadness:blood_stone_shard":2,"undead_revamp2:arapholia":2,"minecraft:cod":1,"minecraft:cobblestone":93,"paraglider:paraglider":2,"minecraft:enchanting_table":1,"ecologics:walnut_planks":2,"ecologics:walnut":6,"minecraft:leather_chestplate":1,"minecraft:andesite":10,"minecraft:potato":6,"paraglider:spirit_orb":1,"minecraft:tuff":4,"create:raw_zinc":22,"supplementaries:flax_seeds":8,"minecraft:wither_skeleton_skull":1,"minecraft:lapis_lazuli":26,"minecraft:dirt":21,"minecraft:leather_boots":3,"minecraft:bone":62,"goblinsanddungeons:scoria_bricks":2,"minecraft:bow":5,"goblinsanddungeons:scoria_brick_slab":1,"minecraft:wheat_seeds":38,"minecraft:raw_gold":14,"minecraft:fletching_table":1,"minecraft:bamboo":49,"minecraft:powered_rail":2,"minecraft:oak_planks":63,"irons_spellbooks:frozen_bone":2,"minecraft:cooked_porkchop":25,"majruszsdifficulty:evoker_fang_scroll":1,"minecraft:jungle_planks":5,"untamedwilds:hide_bear_white":2,"alexsmobs:bison_carpet":2,"minecraft:mossy_cobblestone":3,"minecraft:diamond":1,"minecraft:crossbow":3,"minecraft:bone_meal":16,"alexsmobs:moose_ribs":2,"minecraft:emerald":36,"hunterillager:boomerang":3,"minecraft:oak_sapling":21,"untamedwilds:flora_titan_arum_corm":3,"nethersdelight:hoglin_loin":5,"minecraft:allium":42,"minecraft:chicken":1,"minecraft:stone_brick_wall":2,"minecraft:chain":5,"minecraft:shield":3,"untamedwilds:food_bear_raw":4,"minecraft:iron_axe":3,"supplementaries:statue":1,"minecraft:birch_fence":2,"ecologics:walnut_sapling":3,"bloodandmadness:blood_vial":2,"paraglider:rito_goddess_statue":1,"minecraft:oak_boat":2,"minecraft:player_head":2,"minecraft:light_gray_wool":1,"supplementaries:cage":8,"minecraft:sugar_cane":5,"minecraft:dark_oak_sapling":2,"minecraft:raw_iron":14,"minecraft:bowl":1,"magistuarmory:iron_pike":5,"untamedwilds:hide_bear_brown":3,"minecraft:iron_horse_armor":2,"bloodandmadness:beastblood_clump":4,"minecraft:dark_oak_planks":1,"hexerei:sage_seed":16,"minecraft:arrow":104,"untamedwilds:flora_amazon_sword":1,"minecraft:saddle":3,"paraglider:horned_statue":1,"minecraft:skeleton_skull":2,"minecraft:jungle_boat":2,"minecraft:air":0,"minecraft:leather":25,"minecraft:carrot_on_a_stick":1,"minecraft:birch_planks":40,"minecraft:crimson_fungus":32,"minecraft:chainmail_chestplate":1,"minecraft:cobblestone_stairs":1,"minecraft:cooked_mutton":13,"simple_mobs:lootbag":2,"untamedwilds:material_fat":9,"minecraft:iron_ingot":5,"minecraft:acacia_sapling":2,"minecraft:soul_sand":7,"create:black_seat":1,"minecraft:pumpkin":10,"quark:glass_item_frame":2,"waystones:mossy_waystone":1,"minecraft:amethyst_shard":4,"minecraft:white_bed":1,"minecraft:spider_eye":6,"alexsmobs:raw_catfish":3,"biomemakeover:foxglove":2,"minecraft:pumpkin_seeds":35,"simple_mobs:giant_eye_fragment":2,"minecraft:iron_helmet":2,"minecraft:black_wool":1,"minecraft:coal":34},"minecraft:mined":{"minecraft:dark_oak_planks":1,"supplementaries:goblet":3,"minecraft:white_bed":1,"minecraft:red_sand":3,"create:black_seat":1,"supplementaries:blaze_rod":1,"minecraft:oak_wall_sign":4,"minecraft:nether_wart":3,"goblinsanddungeons:urn":1,"minecraft:spawner":18,"minecraft:fire":1,"minecraft:pumpkin":10,"minecraft:fletching_table":1,"minecraft:deepslate_lapis_ore":2,"minecraft:enchanting_table":1,"minecraft:dirt_path":1,"minecraft:small_amethyst_bud":1,"create:veridium":19,"untamedwilds:anemone_sand":1,"minecraft:player_head":2,"immersive_weathering:oak_leaf_pile":3,"minecraft:red_bed":2,"minecraft:kelp_plant":6,"minecraft:amethyst_cluster":1,"minecraft:powder_snow":11,"minecraft:torch":17,"minecraft:melon":18,"minecraft:polished_andesite_stairs":1,"create:scoria":1,"minecraft:dead_bush":1,"minecraft:sugar_cane":2,"minecraft:skeleton_skull":2,"paraglider:horned_statue":1,"minecraft:wheat":1,"minecraft:potted_poppy":1,"minecraft:grass":58,"quark:yellow_corundum_cluster":1,"minecraft:smooth_basalt":3,"minecraft:deepslate":15,"create:zinc_ore":22,"minecraft:deepslate_tiles":4,"minecraft:mossy_cobblestone":1,"farmersdelight:wild_carrots":19,"minecraft:allium":3,"minecraft:spruce_fence":1,"minecraft:moss_block":1,"goblinsanddungeons:scoria_bricks":2,"farmersdelight:wild_onions":15,"minecraft:redstone_ore":2,"minecraft:andesite":98,"pineapple_delight:pineapple_wild_crop":4,"minecraft:vine":2,"minecraft:bamboo":2,"minecraft:soul_sand":7,"minecraft:emerald_ore":17,"minecraft:tall_grass":26,"minecraft:copper_ore":7,"minecraft:deepslate_gold_ore":13,"minecraft:purple_bed":1,"minecraft:coarse_dirt":6,"minecraft:gravel":15,"minecraft:cobweb":9,"minecraft:stone_bricks":2,"minecraft:fern":7,"minecraft:infested_stone":4,"undead_revamp2:arapholia":2,"minecraft:spruce_planks":1,"minecraft:cobblestone_stairs":1,"paraglider:rito_goddess_statue":1,"minecraft:grass_block":18,"minecraft:iron_ore":10,"minecraft:black_carpet":1,"minecraft:brown_bed":1,"minecraft:iron_bars":4,"biomemakeover:paydirt":2,"minecraft:deepslate_redstone_ore":1,"untamedwilds:flora_water_hyacinth":4,"supplementaries:book_pile":1,"minecraft:medium_amethyst_bud":1,"untamedwilds:flora_common_reed":3,"minecraft:poppy":4,"minecraft:cobblestone":44,"minecraft:oak_planks":4,"minecraft:wall_torch":5,"minecraft:cauldron":1,"minecraft:deepslate_copper_ore":2,"farmersdelight:cutting_board":1,"minecraft:oak_log":1,"minecraft:dirt":6,"minecraft:wither_skeleton_skull":1,"minecraft:oak_leaves":20,"minecraft:tuff":11,"minecraft:potted_wither_rose":1,"minecraft:deepslate_diamond_ore":1,"biomemakeover:foxglove":2,"minecraft:spruce_leaves":51,"minecraft:hay_block":1,"untamedwilds:flora_yarrow":2,"minecraft:carrots":1,"treechop:chopped_log":8,"minecraft:peony":1,"minecraft:deepslate_iron_ore":2,"untamedwilds:flora_cycad":1,"minecraft:stone":91,"minecraft:white_tulip":1,"minecraft:podzol":3,"supplementaries:statue":1,"minecraft:red_wool":2,"minecraft:polished_granite":1,"goblinsanddungeons:scoria":2,"minecraft:crafting_table":11,"minecraft:lapis_ore":2,"supplementaries:cage":8,"minecraft:blue_bed":4,"supplementaries:urn":1,"minecraft:spruce_stairs":1,"minecraft:sweet_berry_bush":1,"minecraft:ice":2,"minecraft:gray_bed":2,"minecraft:coal_ore":34,"untamedwilds:flora_titan_arum":3,"minecraft:birch_fence":2,"paraglider:goddess_statue":1},"minecraft:used":{"minecraft:peony":1,"minecraft:writable_book":2,"minecraft:black_carpet":1,"minecraft:chest":4,"minecraft:soul_sand":7,"minecraft:lava_bucket":7,"alexsmobs:bison_carpet":1,"untamedwilds:flora_titan_arum_corm":3,"untamedwilds:carpet_bigcat_leopard":6,"minecraft:rabbit_stew":4,"minecraft:bow":171,"minecraft:sweet_berries":85,"minecraft:oak_sapling":2,"untamedwilds:material_fat":2,"minecraft:egg":29,"minecraft:potato":7,"untamedwilds:flora_yarrow":1,"minecraft:leather_leggings":1,"minecraft:wooden_pickaxe":5,"minecraft:jungle_boat":3,"untamedwilds:anemone_sand":1,"minecraft:cookie":1,"minecraft:birch_fence":2,"minecraft:deepslate_tiles":1,"minecraft:wooden_sword":3,"minecraft:oak_boat":1,"minecraft:enchanting_table":1,"alexsmobs:flying_fish_bucket":2,"create:veridium":1,"minecraft:cooked_salmon":4,"minecraft:torch":37,"wom:iron_greataxe":390,"quest_giver:trading_contract_weaponsmith":2,"minecraft:iron_axe":55,"epicfight:stone_greatsword":131,"minecraft:bamboo":25,"minecraft:beef":5,"minecraft:blaze_rod":1,"ecologics:walnut":5,"supplementaries:statue":1,"minecraft:cobbled_deepslate":2,"minecraft:water_bucket":12,"alexsmobs:cooked_catfish":2,"minecraft:cauldron":1,"minecraft:fletching_table":1,"minecraft:leather_boots":2,"minecraft:mossy_cobblestone":2,"minecraft:crafting_table":22,"minecraft:red_bed":2,"minecraft:white_bed":2,"minecraft:cake":1,"minecraft:oak_log":2,"minecraft:iron_pickaxe":167,"majruszsdifficulty:pillager_treasure_bag":1,"minecraft:cobblestone":67,"minecraft:purple_bed":1,"minecraft:cooked_porkchop":20,"untamedwilds:flora_bush_temperate":1,"minecraft:iron_shovel":2,"minecraft:carrot_on_a_stick":4,"minecraft:oak_sign":2,"minecraft:nether_wart":4,"minecraft:player_head":2,"minecraft:mutton":7,"minecraft:carrot":76,"minecraft:tuff":2,"minecraft:music_disc_13":1,"quark:yellow_corundum_cluster":2,"create:scoria":1,"quest_giver:trading_contract_farmer":2,"farmersdelight:cutting_board":3,"minecraft:gray_bed":2,"minecraft:skeleton_skull":2,"minecraft:dark_oak_sapling":2,"epicfight:skillbook":1,"minecraft:wither_skeleton_skull":1,"minecraft:stone_pickaxe":334,"minecraft:oak_planks":3,"minecraft:blue_bed":2,"minecraft:sugar_cane":8,"minecraft:shears":6,"minecraft:bread":19,"minecraft:melon_slice":65,"minecraft:gravel":1,"minecraft:golden_helmet":1,"alexsmobs:cooked_moose_ribs":1,"minecraft:air":1,"minecraft:coarse_dirt":3,"minecraft:experience_bottle":3,"minecraft:spruce_planks":13,"minecraft:dirt":12,"minecraft:spyglass":2,"minecraft:white_carpet":5,"minecraft:spruce_stairs":1,"minecraft:birch_door":2,"minecraft:wooden_axe":20,"paraglider:horned_statue":1,"minecraft:brown_terracotta":1,"untamedwilds:food_bear_cooked":2,"create:black_seat":1,"paraglider:rito_goddess_statue":2,"alexsmobs:lobster_bucket":14,"minecraft:cooked_beef":33,"minecraft:brown_bed":1,"minecraft:cooked_mutton":4,"minecraft:cobblestone_stairs":1,"minecraft:polished_andesite":1,"ecologics:walnut_sapling":3,"untamedwilds:food_bear_raw":1,"untamedwilds:flora_common_reed":8,"farmersdelight:onion":24,"minecraft:flower_pot":1,"minecraft:apple":6,"supplementaries:cage":18,"waystones:mossy_waystone":1,"minecraft:stone_axe":12,"minecraft:bucket":34},"minecraft:killed_by":{"minecraft:piglin_brute":1,"minecraft:pillager":5,"minecraft:vindicator":2,"minecraft:zombie":1,"majruszsdifficulty:cursed_armor":2,"minecraft:husk":1,"simple_mobs:dark_elemental":1,"simple_mobs:gob":1,"minecraft:player":1,"minecraft:hoglin":1,"minecraft:skeleton":4},"minecraft:killed":{"untamedwilds:large_snake":2,"alexsmobs:lobster":14,"minecraft:cave_spider":1,"minecraft:skeleton":32,"hunterillager:hunterillager":3,"bloodandmadness:beast_patient":3,"goblinsanddungeons:garch":1,"minecraft:chicken":1,"savage_and_ravage:creepie":2,"minecraft:pillager":24,"minecraft:zombie":18,"untamedwilds:bison":1,"minecraft:cow":17,"minecraft:vindicator":16,"simple_mobs:giant":2,"dannys_expansion:mundane_slime":2,"minecraft:husk":11,"restored_earth:lobber_zombie":1,"majruszsdifficulty:cursed_armor":8,"minecraft:ravager":4,"alexsmobs:catfish":1,"simple_mobs:goblo":1,"simple_mobs:hobgob":1,"minecraft:spider":7,"dannys_expansion:foamspring":1,"minecraft:silverfish":19,"minecraft:illusioner":1,"alexsmobs:kangaroo":2,"bloodandmadness:silverbeast":1,"minecraft:pig":9,"simple_mobs:gobber":1,"minecraft:zombie_villager":2,"savage_and_ravage:executioner":1,"untamedwilds:boar":4,"untamedwilds:bear":1,"minecraft:sheep":10,"alexsmobs:terrapin":1,"minecraft:stray":2,"goblinsanddungeons:goblin_king":1,"alexsmobs:bison":1,"restored_earth:bouldering_zombie":3,"mimic:mimic":1,"dannys_expansion:desertic_slime":1,"simple_mobs:goom":1,"minecraft:hoglin":1,"simple_mobs:gob":8}},"DataVersion":2975}