{"stats":{"minecraft:killed":{"minecraft:cave_spider":1,"minecraft:pig":3,"restored_earth:lobber_zombie":1,"minecraft:zombie_villager":2,"dannys_expansion:mundane_slime":1,"minecraft:sheep":4,"minecraft:skeleton":1,"restored_earth:bouldering_zombie":1,"minecraft:cow":10},"minecraft:used":{"minecraft:leather_leggings":1,"minecraft:carrot_on_a_stick":4,"minecraft:wooden_pickaxe":5,"minecraft:leather_boots":1,"minecraft:dirt":2,"minecraft:spyglass":2,"minecraft:crafting_table":4,"minecraft:carrot":3,"minecraft:white_bed":1,"minecraft:shears":6,"minecraft:wooden_axe":8,"minecraft:bread":6,"epicfight:stone_greatsword":32,"minecraft:wooden_sword":3},"minecraft:picked_up":{"minecraft:crafting_table":2,"minecraft:jungle_log":10,"minecraft:leather":7,"minecraft:carrot_on_a_stick":1,"paraglider:spirit_orb":1,"minecraft:oak_log":6,"minecraft:dirt":2,"minecraft:string":4,"minecraft:cooked_mutton":8,"minecraft:iron_shovel":1,"minecraft:bone":2,"minecraft:beef":20,"minecraft:cobweb":12,"minecraft:oak_planks":16,"hexerei:animal_fat":7,"minecraft:stick":10,"minecraft:cooked_porkchop":4,"minecraft:porkchop":6,"magistuarmory:iron_pike":1,"solapplepie:food_book":1,"minecraft:spider_eye":1,"dannys_expansion:gel":1,"minecraft:rotten_flesh":8,"minecraft:arrow":4,"minecraft:shears":1,"minecraft:totem_of_undying":1,"minecraft:oak_sapling":3,"minecraft:black_wool":1,"minecraft:mutton":6,"minecraft:white_wool":3,"minecraft:cobblestone":5,"minecraft:ender_pearl":1},"minecraft:dropped":{"minecraft:cobblestone":2,"minecraft:rotten_flesh":8,"minecraft:oak_planks":16,"minecraft:leather":3,"minecraft:jungle_planks":1,"minecraft:cooked_mutton":4,"minecraft:carrot_on_a_stick":1,"minecraft:stick":3,"minecraft:cobweb":12,"minecraft:wooden_axe":1,"minecraft:spider_eye":1,"minecraft:wooden_pickaxe":2,"solapplepie:food_book":1,"minecraft:black_wool":1},"minecraft:crafted":{"minecraft:wooden_sword":1,"sophisticatedbackpacks:backpack":1,"minecraft:crafting_table":2,"minecraft:wooden_pickaxe":2,"quark:jungle_chest":1,"minecraft:air":64,"quark:oak_chest":1,"minecraft:stick":12,"minecraft:wooden_axe":2,"minecraft:stone_pickaxe":1,"minecraft:chest":2,"minecraft:white_bed":1},"minecraft:mined":{"minecraft:crafting_table":2,"minecraft:grass_block":2,"minecraft:tall_grass":1,"treechop:chopped_log":2,"minecraft:grass":3,"minecraft:vine":1,"minecraft:cobweb":9,"minecraft:stone":5},"minecraft:custom":{"lootr:looted_stat":4,"minecraft:mob_kills":24,"minecraft:interact_with_crafting_table":14,"minecraft:open_barrel":2,"minecraft:interact_with_campfire":8,"minecraft:leave_game":1,"minecraft:time_since_death":45944,"minecraft:climb_one_cm":1772,"minecraft:time_since_rest":45944,"minecraft:waystone_activated":1,"minecraft:sprint_one_cm":15946,"champions:champion_mobs_killed":7,"minecraft:damage_taken":333,"minecraft:walk_one_cm":563907,"minecraft:drop":22,"minecraft:damage_dealt":2634,"minecraft:fly_one_cm":16479,"minecraft:crouch_one_cm":536,"minecraft:play_time":45944,"minecraft:sneak_time":46,"minecraft:walk_under_water_one_cm":3430,"minecraft:jump":419,"minecraft:walk_on_water_one_cm":5298,"minecraft:total_world_time":45944,"minecraft:fall_one_cm":3470}},"DataVersion":2975}