{"stats":{"minecraft:mined":{"minecraft:grass":1,"minecraft:melon":3,"minecraft:cocoa":2},"minecraft:used":{"minecraft:bow":2},"minecraft:picked_up":{"minecraft:cocoa_beans":6,"minecraft:melon_slice":10},"minecraft:custom":{"minecraft:jump":122,"minecraft:time_since_rest":6108,"minecraft:leave_game":1,"minecraft:crouch_one_cm":541,"minecraft:damage_taken":40,"minecraft:sprint_one_cm":29158,"minecraft:play_time":6108,"minecraft:walk_on_water_one_cm":1131,"minecraft:time_since_death":6108,"minecraft:walk_one_cm":21020,"minecraft:sneak_time":97,"minecraft:climb_one_cm":939,"minecraft:total_world_time":6108,"minecraft:walk_under_water_one_cm":1789,"minecraft:fall_one_cm":1937,"minecraft:fly_one_cm":35801}},"DataVersion":2975}