{"stats":{"minecraft:used":{"minecraft:wheat_seeds":1,"minecraft:stone_pickaxe":39,"minecraft:crafting_table":1,"minecraft:carrot":9,"minecraft:wooden_axe":7,"quark:spruce_chest":1,"minecraft:melon_slice":3,"minecraft:bread":7,"minecraft:birch_sapling":2,"minecraft:spruce_sapling":9,"minecraft:stone_axe":10,"minecraft:bow":13,"minecraft:furnace":3,"minecraft:egg":1,"minecraft:potato":3},"minecraft:dropped":{"minecraft:wheat_seeds":1,"minecraft:filled_map":1,"minecraft:wooden_axe":1,"minecraft:wooden_pickaxe":2},"minecraft:custom":{"minecraft:interact_with_furnace":12,"minecraft:mob_kills":8,"minecraft:interact_with_crafting_table":7,"minecraft:leave_game":2,"minecraft:time_since_death":25485,"minecraft:climb_one_cm":939,"minecraft:time_since_rest":25485,"champions:champion_mobs_killed":2,"minecraft:sprint_one_cm":189379,"minecraft:damage_taken":205,"minecraft:walk_one_cm":101370,"minecraft:drop":5,"minecraft:damage_dealt":250,"minecraft:damage_dealt_absorbed":27,"minecraft:fly_one_cm":167321,"minecraft:open_chest":2,"minecraft:crouch_one_cm":768,"minecraft:play_time":25485,"minecraft:sneak_time":154,"minecraft:walk_under_water_one_cm":1789,"minecraft:jump":428,"minecraft:walk_on_water_one_cm":1131,"minecraft:total_world_time":25485,"minecraft:fall_one_cm":7794,"minecraft:horse_one_cm":3582},"minecraft:crafted":{"minecraft:wooden_pickaxe":1,"minecraft:cooked_chicken":2,"minecraft:baked_potato":4,"minecraft:furnace":1,"minecraft:stone_axe":1,"minecraft:air":63,"minecraft:charcoal":8,"minecraft:wooden_axe":1,"quark:spruce_chest":1},"minecraft:picked_up":{"minecraft:wooden_axe":1,"minecraft:birch_log":6,"minecraft:cocoa_beans":6,"minecraft:wheat":2,"minecraft:feather":1,"minecraft:chicken":3,"minecraft:brown_wool":1,"minecraft:wooden_pickaxe":2,"minecraft:potato":6,"minecraft:filled_map":1,"minecraft:dirt":12,"minecraft:raw_copper":10,"minecraft:wheat_seeds":5,"minecraft:stone_pickaxe":1,"minecraft:melon_slice":10,"minecraft:birch_sapling":3,"minecraft:egg":3,"hexerei:animal_fat":1,"minecraft:stick":8,"minecraft:porkchop":1,"minecraft:spruce_sapling":10,"minecraft:carrot":19,"minecraft:spruce_log":16,"minecraft:rotten_flesh":1,"minecraft:mutton":2,"minecraft:white_wool":1,"minecraft:cobblestone":31},"minecraft:mined":{"minecraft:grass_block":4,"minecraft:melon":3,"minecraft:tall_grass":2,"minecraft:copper_ore":4,"minecraft:carrots":5,"minecraft:wheat":1,"treechop:chopped_log":3,"minecraft:grass":7,"minecraft:potatoes":2,"minecraft:cocoa":2,"minecraft:dirt":9,"minecraft:stone":31,"minecraft:infested_stone":1},"minecraft:killed":{"minecraft:pig":1,"minecraft:sheep":2,"minecraft:zombie":1,"minecraft:chicken":3,"minecraft:silverfish":1}},"DataVersion":2975}