{"stats":{"minecraft:custom":{"minecraft:interact_with_furnace":12,"minecraft:mob_kills":13,"minecraft:interact_with_crafting_table":7,"minecraft:leave_game":3,"minecraft:time_since_death":35007,"minecraft:climb_one_cm":939,"minecraft:time_since_rest":35007,"champions:champion_mobs_killed":6,"minecraft:sprint_one_cm":257234,"minecraft:walk_one_cm":149525,"minecraft:damage_taken":493,"minecraft:damage_absorbed":210,"minecraft:drop":6,"minecraft:damage_dealt":373,"minecraft:damage_dealt_absorbed":36,"minecraft:swim_one_cm":492,"minecraft:fly_one_cm":246624,"minecraft:open_chest":3,"minecraft:crouch_one_cm":768,"minecraft:play_time":35007,"minecraft:sneak_time":154,"minecraft:walk_under_water_one_cm":1896,"minecraft:jump":684,"minecraft:walk_on_water_one_cm":1356,"minecraft:total_world_time":35007,"minecraft:fall_one_cm":15265,"minecraft:horse_one_cm":3582},"minecraft:dropped":{"minecraft:stone_axe":1,"minecraft:wheat_seeds":1,"minecraft:filled_map":1,"minecraft:wooden_axe":1,"minecraft:wooden_pickaxe":2},"minecraft:used":{"minecraft:wheat_seeds":1,"minecraft:stone_pickaxe":145,"minecraft:torch":3,"minecraft:crafting_table":1,"minecraft:carrot":9,"minecraft:wooden_axe":7,"quark:spruce_chest":1,"minecraft:bread":12,"minecraft:melon_slice":3,"minecraft:birch_sapling":2,"minecraft:spruce_sapling":9,"minecraft:stone_axe":18,"minecraft:cobblestone":24,"minecraft:bow":28,"minecraft:furnace":3,"minecraft:egg":1,"minecraft:potato":3},"minecraft:killed":{"minecraft:pig":1,"dannys_expansion:mundane_slime":2,"minecraft:skeleton":1,"minecraft:sheep":2,"minecraft:zombie":2,"minecraft:chicken":3,"minecraft:silverfish":1},"minecraft:mined":{"minecraft:carved_pumpkin":1,"minecraft:grass_block":5,"minecraft:calcite":1,"minecraft:melon":3,"minecraft:tall_grass":3,"minecraft:copper_ore":6,"minecraft:cobblestone":1,"minecraft:wall_torch":2,"minecraft:purple_bed":1,"minecraft:carrots":5,"minecraft:iron_ore":11,"minecraft:wheat":1,"minecraft:andesite":12,"treechop:chopped_log":3,"minecraft:grass":9,"minecraft:potatoes":2,"minecraft:coal_ore":25,"minecraft:cocoa":2,"minecraft:dirt":11,"minecraft:stone":81,"minecraft:infested_stone":1},"minecraft:picked_up":{"minecraft:wooden_axe":1,"minecraft:birch_log":6,"minecraft:cocoa_beans":6,"minecraft:wheat":2,"minecraft:feather":1,"minecraft:chicken":3,"minecraft:andesite":12,"minecraft:brown_wool":1,"minecraft:wooden_pickaxe":2,"minecraft:potato":6,"minecraft:filled_map":1,"minecraft:dirt":15,"minecraft:raw_copper":19,"minecraft:bone":2,"minecraft:wheat_seeds":5,"minecraft:stone_pickaxe":1,"minecraft:calcite":1,"minecraft:melon_slice":10,"minecraft:birch_sapling":3,"minecraft:egg":3,"hexerei:animal_fat":1,"minecraft:stick":8,"minecraft:raw_iron":11,"minecraft:dandelion":1,"minecraft:torch":2,"minecraft:porkchop":1,"minecraft:spruce_sapling":10,"minecraft:carrot":19,"minecraft:spruce_log":16,"dannys_expansion:gel":1,"minecraft:purple_bed":1,"minecraft:rotten_flesh":5,"minecraft:stone_axe":1,"minecraft:carved_pumpkin":1,"minecraft:mutton":2,"minecraft:coal":17,"minecraft:white_wool":1,"minecraft:cobblestone":82},"minecraft:crafted":{"minecraft:wooden_pickaxe":1,"minecraft:cooked_chicken":2,"minecraft:baked_potato":4,"minecraft:furnace":1,"minecraft:stone_axe":1,"minecraft:air":63,"minecraft:charcoal":8,"minecraft:stick":8,"minecraft:wooden_axe":1,"quark:spruce_chest":1,"minecraft:torch":4}},"DataVersion":2975}