{"stats":{"minecraft:mined":{"minecraft:red_bed":1,"minecraft:carved_pumpkin":1,"minecraft:crafting_table":6,"untamedwilds:flora_bush_temperate":1,"minecraft:grass_block":6,"untamedwilds:flora_elephant_ear":1,"quark:yellow_corundum":1,"minecraft:lightning_rod":1,"minecraft:tall_grass":27,"minecraft:cobblestone":9,"minecraft:spruce_leaves":4,"minecraft:damaged_anvil":1,"minecraft:furnace":2,"minecraft:fire":2,"minecraft:birch_leaves":1,"minecraft:waxed_copper_block":1,"treechop:chopped_log":4,"minecraft:grass":31,"minecraft:oak_log":8,"pineapple_delight:pineapple_wild_crop":1,"minecraft:dirt":1,"quark:yellow_corundum_cluster":2,"minecraft:cobweb":5,"minecraft:stone":1,"minecraft:stone_bricks":1,"create:crimsite":2,"minecraft:mossy_stone_bricks":1,"minecraft:oak_leaves":18,"immersive_weathering:oak_leaf_pile":2,"minecraft:infested_stone":1},"minecraft:killed_by":{"dannys_expansion:ghoul":1,"minecraft:pillager":1,"simple_mobs:sentinel_knight":1,"untamedwilds:big_cat":1,"alexsmobs:bison":1},"minecraft:dropped":{"minecraft:rotten_flesh":5,"minecraft:stick":1,"minecraft:dirt":1,"minecraft:oak_sapling":5,"minecraft:spruce_log":4,"irons_spellbooks:iron_spell_book":2,"bloodandmadness:blood_stone_shard":1,"untamedwilds:flora_elephant_ear":1},"minecraft:used":{"minecraft:stone_pickaxe":21,"minecraft:wooden_pickaxe":9,"minecraft:dirt":2,"minecraft:spyglass":3,"minecraft:crafting_table":6,"minecraft:wooden_axe":36,"minecraft:iron_axe":16,"minecraft:bread":12,"minecraft:wooden_sword":7,"minecraft:cobblestone":3,"minecraft:sweet_berries":5,"minecraft:oak_boat":1,"minecraft:cobweb":1},"minecraft:picked_up":{"ecologics:walnut":4,"minecraft:crafting_table":6,"untamedwilds:flora_elephant_ear":1,"minecraft:leather":3,"minecraft:potato":4,"alexsmobs:bison_fur":1,"minecraft:oak_log":13,"minecraft:waxed_copper_block":1,"minecraft:dirt":3,"minecraft:string":5,"minecraft:red_bed":1,"minecraft:iron_axe":1,"minecraft:bone":8,"irons_spellbooks:iron_spell_book":2,"ecologics:walnut_sapling":6,"minecraft:stone_bricks":1,"minecraft:wheat_seeds":5,"minecraft:beef":7,"minecraft:cobweb":6,"minecraft:mossy_stone_bricks":1,"minecraft:furnace":2,"hexerei:animal_fat":1,"minecraft:stick":8,"ecologics:walnut_log":5,"minecraft:sweet_berries":3,"untamedwilds:flora_bush_temperate":1,"quark:yellow_corundum_cluster":3,"minecraft:porkchop":5,"minecraft:lightning_rod":1,"minecraft:stripped_spruce_log":4,"minecraft:spruce_sapling":7,"minecraft:carrot":3,"untamedwilds:hide_bigcat_snow_leopard":3,"minecraft:spruce_log":4,"quark:yellow_corundum":1,"hexerei:sage_seed":5,"create:crimsite":2,"minecraft:rotten_flesh":5,"minecraft:carved_pumpkin":1,"untamedwilds:hide_bigcat_tiger":3,"minecraft:oak_sapling":15,"minecraft:damaged_anvil":1,"bloodandmadness:blood_stone_shard":2,"minecraft:cobblestone":12},"minecraft:broken":{"minecraft:iron_axe":1},"minecraft:killed":{"minecraft:pig":2,"restored_earth:lobber_zombie":1,"minecraft:vindicator":2,"untamedwilds:big_cat":3,"minecraft:pillager":2,"minecraft:donkey":1,"minecraft:silverfish":1,"alexsmobs:bison":1,"minecraft:drowned":1},"minecraft:custom":{"minecraft:interact_with_furnace":1,"lootr:looted_stat":1,"minecraft:mob_kills":12,"minecraft:interact_with_crafting_table":9,"minecraft:open_barrel":3,"minecraft:eat_cake_slice":5,"minecraft:leave_game":1,"minecraft:time_since_death":36199,"minecraft:climb_one_cm":6481,"minecraft:time_since_rest":36295,"minecraft:waystone_activated":3,"champions:champion_mobs_killed":7,"minecraft:sprint_one_cm":321125,"minecraft:damage_absorbed":60,"minecraft:damage_taken":1414,"minecraft:walk_one_cm":848720,"minecraft:drop":13,"minecraft:damage_dealt":352,"minecraft:damage_dealt_absorbed":2,"minecraft:swim_one_cm":31419,"minecraft:talked_to_villager":1,"minecraft:fly_one_cm":446634,"minecraft:open_chest":13,"minecraft:crouch_one_cm":1435,"minecraft:sneak_time":228,"minecraft:play_time":90280,"minecraft:deaths":5,"minecraft:walk_under_water_one_cm":4868,"minecraft:boat_one_cm":920,"minecraft:jump":1501,"minecraft:walk_on_water_one_cm":16662,"minecraft:total_world_time":90280,"minecraft:fall_one_cm":30778},"minecraft:crafted":{"minecraft:wooden_sword":1,"sophisticatedbackpacks:backpack":1,"ecologics:walnut_planks":20,"minecraft:air":41,"minecraft:stick":8,"quark:oak_chest":1,"minecraft:chest":1}},"DataVersion":2975}