{"stats":{"minecraft:killed":{"minecraft:pig":1,"restored_earth:lobber_zombie":1},"minecraft:used":{"minecraft:wooden_axe":4,"minecraft:bread":3,"minecraft:wooden_pickaxe":9,"minecraft:wooden_sword":4,"minecraft:spyglass":2,"minecraft:dirt":2,"minecraft:crafting_table":4},"minecraft:picked_up":{"hexerei:animal_fat":1,"minecraft:crafting_table":4,"minecraft:stick":5,"ecologics:walnut":4,"untamedwilds:flora_elephant_ear":1,"ecologics:walnut_log":5,"minecraft:leather":3,"minecraft:potato":4,"minecraft:porkchop":3,"minecraft:carrot":3,"minecraft:string":4,"minecraft:dirt":2,"hexerei:sage_seed":5,"create:crimsite":2,"ecologics:walnut_sapling":6,"irons_spellbooks:iron_spell_book":2,"minecraft:rotten_flesh":5,"minecraft:wheat_seeds":3,"minecraft:cobweb":6,"minecraft:cobblestone":9},"minecraft:dropped":{"irons_spellbooks:iron_spell_book":2},"minecraft:crafted":{"minecraft:wooden_sword":1,"minecraft:stick":8,"ecologics:walnut_planks":20,"minecraft:air":4},"minecraft:killed_by":{"dannys_expansion:ghoul":1,"simple_mobs:sentinel_knight":1},"minecraft:mined":{"minecraft:fire":2,"treechop:chopped_log":1,"minecraft:crafting_table":4,"minecraft:grass":20,"minecraft:grass_block":3,"untamedwilds:flora_elephant_ear":1,"minecraft:cobweb":4,"minecraft:tall_grass":11,"minecraft:cobblestone":6,"minecraft:stone":1,"create:crimsite":2},"minecraft:custom":{"minecraft:time_since_rest":21532,"minecraft:waystone_activated":1,"champions:champion_mobs_killed":1,"minecraft:sprint_one_cm":76201,"minecraft:walk_one_cm":198023,"minecraft:damage_taken":426,"minecraft:damage_absorbed":60,"minecraft:mob_kills":2,"minecraft:drop":2,"minecraft:damage_dealt":103,"minecraft:swim_one_cm":13257,"minecraft:interact_with_crafting_table":4,"minecraft:fly_one_cm":98530,"minecraft:open_chest":5,"minecraft:crouch_one_cm":88,"minecraft:play_time":29211,"minecraft:deaths":2,"minecraft:walk_under_water_one_cm":399,"minecraft:sneak_time":30,"minecraft:jump":451,"minecraft:time_since_death":19956,"minecraft:walk_on_water_one_cm":3151,"minecraft:total_world_time":29211,"minecraft:climb_one_cm":1619,"minecraft:fall_one_cm":10381}},"DataVersion":2975}