{"stats":{"minecraft:killed_by":{"minecraft:pillager":7,"minecraft:vindicator":2,"dannys_expansion:ghoul":1,"minecraft:zombie":3,"majruszsdifficulty:cursed_armor":3,"alexsmobs:rattlesnake":1,"simple_mobs:dark_elemental":3,"alexsmobs:bison":1,"simple_mobs:sentinel_knight":2,"untamedwilds:big_cat":1,"bloodandmadness:cloaked_beast_patient":1,"irons_spellbooks:cryomancer":1,"minecraft:wither_skeleton":1,"monsterplus:crystal_zombie":4,"simple_mobs:bright_elemental":1,"dannys_expansion:cursed_skull":1,"alexsmobs:crocodile":1,"goblinsanddungeons:goblin_king":2,"minecraft:illusioner":1,"minecraft:player":6,"minecraft:spider":2,"untamedwilds:large_snake":1,"minecraft:skeleton":9,"simple_mobs:giant":1},"minecraft:used":{"irons_spellbooks:inscription_table":4,"minecraft:beetroot":2,"minecraft:writable_book":8,"ecologics:coconut_planks":62,"minecraft:spruce_boat":1,"minecraft:sweet_berries":5,"minecraft:furnace":6,"minecraft:egg":24,"minecraft:mossy_stone_bricks":1,"minecraft:wooden_pickaxe":9,"minecraft:jungle_boat":2,"minecraft:cookie":1,"minecraft:lightning_rod":2,"minecraft:deepslate_tiles":2,"minecraft:stone_button":2,"minecraft:lectern":1,"minecraft:cut_red_sandstone":2,"minecraft:wooden_sword":7,"minecraft:smithing_table":13,"minecraft:birch_log":1,"minecraft:oak_boat":4,"storagedrawers:oak_full_drawers_2":2,"minecraft:iron_bars":2,"minecraft:stone_sword":13,"minecraft:carved_pumpkin":1,"minecraft:torch":17,"quest_giver:trading_contract_weaponsmith":1,"minecraft:iron_axe":365,"untamedwilds:carpet_bigcat_tiger":6,"minecraft:cobbled_deepslate":84,"minecraft:birch_planks":11,"minecraft:mossy_cobblestone":1,"minecraft:rail":2,"minecraft:crafting_table":29,"minecraft:red_bed":4,"minecraft:oak_log":15,"minecraft:cornflower":1,"minecraft:iron_pickaxe":611,"quark:dark_oak_chest":3,"minecraft:cobblestone":29,"minecraft:purple_bed":4,"minecraft:cooked_porkchop":5,"quark:oak_chest":4,"minecraft:red_sand":11,"minecraft:iron_shovel":22,"minecraft:shield":22,"minecraft:iron_sword":454,"minecraft:jungle_planks":16,"minecraft:carrot":132,"ecologics:prickly_pear":1,"minecraft:tuff":11,"minecraft:lantern":2,"minecraft:stone_bricks":1,"minecraft:written_book":1,"minecraft:jungle_button":1,"minecraft:gray_bed":2,"morevillagers:oceanography_table":1,"quark:dark_oak_ladder":1,"epicfight:skillbook":1,"quark:crate":1,"minecraft:stone_pickaxe":96,"minecraft:oak_planks":18,"minecraft:blue_bed":2,"cloudstorage:guide_book":3,"minecraft:crossbow":5,"minecraft:light_gray_concrete":1,"minecraft:bread":68,"minecraft:gravel":2,"alexsmobs:cooked_moose_ribs":2,"minecraft:cooked_rabbit":2,"minecraft:andesite":5,"minecraft:chain":1,"minecraft:coarse_dirt":7,"minecraft:bone_meal":22,"minecraft:cobweb":1,"minecraft:experience_bottle":5,"storagedrawers:oak_full_drawers_1":1,"minecraft:spruce_planks":42,"minecraft:spyglass":3,"minecraft:dirt":30,"minecraft:white_carpet":6,"minecraft:raw_iron_block":1,"goblinsanddungeons:scoria_bricks":2,"minecraft:dark_oak_planks":1,"minecraft:wooden_axe":53,"quark:spruce_chest":2,"untamedwilds:food_bear_cooked":3,"minecraft:yellow_concrete_powder":1,"minecraft:light_gray_wool":1,"minecraft:cooked_beef":37,"minecraft:brown_bed":3,"minecraft:acacia_boat":1,"minecraft:polished_andesite":4,"minecraft:baked_potato":23,"minecraft:birch_boat":3,"minecraft:waxed_copper_block":1,"magistuarmory:iron_pike":3,"minecraft:apple":3,"waystones:mossy_waystone":1,"minecraft:stone_axe":97},"minecraft:dropped":{"minecraft:porkchop":1,"minecraft:glow_ink_sac":1,"minecraft:red_sandstone":5,"minecraft:crossbow":1,"minecraft:item_frame":4,"minecraft:emerald":7,"minecraft:dirt":19,"minecraft:red_bed":1,"minecraft:grass":29,"minecraft:stone_button":1,"alexsmobs:flying_fish":2,"minecraft:jungle_sapling":2,"minecraft:wooden_sword":1,"minecraft:writable_book":1,"minecraft:gold_nugget":2,"minecraft:sand":16,"minecraft:dark_oak_planks":3,"minecraft:white_wool":2,"quark:oak_chest":1,"minecraft:bone":12,"goblinsanddungeons:scoria_brick_slab":1,"minecraft:iron_nugget":26,"minecraft:wheat":5,"minecraft:blue_wool":2,"minecraft:rotten_flesh":20,"alexsmobs:bison_fur_block":3,"minecraft:oak_planks":10,"minecraft:glowstone_dust":1,"alexsmobs:bison_carpet":1,"minecraft:acacia_sapling":11,"minecraft:ladder":2,"minecraft:leather_leggings":1,"minecraft:beef":1,"minecraft:stone_brick_stairs":1,"minecraft:acacia_fence":1,"minecraft:egg":2,"minecraft:golden_boots":2,"minecraft:iron_ingot":16,"majruszsdifficulty:recall_potion":2,"minecraft:wheat_seeds":33,"minecraft:iron_helmet":3,"minecraft:book":2,"minecraft:purple_concrete":3,"quark:orange_shingles":5,"minecraft:cobweb":5,"minecraft:gray_bed":1,"minecraft:rose_bush":1,"minecraft:jungle_boat":1,"minecraft:string":17,"minecraft:spruce_sapling":14,"minecraft:yellow_concrete_powder":2,"minecraft:bricks":1,"minecraft:moss_carpet":1,"hexerei:animal_fat":1,"hexerei:sage_seed":13,"minecraft:cocoa_beans":3,"irons_spellbooks:ice_rune":1,"minecraft:bowl":1,"untamedwilds:flora_bush_temperate":2,"minecraft:chicken":2,"minecraft:iron_boots":3,"minecraft:light_gray_concrete":6,"minecraft:oak_sign":2,"minecraft:pumpkin_seeds":11,"minecraft:potato":4,"minecraft:spruce_planks":1,"majruszsdifficulty:evoker_fang_scroll":1,"minecraft:stone_bricks":1,"minecraft:spider_eye":2,"minecraft:sandstone":21,"irons_spellbooks:iron_spell_book":2,"minecraft:red_sand":16,"bloodandmadness:blood_stone_shard":2,"minecraft:red_sandstone_stairs":4,"biomemakeover:cowboy_hat":1,"minecraft:black_wool":1,"minecraft:terracotta":5,"minecraft:oak_log":1,"minecraft:baked_potato":1,"minecraft:ender_pearl":1,"minecraft:jungle_planks":1,"minecraft:flint":1,"minecraft:jungle_button":2,"minecraft:mutton":3,"farmersdelight:onion":1,"paraglider:paraglider":1,"minecraft:yellow_wool":1,"minecraft:pointed_dripstone":2,"minecraft:carrot":3,"magistuarmory:iron_pike":2,"minecraft:melon_seeds":4,"minecraft:chainmail_boots":1,"ecologics:coconut_husk":6,"minecraft:chest":2,"minecraft:iron_bars":9,"minecraft:arrow":24,"minecraft:written_book":1,"minecraft:netherrack":1,"minecraft:bread":1,"minecraft:mossy_cobblestone":3,"minecraft:yellow_concrete":2,"minecraft:lead":6,"quark:glass_item_frame":1,"minecraft:stick":32,"minecraft:iron_door":2,"minecraft:iron_leggings":1,"minecraft:iron_axe":1,"minecraft:cactus":3,"minecraft:chiseled_sandstone":7,"minecraft:smooth_basalt":2,"goblinsanddungeons:goblin_crown":2,"minecraft:sweet_berries":6,"epicfight:uchigatana":1,"minecraft:coarse_dirt":1,"minecraft:tuff":13,"minecraft:red_terracotta":4,"minecraft:cut_red_sandstone":4,"minecraft:filled_map":2,"minecraft:shield":1,"alexsmobs:lobster_tail":1,"minecraft:orange_terracotta":4,"untamedwilds:hide_bigcat_tiger":1,"minecraft:andesite":5,"minecraft:oak_boat":3,"minecraft:oak_sapling":9,"minecraft:spruce_log":4,"untamedwilds:flora_elephant_ear":1},"minecraft:broken":{"minecraft:iron_sword":1,"minecraft:leather_helmet":1,"irons_spellbooks:wandering_magician_chestplate":1,"minecraft:iron_axe":2,"minecraft:iron_pickaxe":1,"irons_spellbooks:wandering_magician_helmet":1},"minecraft:custom":{"minecraft:interact_with_crafting_table":115,"minecraft:open_barrel":40,"goblintraders:trade_with_goblin":86,"minecraft:eat_cake_slice":5,"minecraft:leave_game":22,"minecraft:time_since_death":2666,"champions:champion_mobs_killed":104,"minecraft:damage_blocked_by_shield":995,"minecraft:play_time":1072013,"minecraft:deaths":63,"minecraft:jump":10129,"minecraft:interact_with_furnace":70,"minecraft:sleep_in_bed":27,"minecraft:waystone_activated":7,"minecraft:damage_dealt":9467,"minecraft:horse_one_cm":11213,"minecraft:damage_dealt_absorbed":4,"minecraft:sneak_time":13814,"minecraft:total_world_time":1072013,"minecraft:time_since_rest":2762,"minecraft:swim_one_cm":311188,"minecraft:fly_one_cm":4032249,"minecraft:open_chest":314,"minecraft:fall_one_cm":280137,"lootr:looted_stat":96,"minecraft:damage_resisted":37,"minecraft:sprint_one_cm":4595927,"minecraft:drop":262,"minecraft:talked_to_villager":9,"minecraft:walk_on_water_one_cm":161224,"minecraft:interact_with_loom":3,"minecraft:player_kills":2,"minecraft:crouch_one_cm":72527,"minecraft:mob_kills":112,"minecraft:interact_with_campfire":3,"minecraft:damage_dealt_resisted":281,"minecraft:climb_one_cm":294881,"minecraft:walk_one_cm":8169613,"minecraft:walk_under_water_one_cm":102524,"minecraft:boat_one_cm":21507,"minecraft:damage_taken":21479,"minecraft:damage_absorbed":410,"minecraft:trigger_trapped_chest":5},"minecraft:picked_up":{"minecraft:chainmail_boots":1,"irons_spellbooks:rotten_spell_book":1,"minecraft:red_sandstone_stairs":4,"minecraft:lead":10,"minecraft:smithing_table":14,"minecraft:stone_slab":2,"minecraft:brown_bed":3,"minecraft:enchanted_book":2,"minecraft:golden_sword":1,"minecraft:amethyst_block":5,"minecraft:string":50,"immersive_weathering:ash_layer_block":14,"minecraft:beetroot":2,"minecraft:gold_nugget":2,"minecraft:cobbled_deepslate":106,"bosses_of_mass_destruction:soul_star":1,"minecraft:spruce_planks":3,"minecraft:written_book":1,"irons_spellbooks:blank_rune":3,"minecraft:golden_helmet":1,"minecraft:acacia_log":11,"minecraft:lightning_rod":2,"biomemakeover:cowboy_hat":2,"monsterplus:crystal_clump":1,"minecraft:stone_sword":2,"farmersdelight:onion":1,"minecraft:iron_block":1,"minecraft:carved_pumpkin":1,"minecraft:white_terracotta":4,"alexsmobs:flying_fish":5,"minecraft:iron_bars":11,"alexsmobs:lobster_tail":1,"minecraft:birch_log":11,"minecraft:cooked_beef":13,"minecraft:feather":2,"minecraft:iron_door":2,"minecraft:birch_slab":3,"minecraft:jungle_log":4,"ecologics:coconut_planks":36,"alexsmobs:bison_fur":1,"minecraft:flint":2,"minecraft:lantern":3,"supplementaries:doormat":1,"irons_spellbooks:iron_spell_book":2,"morevillagers:oceanography_table":1,"minecraft:stonecutter":1,"minecraft:glowstone_dust":1,"hexerei:animal_fat":2,"ecologics:prickly_pear":1,"ecologics:coconut_husk":6,"minecraft:stripped_spruce_log":4,"untamedwilds:hide_bigcat_snow_leopard":3,"minecraft:dark_oak_log":11,"minecraft:red_terracotta":4,"irons_spellbooks:ice_rune":1,"minecraft:polished_andesite":5,"create:crimsite":2,"minecraft:blue_terracotta":1,"minecraft:lever":1,"minecraft:writable_book":2,"minecraft:bricks":1,"minecraft:crafting_table":22,"minecraft:coarse_dirt":8,"minecraft:purple_wool":2,"minecraft:nether_wart":9,"minecraft:golden_pickaxe":1,"minecraft:leather_leggings":3,"quark:dark_oak_chest":1,"minecraft:cornflower":3,"minecraft:red_bed":13,"minecraft:white_carpet":7,"minecraft:iron_shovel":1,"minecraft:cracked_stone_bricks":1,"minecraft:beef":16,"minecraft:poppy":4,"minecraft:jungle_sapling":2,"minecraft:iron_nugget":26,"minecraft:chest":1,"minecraft:birch_sapling":2,"minecraft:egg":27,"minecraft:sandstone":21,"minecraft:music_disc_mellohi":1,"untamedwilds:flora_bush_temperate":2,"sophisticatedbackpacks:backpack":1,"minecraft:carrot":133,"minecraft:redstone":60,"goblinsanddungeons:goblin_crown":2,"quark:yellow_corundum":1,"minecraft:tnt":1,"minecraft:cooked_cod":2,"minecraft:beetroot_seeds":7,"minecraft:hay_block":73,"minecraft:mutton":3,"minecraft:white_wool":2,"minecraft:rail":2,"alexsmobs:acacia_blossom":1,"wom:iron_greataxe":1,"minecraft:oak_log":63,"minecraft:jungle_button":1,"minecraft:golden_boots":2,"minecraft:blue_bed":2,"minecraft:white_banner":1,"minecraft:stone_bricks":2,"minecraft:apple":5,"minecraft:music_disc_far":1,"minecraft:cobweb":6,"minecraft:gray_bed":3,"goblinsanddungeons:scoria":2,"minecraft:dark_oak_slab":1,"minecraft:smooth_basalt":2,"minecraft:sweet_berries":14,"minecraft:yellow_concrete":2,"minecraft:gravel":9,"minecraft:spruce_sapling":21,"minecraft:spruce_log":27,"minecraft:leather_helmet":1,"immersive_weathering:stone_brick":2,"minecraft:purple_bed":4,"minecraft:stone_axe":1,"minecraft:baked_potato":1,"pineapple_delight:pineapple_crop":1,"minecraft:melon_seeds":4,"irons_spellbooks:scroll":7,"minecraft:wheat":60,"minecraft:yellow_wool":1,"alexsmobs:bison_fur_block":3,"minecraft:stone_brick_stairs":1,"minecraft:raw_copper":156,"minecraft:iron_leggings":1,"minecraft:oak_sign":2,"irons_spellbooks:arcane_essence":26,"minecraft:deepslate_tiles":2,"minecraft:red_sand":27,"minecraft:comparator":1,"alexsmobs:cooked_moose_ribs":2,"minecraft:rose_bush":3,"irons_spellbooks:inscription_table":4,"minecraft:furnace":8,"minecraft:iron_boots":3,"minecraft:blue_wool":2,"minecraft:stick":51,"apotheosis:gem":5,"minecraft:acacia_fence":1,"ecologics:walnut_log":5,"majruszsdifficulty:recall_potion":2,"minecraft:torch":11,"quark:yellow_corundum_cluster":3,"minecraft:porkchop":14,"minecraft:pointed_dripstone":2,"infernalexp:raw_hogchop":1,"minecraft:yellow_concrete_powder":3,"minecraft:cactus":3,"minecraft:rotten_flesh":21,"ecologics:coconut_log":7,"untamedwilds:hide_bigcat_tiger":3,"bloodandmadness:blood_stone_shard":4,"minecraft:cod":1,"minecraft:cobblestone":127,"paraglider:paraglider":1,"ecologics:walnut":4,"minecraft:lilac":2,"untamedwilds:flora_elephant_ear":1,"minecraft:andesite":66,"minecraft:potato":63,"paraglider:spirit_orb":1,"minecraft:tuff":29,"create:raw_zinc":17,"undead_revamp2:huntereye":1,"minecraft:acacia_boat":1,"minecraft:lapis_lazuli":59,"minecraft:dirt":73,"minecraft:leather_boots":1,"minecraft:bone":31,"goblinsanddungeons:scoria_bricks":5,"goblinsanddungeons:scoria_brick_slab":1,"minecraft:wheat_seeds":206,"minecraft:raw_gold":10,"minecraft:mossy_stone_bricks":1,"minecraft:oak_planks":16,"majruszsdifficulty:evoker_fang_scroll":1,"minecraft:poisonous_potato":1,"cloudstorage:balloon_stand":1,"quark:dark_oak_ladder":4,"minecraft:jungle_planks":12,"minecraft:sand":18,"quark:yellow_shingles":2,"minecraft:chiseled_sandstone":7,"alexsmobs:bison_carpet":1,"minecraft:mossy_cobblestone":5,"minecraft:light_gray_concrete":7,"minecraft:spruce_boat":1,"minecraft:diamond":1,"minecraft:crossbow":2,"minecraft:emerald":12,"alexsmobs:moose_ribs":4,"hunterillager:boomerang":1,"minecraft:netherrack":1,"minecraft:oak_sapling":33,"minecraft:cocoa_beans":3,"minecraft:allium":3,"minecraft:chicken":2,"minecraft:ladder":2,"minecraft:gold_block":4,"minecraft:chain":5,"minecraft:shield":4,"minecraft:moss_carpet":1,"minecraft:iron_axe":4,"untamedwilds:food_bear_raw":3,"minecraft:item_frame":4,"ecologics:walnut_sapling":6,"minecraft:oak_boat":3,"minecraft:player_head":1,"minecraft:light_gray_wool":1,"minecraft:lectern":2,"minecraft:sugar_cane":10,"minecraft:dark_oak_sapling":3,"minecraft:raw_iron":65,"simple_mobs:rat_stomach":1,"minecraft:bowl":1,"magistuarmory:iron_pike":2,"quark:birch_chest":1,"minecraft:stone_button":3,"untamedwilds:hide_bear_brown":3,"quark:crate":1,"bloodandmadness:beastblood_clump":2,"minecraft:dark_oak_planks":20,"hexerei:sage_seed":23,"minecraft:arrow":46,"minecraft:jungle_boat":2,"minecraft:glow_ink_sac":1,"minecraft:leather":6,"minecraft:music_disc_stal":1,"minecraft:birch_planks":11,"minecraft:chainmail_chestplate":1,"minecraft:waxed_copper_block":1,"minecraft:orange_terracotta":4,"irons_spellbooks:common_ink":1,"simple_mobs:lootbag":1,"minecraft:red_sandstone":5,"minecraft:iron_ingot":11,"minecraft:acacia_sapling":13,"minecraft:purple_concrete":4,"minecraft:emerald_block":1,"minecraft:pumpkin":6,"minecraft:birch_boat":3,"quark:glass_item_frame":1,"waystones:mossy_waystone":1,"minecraft:raw_iron_block":2,"minecraft:amethyst_shard":38,"quark:oak_chest":2,"quark:orange_shingles":5,"minecraft:spider_eye":3,"minecraft:cut_red_sandstone":6,"biomemakeover:foxglove":12,"minecraft:music_disc_mall":1,"minecraft:pumpkin_seeds":10,"monsterplus:crystal_shard":1,"simple_mobs:giant_eye_fragment":1,"minecraft:iron_helmet":4,"minecraft:terracotta":5,"minecraft:damaged_anvil":1,"minecraft:black_wool":1,"minecraft:coal":62},"minecraft:crafted":{"minecraft:jungle_button":1,"ecologics:walnut_planks":20,"minecraft:emerald":9,"irons_spellbooks:copper_spell_book":1,"minecraft:cooked_porkchop":5,"storagedrawers:oak_full_drawers_1":2,"minecraft:smithing_table":1,"minecraft:copper_ingot":162,"waystones:warp_stone":1,"quark:oak_chest":2,"storagedrawers:oak_full_drawers_2":2,"minecraft:gold_ingot":12,"storagedrawers:upgrade_template":4,"quark:spruce_chest":2,"minecraft:dark_oak_planks":32,"minecraft:wheat":9,"untamedwilds:carpet_bigcat_tiger":6,"minecraft:flint":8,"minecraft:oak_planks":80,"irons_spellbooks:iron_spell_book":1,"minecraft:lightning_rod":1,"minecraft:chest":2,"minecraft:oak_fence":3,"minecraft:oak_slab":6,"sophisticatedbackpacks:backpack":1,"minecraft:crafting_table":2,"minecraft:spruce_planks":8,"minecraft:baked_potato":12,"minecraft:gold_block":1,"sophisticatedbackpacks:upgrade_base":2,"minecraft:stick":28,"minecraft:iron_ingot":50,"minecraft:wooden_sword":1,"simple_mobs:bundled_emerald":1,"quark:dark_oak_chest":2,"untamedwilds:food_bear_cooked":3,"minecraft:air":735,"minecraft:jungle_planks":16,"minecraft:torch":4},"minecraft:killed":{"simple_mobs:imp_melee":1,"guardvillagers:guard":1,"minecraft:cave_spider":1,"simple_mobs:rat_small":5,"minecraft:skeleton":18,"monsterplus:glow_skeleton":2,"hunterillager:hunterillager":1,"goblinsanddungeons:garch":2,"minecraft:pillager":23,"minecraft:donkey":1,"minecraft:zombie":10,"minecraft:cow":2,"undead_revamp2:thehunter":1,"bloodandmadness:cloaked_beast_patient":1,"minecraft:vindicator":12,"simple_mobs:giant":1,"alexsmobs:seagull":1,"simple_mobs:vampire":1,"restored_earth:lobber_zombie":1,"majruszsdifficulty:cursed_armor":1,"untamedwilds:big_cat":3,"untamedwilds:hyena":5,"minecraft:witch":1,"minecraft:spider":7,"monsterplus:crystal_zombie":1,"minecraft:silverfish":7,"minecraft:pig":2,"simple_mobs:gobber":2,"untamedwilds:boar":1,"minecraft:sheep":3,"untamedwilds:bear":1,"minecraft:vex":3,"bloodandmadness:huntsman_cutlass":1,"alexsmobs:bison":1,"minecraft:drowned":1,"alexsmobs:flying_fish":2,"minecraft:hoglin":1},"minecraft:mined":{"minecraft:dark_oak_planks":4,"minecraft:carved_pumpkin":1,"minecraft:red_sand":12,"minecraft:acacia_log":6,"minecraft:stone_brick_wall":2,"minecraft:jungle_log":1,"quark:yellow_corundum":1,"minecraft:nether_wart":1,"goblinsanddungeons:urn":4,"minecraft:spawner":10,"minecraft:dark_oak_trapdoor":1,"minecraft:cobbled_deepslate":10,"minecraft:fire":4,"minecraft:pumpkin":6,"minecraft:deepslate_lapis_ore":5,"minecraft:dirt_path":2,"minecraft:small_amethyst_bud":3,"minecraft:light_gray_concrete":7,"minecraft:iron_block":1,"minecraft:player_head":1,"immersive_weathering:oak_leaf_pile":3,"minecraft:jungle_button":1,"minecraft:red_bed":13,"quark:dark_oak_ladder":1,"immersive_weathering:spruce_leaf_pile":1,"minecraft:amethyst_cluster":3,"quark:crate":1,"minecraft:powder_snow":19,"minecraft:dead_bush":14,"minecraft:sugar_cane":3,"minecraft:damaged_anvil":1,"minecraft:bricks":1,"minecraft:amethyst_block":5,"minecraft:white_terracotta":4,"minecraft:chain":5,"minecraft:wheat":71,"minecraft:lilac":2,"minecraft:waxed_copper_block":1,"immersive_weathering:humus":2,"minecraft:stone_brick_stairs":1,"minecraft:grass":226,"quark:yellow_corundum_cluster":2,"minecraft:smooth_basalt":2,"minecraft:stonecutter":1,"minecraft:cut_red_sandstone":8,"minecraft:deepslate":91,"create:zinc_ore":12,"minecraft:deepslate_tiles":1,"immersive_weathering:ash_layer_block":15,"untamedwilds:flora_junegrass":1,"minecraft:mossy_cobblestone":5,"minecraft:jungle_planks":12,"minecraft:red_sandstone_stairs":2,"minecraft:yellow_concrete_powder":3,"minecraft:moss_block":1,"goblinsanddungeons:scoria_bricks":5,"farmersdelight:wild_onions":1,"minecraft:red_sandstone":3,"minecraft:andesite":61,"minecraft:potatoes":14,"pineapple_delight:pineapple_wild_crop":2,"minecraft:vine":4,"minecraft:bamboo":1,"irons_spellbooks:inscription_table":4,"supplementaries:wall_lantern":1,"minecraft:smithing_table":14,"minecraft:glass_pane":3,"minecraft:comparator":1,"quark:oak_chest":2,"quark:dark_oak_chest":1,"minecraft:cornflower":3,"untamedwilds:flora_bush_temperate":2,"minecraft:lightning_rod":2,"minecraft:tall_grass":176,"minecraft:copper_ore":35,"minecraft:deepslate_gold_ore":3,"minecraft:purple_wool":3,"minecraft:purple_bed":5,"minecraft:red_terracotta":4,"minecraft:coarse_dirt":6,"supplementaries:doormat":1,"minecraft:white_carpet":7,"minecraft:birch_leaves":5,"minecraft:purple_concrete":2,"minecraft:gravel":9,"minecraft:cobweb":44,"minecraft:stone_bricks":3,"minecraft:gold_ore":4,"minecraft:fern":14,"minecraft:infested_stone":2,"minecraft:large_amethyst_bud":5,"create:deepslate_zinc_ore":5,"minecraft:spruce_planks":3,"minecraft:budding_amethyst":1,"minecraft:grass_block":40,"minecraft:raw_iron_block":2,"minecraft:iron_ore":32,"minecraft:dark_oak_stairs":1,"minecraft:brown_bed":4,"minecraft:pointed_dripstone":1,"minecraft:iron_bars":11,"biomemakeover:paydirt":18,"minecraft:azalea":1,"minecraft:deepslate_redstone_ore":13,"ecologics:pot":3,"minecraft:quartz_block":2,"lootr:lootr_chest":1,"cloudstorage:balloon_stand":1,"minecraft:orange_terracotta":1,"minecraft:poppy":5,"untamedwilds:flora_elephant_ear":1,"minecraft:cobblestone":16,"minecraft:oak_planks":22,"minecraft:iron_door":1,"minecraft:wall_torch":1,"minecraft:seagrass":4,"minecraft:blue_terracotta":1,"minecraft:dark_oak_slab":1,"minecraft:yellow_wool":1,"minecraft:birch_log":1,"minecraft:light_gray_wool":1,"minecraft:tnt":1,"minecraft:oak_log":62,"minecraft:beetroots":4,"minecraft:acacia_fence":1,"minecraft:sand":2,"minecraft:dirt":37,"minecraft:netherrack":1,"create:crimsite":2,"minecraft:oak_leaves":114,"minecraft:emerald_block":1,"minecraft:tuff":20,"ecologics:coconut_planks":38,"minecraft:ladder":1,"minecraft:stone_button":2,"minecraft:spruce_leaves":14,"minecraft:large_fern":20,"minecraft:hay_block":76,"untamedwilds:flora_yarrow":3,"minecraft:furnace":8,"minecraft:carrots":31,"minecraft:chiseled_sandstone":1,"treechop:chopped_log":13,"minecraft:gold_block":4,"minecraft:deepslate_iron_ore":34,"minecraft:lantern":1,"minecraft:stone":120,"minecraft:podzol":1,"minecraft:acacia_leaves":15,"goblinsanddungeons:scoria":3,"minecraft:crafting_table":20,"goblinsanddungeons:scoria_brick_slab":1,"morevillagers:oceanography_table":1,"immersive_weathering:soot":2,"minecraft:rose_bush":6,"minecraft:lectern":2,"minecraft:stone_slab":2,"supplementaries:sack":1,"minecraft:lapis_ore":5,"minecraft:blue_bed":1,"supplementaries:urn":7,"minecraft:birch_planks":12,"minecraft:sweet_berry_bush":5,"minecraft:gray_bed":2,"minecraft:coal_ore":28,"alexsmobs:bison_fur_block":3,"minecraft:yellow_concrete":2,"minecraft:cracked_stone_bricks":1,"minecraft:terracotta":5,"minecraft:polished_andesite":5,"minecraft:mossy_stone_bricks":2}},"DataVersion":2975}