{"stats":{"minecraft:mined":{"minecraft:tuff":2,"minecraft:carved_pumpkin":1,"minecraft:grass_block":7,"quark:yellow_corundum":1,"minecraft:spruce_leaves":4,"farmersdelight:wild_onions":1,"minecraft:raw_iron_block":1,"minecraft:furnace":3,"minecraft:fire":2,"treechop:chopped_log":4,"minecraft:vine":1,"pineapple_delight:pineapple_wild_crop":1,"minecraft:deepslate_iron_ore":12,"minecraft:dirt_path":1,"minecraft:stone":1,"immersive_weathering:oak_leaf_pile":2,"minecraft:red_bed":1,"cloudstorage:balloon_stand":1,"minecraft:crafting_table":7,"untamedwilds:flora_bush_temperate":1,"untamedwilds:flora_elephant_ear":1,"minecraft:lightning_rod":1,"minecraft:tall_grass":28,"minecraft:cobblestone":9,"minecraft:oak_planks":15,"minecraft:damaged_anvil":1,"supplementaries:urn":5,"minecraft:wheat":7,"minecraft:birch_leaves":1,"minecraft:waxed_copper_block":1,"minecraft:grass":32,"minecraft:oak_log":8,"minecraft:gravel":1,"minecraft:dirt":2,"quark:yellow_corundum_cluster":2,"minecraft:cobweb":6,"minecraft:stone_bricks":1,"minecraft:mossy_stone_bricks":1,"create:crimsite":2,"minecraft:oak_leaves":23,"minecraft:deepslate":3,"minecraft:infested_stone":1},"minecraft:killed_by":{"simple_mobs:dark_elemental":3,"monsterplus:crystal_zombie":1,"minecraft:pillager":1,"alexsmobs:bison":1,"dannys_expansion:ghoul":1,"simple_mobs:sentinel_knight":1,"untamedwilds:big_cat":1},"minecraft:used":{"minecraft:iron_sword":25,"minecraft:dirt":7,"minecraft:spyglass":3,"minecraft:carrot":3,"minecraft:wooden_axe":53,"minecraft:iron_axe":16,"minecraft:stone_bricks":1,"minecraft:sweet_berries":5,"minecraft:furnace":1,"minecraft:mossy_stone_bricks":1,"minecraft:stone_pickaxe":42,"minecraft:oak_planks":14,"minecraft:wooden_pickaxe":9,"minecraft:crafting_table":7,"minecraft:bread":14,"minecraft:wooden_sword":7,"minecraft:cobblestone":3,"minecraft:oak_boat":1,"minecraft:cobweb":1},"minecraft:dropped":{"minecraft:wheat_seeds":1,"minecraft:glow_ink_sac":1,"minecraft:stick":3,"minecraft:cobweb":5,"minecraft:dirt":2,"minecraft:wooden_sword":1,"minecraft:spruce_sapling":7,"minecraft:bone":2,"hexerei:animal_fat":1,"hexerei:sage_seed":5,"minecraft:tuff":2,"minecraft:rotten_flesh":5,"minecraft:glowstone_dust":1,"magistuarmory:iron_pike":1,"minecraft:oak_sapling":5,"minecraft:spruce_log":4,"irons_spellbooks:iron_spell_book":2,"minecraft:arrow":2,"bloodandmadness:blood_stone_shard":1,"untamedwilds:flora_elephant_ear":1},"minecraft:picked_up":{"minecraft:crafting_table":7,"minecraft:wheat":7,"minecraft:lead":3,"minecraft:string":5,"minecraft:red_bed":1,"minecraft:iron_axe":1,"ecologics:walnut_sapling":6,"minecraft:beef":7,"minecraft:furnace":3,"minecraft:raw_iron":9,"minecraft:stick":8,"ecologics:walnut_log":5,"untamedwilds:flora_bush_temperate":1,"quark:yellow_corundum_cluster":3,"minecraft:porkchop":10,"minecraft:lightning_rod":1,"magistuarmory:iron_pike":2,"minecraft:carrot":3,"hexerei:sage_seed":5,"quark:yellow_corundum":1,"minecraft:rotten_flesh":7,"monsterplus:crystal_clump":1,"minecraft:arrow":2,"farmersdelight:onion":1,"minecraft:carved_pumpkin":1,"untamedwilds:hide_bigcat_tiger":3,"bloodandmadness:blood_stone_shard":2,"minecraft:cobblestone":12,"ecologics:walnut":4,"untamedwilds:flora_elephant_ear":1,"minecraft:glow_ink_sac":1,"minecraft:leather":3,"minecraft:potato":4,"alexsmobs:bison_fur":1,"minecraft:flint":1,"minecraft:tuff":2,"minecraft:oak_log":13,"minecraft:waxed_copper_block":1,"minecraft:dirt":9,"irons_spellbooks:iron_spell_book":2,"minecraft:bone":10,"minecraft:stone_bricks":1,"minecraft:wheat_seeds":21,"minecraft:cobweb":6,"minecraft:mossy_stone_bricks":1,"minecraft:glowstone_dust":1,"minecraft:oak_planks":6,"hexerei:animal_fat":1,"minecraft:sweet_berries":3,"minecraft:raw_iron_block":1,"minecraft:gravel":3,"cloudstorage:balloon_stand":1,"minecraft:amethyst_shard":13,"minecraft:stripped_spruce_log":4,"minecraft:spruce_sapling":7,"minecraft:spruce_log":4,"untamedwilds:hide_bigcat_snow_leopard":3,"create:crimsite":2,"monsterplus:crystal_shard":1,"minecraft:damaged_anvil":1,"minecraft:oak_sapling":16},"minecraft:broken":{"minecraft:iron_axe":1},"minecraft:killed":{"minecraft:vindicator":2,"monsterplus:crystal_zombie":1,"monsterplus:glow_skeleton":2,"minecraft:silverfish":1,"minecraft:drowned":1,"alexsmobs:bison":1,"minecraft:pig":2,"restored_earth:lobber_zombie":1,"untamedwilds:big_cat":3,"minecraft:pillager":2,"minecraft:donkey":1},"minecraft:custom":{"lootr:looted_stat":1,"minecraft:mob_kills":15,"minecraft:interact_with_crafting_table":10,"minecraft:open_barrel":3,"minecraft:eat_cake_slice":5,"minecraft:leave_game":1,"minecraft:time_since_death":2846,"minecraft:climb_one_cm":6481,"minecraft:sprint_one_cm":439397,"champions:champion_mobs_killed":10,"minecraft:walk_one_cm":1090492,"minecraft:drop":27,"minecraft:damage_dealt_absorbed":2,"minecraft:talked_to_villager":1,"minecraft:play_time":126280,"minecraft:deaths":9,"minecraft:sneak_time":1791,"minecraft:walk_under_water_one_cm":20002,"minecraft:boat_one_cm":920,"minecraft:jump":1883,"minecraft:walk_on_water_one_cm":40274,"minecraft:total_world_time":126280,"minecraft:interact_with_furnace":2,"minecraft:interact_with_loom":1,"minecraft:sleep_in_bed":1,"minecraft:time_since_rest":2881,"minecraft:waystone_activated":3,"minecraft:damage_taken":2479,"minecraft:damage_absorbed":60,"minecraft:damage_dealt":746,"minecraft:swim_one_cm":44678,"minecraft:fly_one_cm":560737,"minecraft:open_chest":17,"minecraft:crouch_one_cm":12974,"minecraft:fall_one_cm":37811,"minecraft:horse_one_cm":520},"minecraft:crafted":{"minecraft:wooden_sword":1,"ecologics:walnut_planks":20,"minecraft:chest":1,"sophisticatedbackpacks:backpack":1,"minecraft:air":42,"minecraft:stick":8,"quark:oak_chest":1}},"DataVersion":2975}