{"stats":{"minecraft:killed_by":{"dannys_expansion:ghoul":1,"simple_mobs:sentinel_knight":1},"minecraft:custom":{"minecraft:time_since_rest":3866,"minecraft:walk_one_cm":44716,"minecraft:crouch_one_cm":88,"minecraft:play_time":11545,"champions:champion_mobs_killed":1,"minecraft:sprint_one_cm":24848,"minecraft:damage_taken":396,"minecraft:deaths":2,"minecraft:damage_absorbed":60,"minecraft:sneak_time":7,"minecraft:walk_under_water_one_cm":399,"minecraft:mob_kills":1,"minecraft:jump":175,"minecraft:time_since_death":2290,"minecraft:walk_on_water_one_cm":2938,"minecraft:total_world_time":11545,"minecraft:climb_one_cm":1619,"minecraft:swim_one_cm":13257,"minecraft:fall_one_cm":4819,"minecraft:fly_one_cm":33527},"minecraft:picked_up":{"untamedwilds:flora_elephant_ear":1,"minecraft:rotten_flesh":1},"minecraft:killed":{"restored_earth:lobber_zombie":1},"minecraft:mined":{"minecraft:grass":2,"untamedwilds:flora_elephant_ear":1}},"DataVersion":2975}