{"stats":{"minecraft:killed_by":{"irons_spellbooks:cryomancer":1,"simple_mobs:dark_elemental":3,"minecraft:spider":1,"monsterplus:crystal_zombie":1,"minecraft:pillager":1,"alexsmobs:bison":1,"dannys_expansion:ghoul":1,"minecraft:zombie":1,"simple_mobs:sentinel_knight":1,"untamedwilds:big_cat":1},"minecraft:dropped":{"minecraft:iron_ingot":16,"minecraft:wheat_seeds":7,"minecraft:oak_log":1,"minecraft:baked_potato":1,"minecraft:glow_ink_sac":1,"quark:glass_item_frame":1,"minecraft:flint":1,"minecraft:item_frame":4,"minecraft:stick":9,"minecraft:cobweb":5,"minecraft:dirt":3,"minecraft:red_bed":1,"minecraft:mutton":3,"minecraft:wooden_sword":1,"minecraft:string":11,"minecraft:white_wool":2,"minecraft:spruce_sapling":7,"minecraft:bone":2,"hexerei:animal_fat":1,"hexerei:sage_seed":7,"minecraft:bowl":1,"untamedwilds:flora_bush_temperate":2,"minecraft:tuff":2,"minecraft:rotten_flesh":5,"minecraft:glowstone_dust":1,"magistuarmory:iron_pike":2,"minecraft:filled_map":1,"minecraft:acacia_sapling":1,"minecraft:oak_boat":2,"minecraft:oak_sapling":5,"minecraft:chest":2,"minecraft:spruce_log":4,"irons_spellbooks:iron_spell_book":2,"minecraft:arrow":5,"bloodandmadness:blood_stone_shard":2,"minecraft:beef":1,"minecraft:written_book":1,"untamedwilds:flora_elephant_ear":1},"minecraft:killed":{"guardvillagers:guard":1,"minecraft:vindicator":5,"monsterplus:crystal_zombie":1,"monsterplus:glow_skeleton":2,"minecraft:silverfish":5,"minecraft:drowned":1,"alexsmobs:bison":1,"minecraft:pig":2,"restored_earth:lobber_zombie":1,"untamedwilds:boar":1,"untamedwilds:big_cat":3,"minecraft:sheep":3,"untamedwilds:bear":1,"minecraft:pillager":7,"minecraft:zombie":1,"minecraft:donkey":1,"minecraft:cow":2},"minecraft:broken":{"irons_spellbooks:wandering_magician_helmet":1,"minecraft:iron_axe":1},"minecraft:mined":{"minecraft:dark_oak_planks":2,"minecraft:large_amethyst_bud":5,"minecraft:tuff":2,"untamedwilds:flora_junegrass":1,"minecraft:mossy_cobblestone":1,"minecraft:carved_pumpkin":1,"minecraft:budding_amethyst":1,"minecraft:acacia_log":1,"minecraft:grass_block":15,"minecraft:stone_brick_wall":2,"quark:yellow_corundum":1,"minecraft:spruce_leaves":11,"minecraft:moss_block":1,"minecraft:spawner":2,"minecraft:nether_wart":1,"untamedwilds:flora_yarrow":2,"minecraft:large_fern":20,"farmersdelight:wild_onions":1,"minecraft:raw_iron_block":2,"minecraft:furnace":6,"minecraft:fire":2,"treechop:chopped_log":7,"minecraft:dark_oak_stairs":1,"minecraft:dirt_path":1,"minecraft:deepslate_iron_ore":12,"pineapple_delight:pineapple_wild_crop":1,"minecraft:vine":2,"minecraft:small_amethyst_bud":3,"irons_spellbooks:inscription_table":3,"minecraft:stone":38,"immersive_weathering:oak_leaf_pile":2,"minecraft:acacia_leaves":3,"cloudstorage:balloon_stand":1,"minecraft:red_bed":2,"quark:dark_oak_ladder":1,"immersive_weathering:spruce_leaf_pile":1,"minecraft:amethyst_cluster":3,"minecraft:powder_snow":2,"minecraft:crafting_table":13,"untamedwilds:flora_bush_temperate":2,"minecraft:lectern":2,"untamedwilds:flora_elephant_ear":1,"minecraft:lightning_rod":1,"minecraft:tall_grass":87,"minecraft:cobblestone":11,"minecraft:sugar_cane":3,"minecraft:oak_planks":15,"minecraft:damaged_anvil":1,"minecraft:blue_bed":1,"minecraft:amethyst_block":5,"supplementaries:urn":5,"minecraft:chain":5,"minecraft:birch_log":1,"minecraft:sweet_berry_bush":2,"minecraft:wheat":7,"minecraft:gray_bed":2,"minecraft:white_carpet":1,"minecraft:birch_leaves":1,"minecraft:waxed_copper_block":1,"minecraft:grass":99,"minecraft:oak_log":24,"minecraft:gravel":1,"minecraft:dirt":9,"quark:yellow_corundum_cluster":2,"minecraft:cobweb":6,"minecraft:stone_bricks":1,"minecraft:mossy_stone_bricks":1,"create:crimsite":2,"minecraft:oak_leaves":57,"minecraft:deepslate":3,"minecraft:infested_stone":1,"minecraft:fern":6},"minecraft:custom":{"lootr:looted_stat":17,"minecraft:mob_kills":34,"minecraft:interact_with_crafting_table":36,"minecraft:open_barrel":6,"minecraft:interact_with_campfire":3,"minecraft:damage_dealt_resisted":171,"minecraft:eat_cake_slice":5,"minecraft:leave_game":6,"minecraft:time_since_death":16983,"minecraft:climb_one_cm":26006,"champions:champion_mobs_killed":23,"minecraft:sprint_one_cm":1034554,"minecraft:walk_one_cm":2228517,"minecraft:drop":62,"minecraft:damage_dealt_absorbed":4,"minecraft:talked_to_villager":1,"minecraft:play_time":272568,"minecraft:sneak_time":3434,"minecraft:deaths":13,"minecraft:walk_under_water_one_cm":24816,"minecraft:boat_one_cm":1583,"minecraft:jump":4074,"minecraft:walk_on_water_one_cm":58239,"minecraft:total_world_time":272568,"minecraft:interact_with_furnace":46,"minecraft:interact_with_loom":1,"minecraft:sleep_in_bed":10,"minecraft:time_since_rest":12260,"minecraft:waystone_activated":3,"minecraft:damage_taken":4571,"minecraft:damage_absorbed":80,"minecraft:trigger_trapped_chest":2,"minecraft:damage_dealt":2361,"minecraft:swim_one_cm":111037,"minecraft:fly_one_cm":1167738,"minecraft:open_chest":23,"minecraft:crouch_one_cm":20666,"minecraft:fall_one_cm":80918,"minecraft:horse_one_cm":520},"minecraft:crafted":{"minecraft:wooden_sword":1,"irons_spellbooks:iron_spell_book":1,"ecologics:walnut_planks":20,"minecraft:chest":2,"untamedwilds:food_bear_cooked":3,"sophisticatedbackpacks:backpack":1,"minecraft:cooked_porkchop":5,"minecraft:baked_potato":12,"minecraft:air":104,"minecraft:stick":8,"quark:oak_chest":1,"minecraft:iron_ingot":18,"minecraft:torch":4},"minecraft:picked_up":{"minecraft:crafting_table":15,"minecraft:wheat":7,"minecraft:chainmail_boots":1,"minecraft:nether_wart":9,"minecraft:leather_leggings":1,"minecraft:lead":4,"minecraft:chain":5,"minecraft:amethyst_block":5,"minecraft:string":7,"minecraft:red_bed":2,"minecraft:iron_axe":2,"untamedwilds:food_bear_raw":3,"minecraft:item_frame":4,"minecraft:white_carpet":1,"ecologics:walnut_sapling":6,"alexsmobs:cooked_moose_ribs":2,"minecraft:beef":11,"minecraft:oak_boat":2,"minecraft:written_book":1,"minecraft:lectern":2,"minecraft:sugar_cane":10,"minecraft:chest":1,"irons_spellbooks:inscription_table":3,"minecraft:egg":1,"minecraft:furnace":6,"minecraft:stick":19,"minecraft:raw_iron":9,"apotheosis:gem":2,"ecologics:walnut_log":5,"minecraft:acacia_log":1,"minecraft:music_disc_mellohi":1,"minecraft:bowl":1,"untamedwilds:flora_bush_temperate":2,"quark:yellow_corundum_cluster":3,"minecraft:porkchop":10,"magistuarmory:iron_pike":2,"minecraft:lightning_rod":1,"quark:birch_chest":1,"untamedwilds:hide_bear_brown":3,"minecraft:carrot":3,"bloodandmadness:beastblood_clump":1,"minecraft:dark_oak_planks":2,"hexerei:sage_seed":9,"quark:yellow_corundum":1,"monsterplus:crystal_clump":1,"minecraft:rotten_flesh":7,"minecraft:arrow":7,"farmersdelight:onion":1,"minecraft:carved_pumpkin":1,"untamedwilds:hide_bigcat_tiger":3,"minecraft:mutton":3,"minecraft:rail":2,"bloodandmadness:blood_stone_shard":4,"minecraft:white_wool":2,"minecraft:cobblestone":41,"minecraft:birch_log":11,"ecologics:walnut":4,"untamedwilds:flora_elephant_ear":1,"minecraft:glow_ink_sac":1,"minecraft:leather":4,"minecraft:music_disc_stal":1,"minecraft:potato":4,"alexsmobs:bison_fur":1,"paraglider:spirit_orb":1,"minecraft:flint":2,"minecraft:tuff":2,"minecraft:oak_log":24,"minecraft:waxed_copper_block":1,"minecraft:blue_bed":2,"minecraft:dirt":26,"minecraft:bone":10,"irons_spellbooks:iron_spell_book":2,"minecraft:apple":4,"minecraft:stone_bricks":1,"minecraft:wheat_seeds":34,"minecraft:music_disc_far":1,"minecraft:iron_ingot":11,"minecraft:cobweb":6,"minecraft:mossy_stone_bricks":1,"minecraft:glowstone_dust":1,"minecraft:gray_bed":2,"minecraft:oak_planks":10,"minecraft:acacia_sapling":1,"hexerei:animal_fat":2,"minecraft:sweet_berries":8,"quark:glass_item_frame":1,"cloudstorage:balloon_stand":1,"minecraft:raw_iron_block":2,"minecraft:gravel":3,"quark:dark_oak_ladder":1,"minecraft:amethyst_shard":31,"minecraft:stripped_spruce_log":4,"minecraft:spruce_sapling":9,"minecraft:spruce_log":14,"untamedwilds:hide_bigcat_snow_leopard":3,"minecraft:leather_helmet":1,"immersive_weathering:stone_brick":1,"minecraft:music_disc_mall":1,"create:crimsite":2,"monsterplus:crystal_shard":1,"minecraft:stone_axe":1,"alexsmobs:moose_ribs":3,"minecraft:emerald":2,"minecraft:black_wool":1,"minecraft:baked_potato":1,"minecraft:damaged_anvil":1,"minecraft:oak_sapling":21,"minecraft:coal":17},"minecraft:used":{"irons_spellbooks:inscription_table":2,"minecraft:iron_sword":81,"minecraft:spyglass":3,"minecraft:dirt":9,"minecraft:carrot":3,"minecraft:raw_iron_block":1,"minecraft:wooden_axe":53,"untamedwilds:food_bear_cooked":3,"minecraft:iron_axe":73,"minecraft:stone_bricks":1,"minecraft:written_book":1,"minecraft:sweet_berries":5,"minecraft:furnace":4,"minecraft:gray_bed":2,"quark:dark_oak_ladder":1,"minecraft:mossy_stone_bricks":1,"minecraft:baked_potato":8,"minecraft:stone_pickaxe":96,"minecraft:oak_planks":14,"minecraft:wooden_pickaxe":9,"minecraft:birch_boat":1,"minecraft:blue_bed":1,"cloudstorage:guide_book":2,"minecraft:rail":2,"minecraft:crafting_table":16,"minecraft:red_bed":1,"magistuarmory:iron_pike":3,"minecraft:bread":25,"minecraft:iron_pickaxe":26,"minecraft:lectern":1,"minecraft:stone_axe":80,"alexsmobs:cooked_moose_ribs":2,"minecraft:wooden_sword":7,"minecraft:cobblestone":10,"minecraft:cooked_porkchop":5,"minecraft:birch_log":1,"minecraft:chain":1,"minecraft:oak_boat":3,"minecraft:cobweb":1,"minecraft:experience_bottle":2}},"DataVersion":2975}