{"stats":{"minecraft:broken":{"minecraft:iron_sword":1,"minecraft:leather_helmet":1,"irons_spellbooks:wandering_magician_helmet":1,"irons_spellbooks:wandering_magician_chestplate":1,"minecraft:iron_axe":2,"minecraft:iron_pickaxe":1},"minecraft:dropped":{"minecraft:porkchop":1,"minecraft:oak_log":1,"minecraft:glow_ink_sac":1,"minecraft:baked_potato":1,"minecraft:ender_pearl":1,"minecraft:red_sandstone":5,"minecraft:crossbow":1,"minecraft:jungle_planks":1,"minecraft:item_frame":4,"minecraft:flint":1,"minecraft:dirt":19,"minecraft:red_bed":1,"minecraft:grass":29,"minecraft:jungle_button":2,"minecraft:mutton":3,"alexsmobs:flying_fish":1,"minecraft:jungle_sapling":2,"minecraft:writable_book":1,"farmersdelight:onion":1,"minecraft:wooden_sword":1,"minecraft:sand":15,"minecraft:dark_oak_planks":3,"minecraft:white_wool":2,"quark:oak_chest":1,"minecraft:bone":10,"goblinsanddungeons:scoria_brick_slab":1,"minecraft:yellow_wool":1,"minecraft:wheat":5,"minecraft:blue_wool":2,"minecraft:pointed_dripstone":2,"minecraft:rotten_flesh":16,"minecraft:oak_planks":10,"alexsmobs:bison_fur_block":3,"minecraft:glowstone_dust":1,"minecraft:carrot":3,"magistuarmory:iron_pike":2,"alexsmobs:bison_carpet":1,"minecraft:acacia_sapling":11,"minecraft:chest":2,"minecraft:chainmail_boots":1,"minecraft:leather_leggings":1,"minecraft:iron_bars":9,"minecraft:arrow":23,"minecraft:beef":1,"minecraft:acacia_fence":1,"minecraft:written_book":1,"minecraft:netherrack":1,"minecraft:bread":1,"minecraft:iron_ingot":16,"minecraft:golden_boots":2,"majruszsdifficulty:recall_potion":2,"minecraft:wheat_seeds":20,"minecraft:mossy_cobblestone":3,"minecraft:yellow_concrete":2,"minecraft:iron_helmet":3,"minecraft:lead":6,"minecraft:purple_concrete":3,"quark:orange_shingles":5,"quark:glass_item_frame":1,"minecraft:stick":32,"minecraft:cobweb":5,"minecraft:gray_bed":1,"minecraft:rose_bush":1,"minecraft:iron_door":1,"minecraft:iron_leggings":1,"minecraft:iron_axe":1,"minecraft:jungle_boat":1,"minecraft:string":15,"minecraft:spruce_sapling":14,"minecraft:chiseled_sandstone":7,"minecraft:smooth_basalt":2,"goblinsanddungeons:goblin_crown":2,"minecraft:bricks":1,"minecraft:yellow_concrete_powder":2,"minecraft:moss_carpet":1,"hexerei:animal_fat":1,"minecraft:sweet_berries":3,"hexerei:sage_seed":11,"epicfight:uchigatana":1,"minecraft:coarse_dirt":1,"minecraft:cocoa_beans":3,"minecraft:bowl":1,"minecraft:tuff":13,"untamedwilds:flora_bush_temperate":2,"minecraft:iron_boots":3,"minecraft:oak_sign":2,"minecraft:red_terracotta":4,"minecraft:pumpkin_seeds":8,"minecraft:cut_red_sandstone":4,"minecraft:filled_map":2,"minecraft:potato":4,"minecraft:shield":1,"minecraft:orange_terracotta":4,"minecraft:spruce_planks":1,"minecraft:andesite":5,"majruszsdifficulty:evoker_fang_scroll":1,"minecraft:oak_boat":2,"minecraft:oak_sapling":7,"minecraft:spider_eye":2,"minecraft:stone_bricks":1,"minecraft:spruce_log":4,"minecraft:sandstone":21,"irons_spellbooks:iron_spell_book":2,"minecraft:red_sand":16,"bloodandmadness:blood_stone_shard":2,"minecraft:red_sandstone_stairs":4,"untamedwilds:flora_elephant_ear":1,"biomemakeover:cowboy_hat":1,"minecraft:black_wool":1,"minecraft:terracotta":5},"minecraft:custom":{"lootr:looted_stat":90,"minecraft:interact_with_crafting_table":103,"minecraft:open_barrel":33,"goblintraders:trade_with_goblin":86,"minecraft:eat_cake_slice":5,"minecraft:leave_game":19,"minecraft:time_since_death":93502,"minecraft:damage_resisted":27,"champions:champion_mobs_killed":96,"minecraft:sprint_one_cm":4015214,"minecraft:damage_blocked_by_shield":995,"minecraft:drop":199,"minecraft:talked_to_villager":7,"minecraft:play_time":905770,"minecraft:deaths":53,"minecraft:jump":8887,"minecraft:walk_on_water_one_cm":120702,"minecraft:interact_with_furnace":70,"minecraft:interact_with_loom":1,"minecraft:sleep_in_bed":23,"minecraft:waystone_activated":6,"minecraft:damage_dealt":8870,"minecraft:player_kills":2,"minecraft:crouch_one_cm":64344,"minecraft:horse_one_cm":5229,"minecraft:mob_kills":97,"minecraft:interact_with_campfire":3,"minecraft:damage_dealt_resisted":281,"minecraft:climb_one_cm":157900,"minecraft:walk_one_cm":7039946,"minecraft:damage_dealt_absorbed":4,"minecraft:sneak_time":11798,"minecraft:walk_under_water_one_cm":58634,"minecraft:boat_one_cm":19368,"minecraft:total_world_time":905770,"minecraft:time_since_rest":36816,"minecraft:damage_absorbed":80,"minecraft:damage_taken":18275,"minecraft:trigger_trapped_chest":5,"minecraft:swim_one_cm":212305,"minecraft:fly_one_cm":3265715,"minecraft:open_chest":208,"minecraft:fall_one_cm":245760},"minecraft:crafted":{"minecraft:jungle_button":1,"minecraft:oak_planks":80,"irons_spellbooks:iron_spell_book":1,"ecologics:walnut_planks":20,"minecraft:chest":2,"minecraft:oak_fence":3,"minecraft:oak_slab":6,"sophisticatedbackpacks:backpack":1,"irons_spellbooks:copper_spell_book":1,"minecraft:cooked_porkchop":5,"minecraft:crafting_table":2,"minecraft:spruce_planks":8,"minecraft:baked_potato":12,"storagedrawers:oak_full_drawers_1":2,"minecraft:smithing_table":1,"minecraft:copper_ingot":162,"minecraft:gold_block":1,"sophisticatedbackpacks:upgrade_base":2,"minecraft:stick":28,"quark:oak_chest":2,"minecraft:iron_ingot":50,"minecraft:gold_ingot":12,"storagedrawers:oak_full_drawers_2":2,"storagedrawers:upgrade_template":4,"minecraft:wooden_sword":1,"quark:dark_oak_chest":2,"untamedwilds:food_bear_cooked":3,"quark:spruce_chest":2,"minecraft:dark_oak_planks":32,"minecraft:wheat":9,"minecraft:air":625,"minecraft:jungle_planks":16,"minecraft:flint":8,"minecraft:torch":4},"minecraft:picked_up":{"irons_spellbooks:scroll":2,"minecraft:wheat":60,"minecraft:chainmail_boots":1,"minecraft:red_sandstone_stairs":4,"minecraft:yellow_wool":1,"minecraft:lead":10,"minecraft:smithing_table":13,"minecraft:stone_slab":2,"alexsmobs:bison_fur_block":3,"minecraft:brown_bed":3,"minecraft:golden_sword":1,"minecraft:amethyst_block":5,"immersive_weathering:ash_layer_block":14,"minecraft:string":48,"minecraft:raw_copper":156,"minecraft:iron_leggings":1,"minecraft:oak_sign":2,"minecraft:beetroot":2,"minecraft:deepslate_tiles":2,"minecraft:red_sand":27,"minecraft:comparator":1,"minecraft:cobbled_deepslate":106,"bosses_of_mass_destruction:soul_star":1,"minecraft:spruce_planks":3,"alexsmobs:cooked_moose_ribs":2,"minecraft:rose_bush":1,"minecraft:written_book":1,"irons_spellbooks:inscription_table":4,"minecraft:iron_boots":3,"minecraft:furnace":8,"minecraft:blue_wool":2,"minecraft:golden_helmet":1,"minecraft:stick":45,"apotheosis:gem":5,"minecraft:acacia_fence":1,"ecologics:walnut_log":5,"majruszsdifficulty:recall_potion":2,"minecraft:torch":11,"minecraft:acacia_log":6,"quark:yellow_corundum_cluster":3,"minecraft:porkchop":14,"minecraft:lightning_rod":1,"minecraft:pointed_dripstone":2,"infernalexp:raw_hogchop":1,"biomemakeover:cowboy_hat":2,"minecraft:yellow_concrete_powder":3,"monsterplus:crystal_clump":1,"minecraft:stone_sword":2,"minecraft:rotten_flesh":17,"farmersdelight:onion":1,"minecraft:carved_pumpkin":1,"untamedwilds:hide_bigcat_tiger":3,"minecraft:white_terracotta":4,"minecraft:iron_bars":10,"bloodandmadness:blood_stone_shard":4,"alexsmobs:flying_fish":1,"minecraft:cobblestone":127,"minecraft:birch_log":11,"ecologics:walnut":4,"minecraft:lilac":1,"minecraft:cooked_beef":13,"untamedwilds:flora_elephant_ear":1,"minecraft:iron_door":1,"minecraft:andesite":66,"minecraft:jungle_log":4,"minecraft:potato":63,"alexsmobs:bison_fur":1,"paraglider:spirit_orb":1,"minecraft:flint":2,"minecraft:tuff":29,"create:raw_zinc":17,"undead_revamp2:huntereye":1,"minecraft:acacia_boat":1,"minecraft:lapis_lazuli":59,"minecraft:dirt":69,"minecraft:lantern":3,"supplementaries:doormat":1,"minecraft:leather_boots":1,"irons_spellbooks:iron_spell_book":2,"minecraft:bone":29,"goblinsanddungeons:scoria_bricks":5,"minecraft:stonecutter":1,"minecraft:wheat_seeds":190,"goblinsanddungeons:scoria_brick_slab":1,"minecraft:raw_gold":10,"minecraft:mossy_stone_bricks":1,"minecraft:glowstone_dust":1,"minecraft:oak_planks":11,"hexerei:animal_fat":2,"majruszsdifficulty:evoker_fang_scroll":1,"minecraft:poisonous_potato":1,"cloudstorage:balloon_stand":1,"quark:dark_oak_ladder":4,"minecraft:sand":15,"minecraft:jungle_planks":12,"minecraft:stripped_spruce_log":4,"quark:yellow_shingles":2,"untamedwilds:hide_bigcat_snow_leopard":3,"minecraft:red_terracotta":4,"minecraft:dark_oak_log":11,"minecraft:chiseled_sandstone":7,"alexsmobs:bison_carpet":1,"minecraft:mossy_cobblestone":5,"minecraft:polished_andesite":5,"minecraft:blue_terracotta":1,"create:crimsite":2,"minecraft:diamond":1,"minecraft:spruce_boat":1,"minecraft:lever":1,"minecraft:writable_book":2,"minecraft:crossbow":2,"hunterillager:boomerang":1,"alexsmobs:moose_ribs":4,"minecraft:emerald":9,"minecraft:oak_sapling":29,"minecraft:netherrack":1,"minecraft:bricks":1,"minecraft:crafting_table":21,"minecraft:cocoa_beans":3,"minecraft:coarse_dirt":4,"minecraft:allium":3,"minecraft:purple_wool":2,"minecraft:nether_wart":9,"minecraft:golden_pickaxe":1,"minecraft:leather_leggings":3,"minecraft:gold_block":4,"minecraft:chain":5,"quark:dark_oak_chest":1,"minecraft:shield":4,"minecraft:red_bed":4,"minecraft:moss_carpet":1,"minecraft:iron_axe":4,"untamedwilds:food_bear_raw":3,"minecraft:item_frame":4,"minecraft:white_carpet":7,"minecraft:iron_shovel":1,"ecologics:walnut_sapling":6,"minecraft:cracked_stone_bricks":1,"minecraft:beef":16,"minecraft:oak_boat":2,"minecraft:player_head":1,"minecraft:jungle_sapling":2,"minecraft:light_gray_wool":1,"minecraft:lectern":2,"minecraft:sugar_cane":10,"minecraft:chest":1,"minecraft:birch_sapling":2,"minecraft:egg":6,"minecraft:dark_oak_sapling":3,"minecraft:raw_iron":65,"minecraft:sandstone":21,"minecraft:bowl":1,"minecraft:music_disc_mellohi":1,"untamedwilds:flora_bush_temperate":2,"sophisticatedbackpacks:backpack":1,"magistuarmory:iron_pike":2,"untamedwilds:hide_bear_brown":3,"minecraft:stone_button":2,"quark:birch_chest":1,"minecraft:carrot":133,"minecraft:redstone":60,"quark:crate":1,"bloodandmadness:beastblood_clump":2,"goblinsanddungeons:goblin_crown":2,"minecraft:dark_oak_planks":20,"minecraft:tnt":1,"hexerei:sage_seed":19,"quark:yellow_corundum":1,"minecraft:arrow":46,"minecraft:cooked_cod":2,"minecraft:beetroot_seeds":7,"minecraft:hay_block":19,"minecraft:mutton":3,"minecraft:white_wool":2,"minecraft:rail":2,"minecraft:jungle_boat":2,"minecraft:glow_ink_sac":1,"minecraft:leather":6,"alexsmobs:acacia_blossom":1,"minecraft:music_disc_stal":1,"wom:iron_greataxe":1,"minecraft:chainmail_chestplate":1,"minecraft:oak_log":60,"minecraft:waxed_copper_block":1,"minecraft:jungle_button":1,"minecraft:golden_boots":2,"minecraft:blue_bed":2,"minecraft:white_banner":1,"minecraft:orange_terracotta":4,"simple_mobs:lootbag":1,"minecraft:apple":4,"minecraft:stone_bricks":2,"minecraft:red_sandstone":5,"minecraft:music_disc_far":1,"minecraft:iron_ingot":11,"minecraft:cobweb":6,"minecraft:gray_bed":3,"goblinsanddungeons:scoria":2,"minecraft:acacia_sapling":11,"minecraft:purple_concrete":4,"minecraft:smooth_basalt":2,"minecraft:dark_oak_slab":1,"minecraft:emerald_block":1,"minecraft:sweet_berries":11,"minecraft:yellow_concrete":2,"quark:glass_item_frame":1,"waystones:mossy_waystone":1,"minecraft:raw_iron_block":2,"minecraft:gravel":9,"minecraft:amethyst_shard":38,"minecraft:spruce_sapling":16,"minecraft:spruce_log":22,"quark:oak_chest":2,"quark:orange_shingles":5,"minecraft:spider_eye":3,"immersive_weathering:stone_brick":2,"minecraft:leather_helmet":1,"minecraft:cut_red_sandstone":6,"minecraft:music_disc_mall":1,"minecraft:pumpkin_seeds":8,"minecraft:purple_bed":4,"minecraft:stone_axe":1,"monsterplus:crystal_shard":1,"simple_mobs:giant_eye_fragment":1,"minecraft:iron_helmet":4,"minecraft:terracotta":5,"minecraft:baked_potato":1,"minecraft:damaged_anvil":1,"pineapple_delight:pineapple_crop":1,"minecraft:black_wool":1,"minecraft:coal":62},"minecraft:mined":{"minecraft:dark_oak_planks":4,"minecraft:large_amethyst_bud":5,"create:deepslate_zinc_ore":5,"minecraft:spruce_planks":3,"minecraft:carved_pumpkin":1,"minecraft:budding_amethyst":1,"minecraft:red_sand":12,"minecraft:acacia_log":6,"minecraft:stone_brick_wall":2,"minecraft:grass_block":37,"minecraft:jungle_log":1,"quark:yellow_corundum":1,"minecraft:nether_wart":1,"goblinsanddungeons:urn":4,"minecraft:spawner":10,"minecraft:raw_iron_block":2,"minecraft:dark_oak_trapdoor":1,"minecraft:iron_ore":32,"minecraft:fire":4,"minecraft:cobbled_deepslate":10,"minecraft:deepslate_lapis_ore":5,"minecraft:brown_bed":4,"minecraft:dark_oak_stairs":1,"minecraft:pointed_dripstone":1,"minecraft:dirt_path":2,"minecraft:iron_bars":10,"minecraft:small_amethyst_bud":3,"biomemakeover:paydirt":18,"minecraft:azalea":1,"minecraft:player_head":1,"immersive_weathering:oak_leaf_pile":3,"minecraft:jungle_button":1,"minecraft:deepslate_redstone_ore":13,"minecraft:quartz_block":2,"lootr:lootr_chest":1,"cloudstorage:balloon_stand":1,"minecraft:red_bed":4,"minecraft:amethyst_cluster":3,"quark:dark_oak_ladder":1,"immersive_weathering:spruce_leaf_pile":1,"minecraft:orange_terracotta":1,"minecraft:powder_snow":14,"quark:crate":1,"minecraft:poppy":1,"minecraft:dead_bush":13,"untamedwilds:flora_elephant_ear":1,"minecraft:cobblestone":16,"minecraft:damaged_anvil":1,"minecraft:oak_planks":17,"minecraft:sugar_cane":3,"minecraft:bricks":1,"minecraft:iron_door":1,"minecraft:wall_torch":1,"minecraft:amethyst_block":5,"minecraft:white_terracotta":4,"minecraft:seagrass":2,"minecraft:chain":5,"minecraft:blue_terracotta":1,"minecraft:dark_oak_slab":1,"minecraft:birch_log":1,"minecraft:yellow_wool":1,"minecraft:wheat":67,"minecraft:lilac":1,"minecraft:waxed_copper_block":1,"immersive_weathering:humus":2,"minecraft:light_gray_wool":1,"minecraft:tnt":1,"minecraft:grass":195,"minecraft:oak_log":59,"minecraft:beetroots":4,"minecraft:acacia_fence":1,"minecraft:dirt":34,"quark:yellow_corundum_cluster":2,"minecraft:smooth_basalt":2,"minecraft:cut_red_sandstone":8,"minecraft:stonecutter":1,"minecraft:netherrack":1,"create:crimsite":2,"minecraft:oak_leaves":108,"minecraft:deepslate":91,"minecraft:emerald_block":1,"create:zinc_ore":12,"minecraft:deepslate_tiles":1,"minecraft:tuff":20,"untamedwilds:flora_junegrass":1,"immersive_weathering:ash_layer_block":15,"minecraft:mossy_cobblestone":5,"minecraft:stone_button":1,"minecraft:jungle_planks":12,"minecraft:red_sandstone_stairs":2,"minecraft:yellow_concrete_powder":3,"minecraft:spruce_leaves":11,"minecraft:moss_block":1,"goblinsanddungeons:scoria_bricks":5,"minecraft:hay_block":19,"minecraft:large_fern":20,"farmersdelight:wild_onions":1,"untamedwilds:flora_yarrow":3,"minecraft:furnace":8,"minecraft:carrots":31,"minecraft:red_sandstone":3,"minecraft:andesite":61,"treechop:chopped_log":10,"minecraft:gold_block":4,"minecraft:potatoes":14,"pineapple_delight:pineapple_wild_crop":2,"minecraft:deepslate_iron_ore":34,"minecraft:vine":4,"minecraft:lantern":1,"minecraft:bamboo":1,"irons_spellbooks:inscription_table":4,"minecraft:stone":120,"supplementaries:wall_lantern":1,"minecraft:podzol":1,"minecraft:smithing_table":13,"minecraft:acacia_leaves":15,"minecraft:comparator":1,"quark:oak_chest":2,"quark:dark_oak_chest":1,"goblinsanddungeons:scoria":3,"minecraft:crafting_table":19,"untamedwilds:flora_bush_temperate":2,"goblinsanddungeons:scoria_brick_slab":1,"immersive_weathering:soot":2,"minecraft:rose_bush":1,"minecraft:lectern":2,"supplementaries:sack":1,"minecraft:stone_slab":2,"minecraft:lightning_rod":1,"minecraft:copper_ore":35,"minecraft:tall_grass":159,"minecraft:lapis_ore":5,"minecraft:deepslate_gold_ore":3,"minecraft:blue_bed":1,"supplementaries:urn":7,"minecraft:purple_wool":3,"minecraft:purple_bed":5,"minecraft:red_terracotta":4,"minecraft:coarse_dirt":2,"minecraft:sweet_berry_bush":4,"supplementaries:doormat":1,"minecraft:white_carpet":7,"minecraft:gray_bed":2,"minecraft:birch_leaves":5,"minecraft:purple_concrete":2,"minecraft:coal_ore":28,"alexsmobs:bison_fur_block":3,"minecraft:gravel":9,"minecraft:yellow_concrete":2,"minecraft:cobweb":44,"minecraft:cracked_stone_bricks":1,"minecraft:terracotta":5,"minecraft:polished_andesite":5,"minecraft:stone_bricks":3,"minecraft:mossy_stone_bricks":2,"minecraft:gold_ore":4,"minecraft:infested_stone":1,"minecraft:fern":14},"minecraft:used":{"minecraft:beetroot":2,"minecraft:writable_book":8,"minecraft:red_sand":11,"minecraft:iron_shovel":22,"minecraft:shield":22,"minecraft:iron_sword":409,"minecraft:jungle_planks":16,"minecraft:carrot":132,"minecraft:tuff":11,"minecraft:spruce_boat":1,"minecraft:lantern":2,"minecraft:stone_bricks":1,"minecraft:sweet_berries":5,"minecraft:written_book":1,"minecraft:jungle_button":1,"minecraft:furnace":6,"minecraft:gray_bed":2,"minecraft:egg":4,"quark:dark_oak_ladder":1,"epicfight:skillbook":1,"minecraft:mossy_stone_bricks":1,"quark:crate":1,"minecraft:oak_planks":18,"minecraft:stone_pickaxe":96,"minecraft:wooden_pickaxe":9,"minecraft:blue_bed":2,"minecraft:cookie":1,"cloudstorage:guide_book":3,"minecraft:jungle_boat":2,"minecraft:crossbow":5,"minecraft:deepslate_tiles":2,"minecraft:stone_button":2,"minecraft:bread":50,"minecraft:lectern":1,"minecraft:cut_red_sandstone":2,"minecraft:gravel":2,"alexsmobs:cooked_moose_ribs":2,"minecraft:wooden_sword":7,"minecraft:coarse_dirt":3,"minecraft:cooked_rabbit":2,"minecraft:smithing_table":12,"minecraft:andesite":5,"minecraft:chain":1,"minecraft:birch_log":1,"minecraft:oak_boat":3,"storagedrawers:oak_full_drawers_1":1,"minecraft:cobweb":1,"minecraft:experience_bottle":2,"storagedrawers:oak_full_drawers_2":2,"minecraft:iron_bars":1,"minecraft:stone_sword":13,"minecraft:spruce_planks":42,"minecraft:torch":17,"minecraft:spyglass":3,"minecraft:dirt":28,"minecraft:white_carpet":6,"minecraft:raw_iron_block":1,"goblinsanddungeons:scoria_bricks":2,"minecraft:dark_oak_planks":1,"minecraft:wooden_axe":53,"quest_giver:trading_contract_weaponsmith":1,"quark:spruce_chest":2,"untamedwilds:food_bear_cooked":3,"minecraft:iron_axe":239,"minecraft:yellow_concrete_powder":1,"minecraft:light_gray_wool":1,"minecraft:cooked_beef":31,"minecraft:cobbled_deepslate":84,"minecraft:brown_bed":3,"minecraft:acacia_boat":1,"minecraft:polished_andesite":4,"minecraft:baked_potato":23,"minecraft:birch_boat":1,"minecraft:mossy_cobblestone":1,"minecraft:rail":2,"minecraft:red_bed":3,"minecraft:crafting_table":28,"magistuarmory:iron_pike":3,"minecraft:oak_log":15,"minecraft:apple":2,"waystones:mossy_waystone":1,"minecraft:iron_pickaxe":587,"minecraft:stone_axe":97,"minecraft:purple_bed":4,"quark:dark_oak_chest":3,"minecraft:cobblestone":29,"minecraft:cooked_porkchop":5,"quark:oak_chest":4,"irons_spellbooks:inscription_table":4},"minecraft:killed_by":{"bloodandmadness:cloaked_beast_patient":1,"irons_spellbooks:cryomancer":1,"minecraft:wither_skeleton":1,"monsterplus:crystal_zombie":4,"minecraft:pillager":7,"simple_mobs:bright_elemental":1,"dannys_expansion:cursed_skull":1,"minecraft:vindicator":2,"alexsmobs:crocodile":1,"dannys_expansion:ghoul":1,"goblinsanddungeons:goblin_king":2,"minecraft:zombie":3,"majruszsdifficulty:cursed_armor":3,"minecraft:illusioner":1,"minecraft:player":4,"simple_mobs:dark_elemental":3,"minecraft:spider":2,"alexsmobs:bison":1,"untamedwilds:large_snake":1,"minecraft:skeleton":4,"simple_mobs:giant":1,"simple_mobs:sentinel_knight":2,"untamedwilds:big_cat":1},"minecraft:killed":{"untamedwilds:hyena":2,"simple_mobs:imp_melee":1,"guardvillagers:guard":1,"minecraft:cave_spider":1,"minecraft:witch":1,"minecraft:spider":7,"monsterplus:crystal_zombie":1,"minecraft:skeleton":17,"monsterplus:glow_skeleton":2,"hunterillager:hunterillager":1,"goblinsanddungeons:garch":2,"minecraft:silverfish":5,"minecraft:pig":2,"simple_mobs:gobber":2,"untamedwilds:boar":1,"minecraft:sheep":3,"untamedwilds:bear":1,"minecraft:pillager":23,"minecraft:donkey":1,"minecraft:zombie":10,"minecraft:cow":2,"minecraft:vex":3,"undead_revamp2:thehunter":1,"bloodandmadness:cloaked_beast_patient":1,"minecraft:vindicator":12,"simple_mobs:giant":1,"simple_mobs:vampire":1,"alexsmobs:bison":1,"minecraft:drowned":1,"alexsmobs:flying_fish":1,"restored_earth:lobber_zombie":1,"majruszsdifficulty:cursed_armor":1,"minecraft:hoglin":1,"untamedwilds:big_cat":3}},"DataVersion":2975}