{"stats":{"minecraft:killed_by":{"minecraft:player":1,"irons_spellbooks:cryomancer":1,"simple_mobs:dark_elemental":3,"minecraft:spider":1,"monsterplus:crystal_zombie":1,"minecraft:pillager":5,"dannys_expansion:cursed_skull":1,"alexsmobs:bison":1,"minecraft:vindicator":1,"dannys_expansion:ghoul":1,"goblinsanddungeons:goblin_king":1,"minecraft:zombie":1,"simple_mobs:sentinel_knight":1,"untamedwilds:big_cat":1},"minecraft:dropped":{"minecraft:iron_ingot":16,"minecraft:wheat_seeds":7,"minecraft:oak_log":1,"minecraft:baked_potato":1,"minecraft:glow_ink_sac":1,"quark:glass_item_frame":1,"minecraft:item_frame":4,"minecraft:stick":9,"minecraft:flint":1,"minecraft:cobweb":5,"minecraft:dirt":3,"minecraft:red_bed":1,"minecraft:grass":29,"minecraft:mutton":3,"minecraft:gray_bed":1,"farmersdelight:onion":1,"minecraft:wooden_sword":1,"minecraft:string":11,"minecraft:dark_oak_planks":2,"minecraft:white_wool":2,"minecraft:spruce_sapling":9,"minecraft:bone":2,"hexerei:animal_fat":1,"hexerei:sage_seed":7,"minecraft:bowl":1,"untamedwilds:flora_bush_temperate":2,"minecraft:tuff":2,"minecraft:rotten_flesh":5,"minecraft:glowstone_dust":1,"minecraft:carrot":3,"magistuarmory:iron_pike":2,"minecraft:filled_map":1,"minecraft:spruce_planks":1,"minecraft:chainmail_boots":1,"minecraft:acacia_sapling":1,"minecraft:oak_boat":2,"minecraft:oak_sapling":5,"minecraft:chest":2,"minecraft:spruce_log":4,"irons_spellbooks:iron_spell_book":2,"minecraft:arrow":5,"bloodandmadness:blood_stone_shard":2,"minecraft:beef":1,"minecraft:written_book":1,"untamedwilds:flora_elephant_ear":1,"minecraft:black_wool":1},"minecraft:killed":{"guardvillagers:guard":1,"minecraft:vindicator":5,"monsterplus:crystal_zombie":1,"monsterplus:glow_skeleton":2,"goblinsanddungeons:garch":2,"minecraft:silverfish":5,"alexsmobs:bison":1,"minecraft:drowned":1,"simple_mobs:gobber":1,"minecraft:pig":2,"restored_earth:lobber_zombie":1,"untamedwilds:boar":1,"untamedwilds:big_cat":3,"minecraft:sheep":3,"untamedwilds:bear":1,"minecraft:pillager":17,"minecraft:zombie":1,"minecraft:donkey":1,"minecraft:cow":2},"minecraft:broken":{"irons_spellbooks:wandering_magician_helmet":1,"irons_spellbooks:wandering_magician_chestplate":1,"minecraft:iron_axe":1},"minecraft:mined":{"minecraft:dark_oak_planks":2,"minecraft:large_amethyst_bud":5,"minecraft:tuff":2,"immersive_weathering:ash_layer_block":14,"untamedwilds:flora_junegrass":1,"minecraft:mossy_cobblestone":1,"minecraft:carved_pumpkin":1,"minecraft:budding_amethyst":1,"minecraft:acacia_log":1,"minecraft:stone_brick_wall":2,"minecraft:grass_block":20,"quark:yellow_corundum":1,"goblinsanddungeons:urn":2,"goblinsanddungeons:scoria_bricks":1,"minecraft:spruce_leaves":11,"minecraft:moss_block":1,"minecraft:spawner":2,"minecraft:nether_wart":1,"minecraft:large_fern":20,"untamedwilds:flora_yarrow":2,"farmersdelight:wild_onions":1,"minecraft:raw_iron_block":2,"minecraft:furnace":6,"minecraft:fire":2,"treechop:chopped_log":7,"minecraft:dark_oak_stairs":1,"minecraft:dirt_path":1,"minecraft:vine":2,"pineapple_delight:pineapple_wild_crop":2,"minecraft:deepslate_iron_ore":12,"minecraft:small_amethyst_bud":3,"irons_spellbooks:inscription_table":3,"minecraft:stone":38,"immersive_weathering:oak_leaf_pile":2,"minecraft:podzol":1,"minecraft:acacia_leaves":3,"cloudstorage:balloon_stand":1,"minecraft:red_bed":2,"immersive_weathering:spruce_leaf_pile":1,"quark:dark_oak_ladder":1,"minecraft:amethyst_cluster":3,"minecraft:powder_snow":2,"minecraft:crafting_table":13,"untamedwilds:flora_bush_temperate":2,"goblinsanddungeons:scoria_brick_slab":1,"minecraft:lectern":2,"untamedwilds:flora_elephant_ear":1,"minecraft:lightning_rod":1,"minecraft:tall_grass":98,"minecraft:cobblestone":11,"minecraft:oak_planks":15,"minecraft:sugar_cane":3,"minecraft:damaged_anvil":1,"minecraft:blue_bed":1,"minecraft:amethyst_block":5,"supplementaries:urn":5,"minecraft:chain":5,"minecraft:lilac":1,"minecraft:birch_log":1,"minecraft:wheat":7,"minecraft:sweet_berry_bush":2,"supplementaries:doormat":1,"minecraft:white_carpet":1,"minecraft:gray_bed":2,"immersive_weathering:humus":2,"minecraft:birch_leaves":1,"minecraft:waxed_copper_block":1,"minecraft:grass":131,"minecraft:oak_log":24,"minecraft:gravel":1,"minecraft:dirt":9,"quark:yellow_corundum_cluster":2,"minecraft:cobweb":6,"minecraft:stone_bricks":1,"minecraft:deepslate":3,"create:crimsite":2,"minecraft:mossy_stone_bricks":1,"minecraft:oak_leaves":57,"minecraft:fern":6,"minecraft:infested_stone":1},"minecraft:custom":{"lootr:looted_stat":20,"minecraft:mob_kills":46,"minecraft:interact_with_crafting_table":37,"minecraft:open_barrel":6,"minecraft:interact_with_campfire":3,"minecraft:damage_dealt_resisted":171,"minecraft:eat_cake_slice":5,"minecraft:leave_game":9,"minecraft:time_since_death":291,"minecraft:climb_one_cm":27718,"champions:champion_mobs_killed":36,"minecraft:sprint_one_cm":1307181,"minecraft:walk_one_cm":2623946,"minecraft:drop":71,"minecraft:damage_dealt_absorbed":4,"minecraft:talked_to_villager":2,"minecraft:play_time":325031,"minecraft:sneak_time":4299,"minecraft:deaths":21,"minecraft:walk_under_water_one_cm":27853,"minecraft:boat_one_cm":2073,"minecraft:jump":4999,"minecraft:walk_on_water_one_cm":69817,"minecraft:total_world_time":325031,"minecraft:interact_with_furnace":46,"minecraft:interact_with_loom":1,"minecraft:sleep_in_bed":10,"minecraft:time_since_rest":306,"minecraft:waystone_activated":3,"minecraft:damage_taken":6815,"minecraft:damage_absorbed":80,"minecraft:trigger_trapped_chest":2,"minecraft:damage_dealt":4438,"minecraft:swim_one_cm":132641,"minecraft:fly_one_cm":1459771,"minecraft:open_chest":23,"minecraft:crouch_one_cm":26152,"minecraft:fall_one_cm":107062,"minecraft:horse_one_cm":520},"minecraft:crafted":{"minecraft:wooden_sword":1,"irons_spellbooks:iron_spell_book":1,"ecologics:walnut_planks":20,"minecraft:chest":2,"untamedwilds:food_bear_cooked":3,"sophisticatedbackpacks:backpack":1,"minecraft:cooked_porkchop":5,"minecraft:spruce_planks":8,"minecraft:baked_potato":12,"minecraft:air":153,"minecraft:stick":8,"quark:oak_chest":1,"minecraft:iron_ingot":18,"minecraft:torch":4},"minecraft:picked_up":{"minecraft:crafting_table":15,"minecraft:wheat":7,"minecraft:chainmail_boots":1,"minecraft:nether_wart":9,"minecraft:leather_leggings":1,"minecraft:lead":5,"minecraft:chain":5,"minecraft:amethyst_block":5,"immersive_weathering:ash_layer_block":14,"minecraft:string":7,"minecraft:red_bed":2,"minecraft:iron_axe":2,"untamedwilds:food_bear_raw":3,"minecraft:item_frame":4,"minecraft:white_carpet":1,"ecologics:walnut_sapling":6,"alexsmobs:cooked_moose_ribs":2,"minecraft:beef":11,"minecraft:oak_boat":2,"minecraft:written_book":1,"minecraft:lectern":2,"minecraft:sugar_cane":10,"minecraft:chest":1,"irons_spellbooks:inscription_table":3,"minecraft:furnace":6,"minecraft:egg":1,"minecraft:stick":19,"minecraft:raw_iron":9,"apotheosis:gem":2,"ecologics:walnut_log":5,"minecraft:acacia_log":1,"minecraft:bowl":1,"minecraft:music_disc_mellohi":1,"untamedwilds:flora_bush_temperate":2,"quark:yellow_corundum_cluster":3,"minecraft:porkchop":10,"minecraft:lightning_rod":1,"magistuarmory:iron_pike":2,"quark:birch_chest":1,"untamedwilds:hide_bear_brown":3,"minecraft:carrot":20,"bloodandmadness:beastblood_clump":1,"minecraft:dark_oak_planks":2,"hexerei:sage_seed":12,"quark:yellow_corundum":1,"monsterplus:crystal_clump":1,"minecraft:arrow":21,"minecraft:rotten_flesh":7,"farmersdelight:onion":1,"minecraft:carved_pumpkin":1,"untamedwilds:hide_bigcat_tiger":3,"minecraft:mutton":3,"bloodandmadness:blood_stone_shard":4,"minecraft:rail":2,"minecraft:white_wool":2,"minecraft:cobblestone":41,"minecraft:birch_log":11,"ecologics:walnut":4,"minecraft:lilac":1,"untamedwilds:flora_elephant_ear":1,"minecraft:glow_ink_sac":1,"minecraft:leather":4,"minecraft:music_disc_stal":1,"minecraft:potato":8,"alexsmobs:bison_fur":1,"paraglider:spirit_orb":1,"minecraft:flint":2,"minecraft:tuff":2,"minecraft:oak_log":24,"minecraft:waxed_copper_block":1,"minecraft:blue_bed":2,"minecraft:dirt":32,"supplementaries:doormat":1,"minecraft:leather_boots":1,"irons_spellbooks:iron_spell_book":2,"minecraft:bone":10,"goblinsanddungeons:scoria_bricks":1,"minecraft:apple":4,"minecraft:stone_bricks":1,"goblinsanddungeons:scoria_brick_slab":1,"minecraft:wheat_seeds":45,"minecraft:iron_ingot":11,"minecraft:music_disc_far":1,"minecraft:cobweb":6,"minecraft:mossy_stone_bricks":1,"minecraft:glowstone_dust":1,"minecraft:gray_bed":3,"minecraft:oak_planks":10,"minecraft:acacia_sapling":1,"hexerei:animal_fat":2,"minecraft:sweet_berries":8,"quark:glass_item_frame":1,"minecraft:raw_iron_block":2,"minecraft:gravel":3,"cloudstorage:balloon_stand":1,"quark:dark_oak_ladder":1,"minecraft:amethyst_shard":31,"minecraft:stripped_spruce_log":4,"minecraft:spruce_sapling":11,"minecraft:spruce_log":14,"untamedwilds:hide_bigcat_snow_leopard":3,"minecraft:leather_helmet":1,"immersive_weathering:stone_brick":1,"minecraft:music_disc_mall":1,"create:crimsite":2,"minecraft:spruce_boat":1,"minecraft:stone_axe":1,"monsterplus:crystal_shard":1,"pineapple_delight:pineapple_crop":1,"alexsmobs:moose_ribs":3,"minecraft:emerald":2,"minecraft:baked_potato":1,"minecraft:oak_sapling":21,"minecraft:damaged_anvil":1,"minecraft:black_wool":1,"minecraft:coal":17},"minecraft:used":{"irons_spellbooks:inscription_table":2,"minecraft:writable_book":2,"minecraft:spruce_planks":6,"minecraft:iron_sword":183,"minecraft:spyglass":3,"minecraft:dirt":15,"minecraft:carrot":23,"minecraft:raw_iron_block":1,"minecraft:wooden_axe":53,"minecraft:spruce_boat":1,"untamedwilds:food_bear_cooked":3,"minecraft:iron_axe":74,"minecraft:stone_bricks":1,"minecraft:sweet_berries":5,"minecraft:written_book":1,"minecraft:furnace":4,"minecraft:gray_bed":2,"quark:dark_oak_ladder":1,"minecraft:mossy_stone_bricks":1,"minecraft:baked_potato":13,"minecraft:oak_planks":18,"minecraft:stone_pickaxe":96,"minecraft:wooden_pickaxe":9,"minecraft:birch_boat":1,"minecraft:blue_bed":2,"cloudstorage:guide_book":2,"minecraft:cookie":1,"minecraft:rail":2,"minecraft:crafting_table":17,"minecraft:red_bed":1,"magistuarmory:iron_pike":3,"minecraft:oak_log":6,"minecraft:apple":2,"minecraft:bread":25,"minecraft:iron_pickaxe":28,"minecraft:lectern":1,"minecraft:stone_axe":80,"alexsmobs:cooked_moose_ribs":2,"minecraft:wooden_sword":7,"minecraft:cobblestone":10,"minecraft:cooked_porkchop":5,"minecraft:birch_log":1,"minecraft:chain":1,"minecraft:cobweb":1,"minecraft:oak_boat":3,"minecraft:experience_bottle":2}},"DataVersion":2975}