{"stats":{"minecraft:used":{"minecraft:stone_pickaxe":15,"minecraft:wooden_pickaxe":9,"minecraft:dirt":2,"minecraft:spyglass":3,"minecraft:crafting_table":5,"minecraft:wooden_axe":16,"minecraft:iron_axe":16,"minecraft:bread":6,"minecraft:wooden_sword":7,"minecraft:cobblestone":3,"minecraft:cobweb":1},"minecraft:killed":{"minecraft:pig":2,"restored_earth:lobber_zombie":1,"minecraft:vindicator":1,"untamedwilds:big_cat":2,"minecraft:pillager":2,"minecraft:donkey":1,"minecraft:silverfish":1,"alexsmobs:bison":1},"minecraft:picked_up":{"ecologics:walnut":4,"minecraft:crafting_table":5,"untamedwilds:flora_elephant_ear":1,"minecraft:leather":3,"minecraft:potato":4,"alexsmobs:bison_fur":1,"minecraft:oak_log":9,"minecraft:waxed_copper_block":1,"minecraft:dirt":2,"minecraft:string":5,"minecraft:red_bed":1,"minecraft:iron_axe":1,"minecraft:bone":5,"irons_spellbooks:iron_spell_book":2,"ecologics:walnut_sapling":6,"minecraft:wheat_seeds":5,"minecraft:beef":7,"minecraft:cobweb":6,"minecraft:furnace":2,"hexerei:animal_fat":1,"minecraft:stick":8,"ecologics:walnut_log":5,"untamedwilds:flora_bush_temperate":1,"minecraft:porkchop":5,"minecraft:lightning_rod":1,"minecraft:spruce_sapling":4,"minecraft:spruce_log":4,"untamedwilds:hide_bigcat_snow_leopard":3,"minecraft:carrot":3,"hexerei:sage_seed":5,"minecraft:rotten_flesh":5,"create:crimsite":2,"minecraft:carved_pumpkin":1,"minecraft:oak_sapling":9,"minecraft:damaged_anvil":1,"minecraft:cobblestone":12},"minecraft:dropped":{"minecraft:rotten_flesh":5,"minecraft:stick":1,"minecraft:oak_sapling":5,"irons_spellbooks:iron_spell_book":2,"untamedwilds:flora_elephant_ear":1},"minecraft:crafted":{"minecraft:wooden_sword":1,"sophisticatedbackpacks:backpack":1,"ecologics:walnut_planks":20,"minecraft:air":40,"minecraft:stick":8,"quark:oak_chest":1,"minecraft:chest":1},"minecraft:killed_by":{"dannys_expansion:ghoul":1,"minecraft:pillager":1,"simple_mobs:sentinel_knight":1,"untamedwilds:big_cat":1,"alexsmobs:bison":1},"minecraft:broken":{"minecraft:iron_axe":1},"minecraft:mined":{"minecraft:red_bed":1,"minecraft:carved_pumpkin":1,"minecraft:crafting_table":5,"untamedwilds:flora_bush_temperate":1,"minecraft:grass_block":5,"untamedwilds:flora_elephant_ear":1,"minecraft:lightning_rod":1,"minecraft:tall_grass":19,"minecraft:cobblestone":9,"minecraft:spruce_leaves":2,"minecraft:damaged_anvil":1,"minecraft:furnace":2,"minecraft:fire":2,"minecraft:waxed_copper_block":1,"treechop:chopped_log":3,"minecraft:grass":25,"minecraft:oak_log":4,"minecraft:dirt":1,"minecraft:cobweb":5,"minecraft:stone":1,"create:crimsite":2,"minecraft:oak_leaves":9,"minecraft:infested_stone":1},"minecraft:custom":{"minecraft:interact_with_furnace":1,"minecraft:mob_kills":10,"minecraft:interact_with_crafting_table":6,"minecraft:open_barrel":3,"minecraft:eat_cake_slice":5,"minecraft:time_since_death":11130,"minecraft:climb_one_cm":5619,"minecraft:time_since_rest":11226,"minecraft:waystone_activated":1,"minecraft:sprint_one_cm":238532,"champions:champion_mobs_killed":5,"minecraft:damage_absorbed":60,"minecraft:damage_taken":1224,"minecraft:walk_one_cm":593585,"minecraft:drop":7,"minecraft:damage_dealt":312,"minecraft:talked_to_villager":1,"minecraft:damage_dealt_absorbed":2,"minecraft:swim_one_cm":21548,"minecraft:fly_one_cm":341283,"minecraft:open_chest":11,"minecraft:crouch_one_cm":1435,"minecraft:play_time":65211,"minecraft:deaths":5,"minecraft:sneak_time":215,"minecraft:walk_under_water_one_cm":3834,"minecraft:jump":1040,"minecraft:walk_on_water_one_cm":10710,"minecraft:total_world_time":65211,"minecraft:fall_one_cm":22003}},"DataVersion":2975}