{"stats":{"minecraft:crafted":{"minecraft:wooden_sword":1,"irons_spellbooks:iron_spell_book":1,"ecologics:walnut_planks":20,"minecraft:chest":1,"untamedwilds:food_bear_cooked":3,"sophisticatedbackpacks:backpack":1,"minecraft:cooked_porkchop":5,"minecraft:baked_potato":12,"minecraft:air":56,"minecraft:stick":8,"quark:oak_chest":1,"minecraft:iron_ingot":18,"minecraft:torch":4},"minecraft:custom":{"lootr:looted_stat":8,"minecraft:mob_kills":24,"minecraft:interact_with_crafting_table":23,"minecraft:open_barrel":3,"minecraft:damage_dealt_resisted":170,"minecraft:eat_cake_slice":5,"minecraft:leave_game":4,"minecraft:time_since_death":24265,"minecraft:climb_one_cm":19754,"champions:champion_mobs_killed":16,"minecraft:sprint_one_cm":589878,"minecraft:walk_one_cm":1491996,"minecraft:drop":31,"minecraft:damage_dealt_absorbed":2,"minecraft:talked_to_villager":1,"minecraft:sneak_time":2284,"minecraft:play_time":181471,"minecraft:deaths":10,"minecraft:walk_under_water_one_cm":20626,"minecraft:boat_one_cm":1137,"minecraft:jump":2361,"minecraft:walk_on_water_one_cm":45784,"minecraft:total_world_time":181471,"minecraft:interact_with_furnace":46,"minecraft:interact_with_loom":1,"minecraft:sleep_in_bed":4,"minecraft:time_since_rest":24299,"minecraft:waystone_activated":3,"minecraft:damage_taken":2934,"minecraft:damage_absorbed":60,"minecraft:damage_dealt":1607,"minecraft:swim_one_cm":51601,"minecraft:fly_one_cm":704743,"minecraft:open_chest":17,"minecraft:crouch_one_cm":13941,"minecraft:fall_one_cm":47181,"minecraft:horse_one_cm":520},"minecraft:broken":{"minecraft:iron_axe":1},"minecraft:killed":{"minecraft:vindicator":3,"monsterplus:crystal_zombie":1,"monsterplus:glow_skeleton":2,"minecraft:silverfish":5,"alexsmobs:bison":1,"minecraft:drowned":1,"minecraft:pig":2,"restored_earth:lobber_zombie":1,"untamedwilds:big_cat":3,"minecraft:sheep":3,"untamedwilds:bear":1,"minecraft:pillager":2,"minecraft:zombie":1,"minecraft:donkey":1},"minecraft:dropped":{"minecraft:wheat_seeds":1,"minecraft:glow_ink_sac":1,"minecraft:stick":3,"minecraft:cobweb":5,"minecraft:dirt":2,"minecraft:red_bed":1,"minecraft:wooden_sword":1,"minecraft:spruce_sapling":7,"minecraft:bone":2,"hexerei:animal_fat":1,"hexerei:sage_seed":5,"minecraft:bowl":1,"minecraft:tuff":2,"minecraft:rotten_flesh":5,"minecraft:glowstone_dust":1,"magistuarmory:iron_pike":1,"minecraft:oak_boat":2,"minecraft:oak_sapling":5,"minecraft:spruce_log":4,"irons_spellbooks:iron_spell_book":2,"minecraft:arrow":2,"bloodandmadness:blood_stone_shard":1,"untamedwilds:flora_elephant_ear":1},"minecraft:picked_up":{"minecraft:wheat":7,"minecraft:crafting_table":12,"minecraft:chainmail_boots":1,"minecraft:nether_wart":9,"minecraft:leather_leggings":1,"minecraft:lead":3,"minecraft:chain":5,"minecraft:amethyst_block":5,"minecraft:string":5,"minecraft:red_bed":2,"untamedwilds:food_bear_raw":3,"minecraft:iron_axe":1,"minecraft:white_carpet":1,"ecologics:walnut_sapling":6,"minecraft:beef":7,"minecraft:oak_boat":2,"minecraft:lectern":2,"irons_spellbooks:inscription_table":2,"minecraft:furnace":6,"minecraft:stick":8,"minecraft:raw_iron":9,"apotheosis:gem":2,"ecologics:walnut_log":5,"minecraft:bowl":1,"untamedwilds:flora_bush_temperate":1,"quark:yellow_corundum_cluster":3,"minecraft:porkchop":10,"minecraft:lightning_rod":1,"magistuarmory:iron_pike":2,"untamedwilds:hide_bear_brown":3,"minecraft:carrot":3,"minecraft:dark_oak_planks":2,"quark:yellow_corundum":1,"hexerei:sage_seed":5,"monsterplus:crystal_clump":1,"minecraft:arrow":4,"minecraft:rotten_flesh":7,"farmersdelight:onion":1,"minecraft:carved_pumpkin":1,"untamedwilds:hide_bigcat_tiger":3,"minecraft:mutton":2,"bloodandmadness:blood_stone_shard":2,"minecraft:white_wool":2,"minecraft:rail":2,"minecraft:cobblestone":12,"minecraft:birch_log":1,"ecologics:walnut":4,"untamedwilds:flora_elephant_ear":1,"minecraft:glow_ink_sac":1,"minecraft:leather":3,"minecraft:potato":4,"alexsmobs:bison_fur":1,"minecraft:flint":1,"minecraft:tuff":2,"minecraft:oak_log":13,"minecraft:waxed_copper_block":1,"minecraft:dirt":11,"minecraft:bone":10,"irons_spellbooks:iron_spell_book":2,"minecraft:stone_bricks":1,"minecraft:wheat_seeds":21,"minecraft:cobweb":6,"minecraft:mossy_stone_bricks":1,"minecraft:glowstone_dust":1,"minecraft:oak_planks":10,"hexerei:animal_fat":1,"minecraft:sweet_berries":3,"minecraft:raw_iron_block":2,"minecraft:gravel":3,"cloudstorage:balloon_stand":1,"minecraft:amethyst_shard":31,"minecraft:stripped_spruce_log":4,"minecraft:spruce_sapling":7,"untamedwilds:hide_bigcat_snow_leopard":3,"minecraft:spruce_log":4,"minecraft:leather_helmet":1,"immersive_weathering:stone_brick":1,"create:crimsite":2,"minecraft:stone_axe":1,"monsterplus:crystal_shard":1,"minecraft:emerald":1,"minecraft:oak_sapling":16,"minecraft:damaged_anvil":1,"minecraft:coal":17},"minecraft:killed_by":{"irons_spellbooks:cryomancer":1,"simple_mobs:dark_elemental":3,"monsterplus:crystal_zombie":1,"minecraft:pillager":1,"alexsmobs:bison":1,"dannys_expansion:ghoul":1,"simple_mobs:sentinel_knight":1,"untamedwilds:big_cat":1},"minecraft:mined":{"minecraft:dark_oak_planks":2,"minecraft:large_amethyst_bud":5,"minecraft:tuff":2,"minecraft:mossy_cobblestone":1,"minecraft:carved_pumpkin":1,"minecraft:budding_amethyst":1,"minecraft:grass_block":9,"minecraft:stone_brick_wall":2,"quark:yellow_corundum":1,"minecraft:spruce_leaves":4,"minecraft:nether_wart":1,"minecraft:large_fern":1,"farmersdelight:wild_onions":1,"minecraft:raw_iron_block":2,"minecraft:furnace":6,"minecraft:fire":2,"treechop:chopped_log":4,"minecraft:dark_oak_stairs":1,"minecraft:vine":1,"minecraft:deepslate_iron_ore":12,"pineapple_delight:pineapple_wild_crop":1,"minecraft:dirt_path":1,"minecraft:small_amethyst_bud":3,"irons_spellbooks:inscription_table":2,"minecraft:stone":2,"immersive_weathering:oak_leaf_pile":2,"minecraft:red_bed":2,"cloudstorage:balloon_stand":1,"minecraft:amethyst_cluster":3,"minecraft:crafting_table":10,"untamedwilds:flora_bush_temperate":1,"minecraft:lectern":2,"untamedwilds:flora_elephant_ear":1,"minecraft:lightning_rod":1,"minecraft:tall_grass":28,"minecraft:cobblestone":11,"minecraft:oak_planks":15,"minecraft:damaged_anvil":1,"minecraft:amethyst_block":5,"supplementaries:urn":5,"minecraft:chain":5,"minecraft:birch_log":1,"minecraft:wheat":7,"minecraft:white_carpet":1,"minecraft:birch_leaves":1,"minecraft:waxed_copper_block":1,"minecraft:grass":36,"minecraft:oak_log":8,"minecraft:gravel":1,"minecraft:dirt":2,"quark:yellow_corundum_cluster":2,"minecraft:cobweb":6,"minecraft:stone_bricks":1,"create:crimsite":2,"minecraft:mossy_stone_bricks":1,"minecraft:oak_leaves":23,"minecraft:deepslate":3,"minecraft:infested_stone":1},"minecraft:used":{"irons_spellbooks:inscription_table":1,"minecraft:iron_sword":51,"minecraft:dirt":7,"minecraft:spyglass":3,"minecraft:carrot":3,"minecraft:raw_iron_block":1,"minecraft:wooden_axe":53,"untamedwilds:food_bear_cooked":3,"minecraft:iron_axe":16,"minecraft:stone_bricks":1,"minecraft:sweet_berries":5,"minecraft:furnace":4,"minecraft:mossy_stone_bricks":1,"minecraft:stone_pickaxe":75,"minecraft:oak_planks":14,"minecraft:wooden_pickaxe":9,"minecraft:rail":2,"minecraft:crafting_table":12,"minecraft:red_bed":1,"minecraft:bread":14,"minecraft:lectern":1,"minecraft:stone_axe":15,"minecraft:wooden_sword":7,"minecraft:cobblestone":3,"minecraft:cooked_porkchop":1,"minecraft:birch_log":1,"minecraft:chain":1,"minecraft:oak_boat":2,"minecraft:experience_bottle":2,"minecraft:cobweb":1}},"DataVersion":2975}