{"stats":{"minecraft:killed":{"minecraft:pillager":2,"minecraft:pig":1,"restored_earth:lobber_zombie":1,"minecraft:silverfish":1,"alexsmobs:bison":1},"minecraft:used":{"minecraft:wooden_axe":11,"minecraft:stone_pickaxe":8,"minecraft:bread":5,"minecraft:wooden_pickaxe":9,"minecraft:wooden_sword":4,"minecraft:spyglass":3,"minecraft:dirt":2,"minecraft:cobblestone":3,"minecraft:crafting_table":4},"minecraft:picked_up":{"hexerei:animal_fat":1,"minecraft:crafting_table":4,"minecraft:stick":6,"ecologics:walnut":4,"untamedwilds:flora_elephant_ear":1,"ecologics:walnut_log":5,"minecraft:leather":3,"minecraft:potato":4,"alexsmobs:bison_fur":1,"minecraft:porkchop":3,"minecraft:oak_log":6,"minecraft:carrot":3,"minecraft:string":4,"minecraft:dirt":2,"hexerei:sage_seed":5,"create:crimsite":2,"ecologics:walnut_sapling":6,"irons_spellbooks:iron_spell_book":2,"minecraft:rotten_flesh":5,"minecraft:wheat_seeds":3,"minecraft:beef":7,"minecraft:cobweb":6,"minecraft:oak_sapling":1,"minecraft:cobblestone":12},"minecraft:dropped":{"irons_spellbooks:iron_spell_book":2},"minecraft:crafted":{"minecraft:wooden_sword":1,"minecraft:stick":8,"ecologics:walnut_planks":20,"minecraft:air":4},"minecraft:killed_by":{"alexsmobs:bison":1,"dannys_expansion:ghoul":1,"simple_mobs:sentinel_knight":1},"minecraft:mined":{"minecraft:fire":2,"treechop:chopped_log":2,"minecraft:crafting_table":4,"minecraft:grass":22,"minecraft:grass_block":3,"untamedwilds:flora_elephant_ear":1,"minecraft:cobweb":4,"minecraft:tall_grass":13,"minecraft:cobblestone":9,"minecraft:stone":1,"create:crimsite":2,"minecraft:infested_stone":1},"minecraft:custom":{"minecraft:time_since_rest":7065,"minecraft:waystone_activated":1,"champions:champion_mobs_killed":4,"minecraft:sprint_one_cm":121708,"minecraft:walk_one_cm":303446,"minecraft:damage_taken":882,"minecraft:damage_absorbed":60,"minecraft:mob_kills":6,"minecraft:drop":2,"minecraft:damage_dealt":186,"minecraft:damage_dealt_absorbed":2,"minecraft:swim_one_cm":18800,"minecraft:interact_with_crafting_table":4,"minecraft:fly_one_cm":203454,"minecraft:open_chest":5,"minecraft:crouch_one_cm":88,"minecraft:play_time":41211,"minecraft:deaths":3,"minecraft:walk_under_water_one_cm":3455,"minecraft:sneak_time":40,"minecraft:jump":668,"minecraft:time_since_death":6992,"minecraft:walk_on_water_one_cm":6114,"minecraft:total_world_time":41211,"minecraft:climb_one_cm":2219,"minecraft:fall_one_cm":16476}},"DataVersion":2975}