{"stats":{"minecraft:killed_by":{"irons_spellbooks:cryomancer":1,"monsterplus:crystal_zombie":4,"minecraft:pillager":6,"dannys_expansion:cursed_skull":1,"minecraft:vindicator":2,"alexsmobs:crocodile":1,"dannys_expansion:ghoul":1,"goblinsanddungeons:goblin_king":2,"minecraft:zombie":3,"majruszsdifficulty:cursed_armor":2,"minecraft:illusioner":1,"minecraft:player":2,"simple_mobs:dark_elemental":3,"minecraft:spider":2,"alexsmobs:bison":1,"untamedwilds:large_snake":1,"simple_mobs:giant":1,"simple_mobs:sentinel_knight":2,"untamedwilds:big_cat":1},"minecraft:used":{"irons_spellbooks:inscription_table":2,"minecraft:beetroot":2,"minecraft:writable_book":7,"minecraft:shield":22,"minecraft:iron_sword":360,"minecraft:jungle_planks":13,"minecraft:carrot":92,"minecraft:tuff":11,"minecraft:spruce_boat":1,"minecraft:lantern":1,"minecraft:stone_bricks":1,"minecraft:sweet_berries":5,"minecraft:written_book":1,"minecraft:furnace":6,"minecraft:gray_bed":2,"minecraft:egg":4,"quark:dark_oak_ladder":1,"epicfight:skillbook":1,"minecraft:mossy_stone_bricks":1,"minecraft:oak_planks":18,"minecraft:stone_pickaxe":96,"minecraft:wooden_pickaxe":9,"minecraft:blue_bed":2,"cloudstorage:guide_book":2,"minecraft:jungle_boat":2,"minecraft:cookie":1,"minecraft:deepslate_tiles":2,"minecraft:bread":47,"minecraft:lectern":1,"minecraft:gravel":2,"alexsmobs:cooked_moose_ribs":2,"minecraft:wooden_sword":7,"minecraft:smithing_table":11,"minecraft:andesite":5,"minecraft:birch_log":1,"minecraft:chain":1,"minecraft:oak_boat":3,"minecraft:cobweb":1,"minecraft:experience_bottle":2,"storagedrawers:oak_full_drawers_2":2,"minecraft:spruce_planks":8,"minecraft:torch":1,"minecraft:spyglass":3,"minecraft:dirt":26,"minecraft:white_carpet":6,"minecraft:raw_iron_block":1,"goblinsanddungeons:scoria_bricks":2,"minecraft:wooden_axe":53,"quest_giver:trading_contract_weaponsmith":1,"quark:spruce_chest":2,"untamedwilds:food_bear_cooked":3,"minecraft:iron_axe":115,"minecraft:cobbled_deepslate":84,"minecraft:baked_potato":23,"minecraft:birch_boat":1,"minecraft:mossy_cobblestone":1,"minecraft:rail":2,"minecraft:crafting_table":20,"minecraft:red_bed":1,"magistuarmory:iron_pike":3,"minecraft:oak_log":6,"minecraft:apple":2,"waystones:mossy_waystone":1,"minecraft:iron_pickaxe":396,"minecraft:stone_axe":97,"quark:dark_oak_chest":3,"minecraft:cobblestone":29,"minecraft:purple_bed":2,"minecraft:cooked_porkchop":5,"quark:oak_chest":4},"minecraft:dropped":{"minecraft:oak_log":1,"minecraft:glow_ink_sac":1,"minecraft:baked_potato":1,"minecraft:crossbow":1,"minecraft:item_frame":4,"minecraft:flint":1,"minecraft:dirt":3,"minecraft:red_bed":1,"minecraft:grass":29,"minecraft:mutton":3,"minecraft:writable_book":1,"farmersdelight:onion":1,"minecraft:wooden_sword":1,"minecraft:dark_oak_planks":2,"minecraft:white_wool":2,"quark:oak_chest":1,"minecraft:bone":2,"goblinsanddungeons:scoria_brick_slab":1,"minecraft:rotten_flesh":7,"minecraft:oak_planks":9,"minecraft:glowstone_dust":1,"minecraft:carrot":3,"magistuarmory:iron_pike":2,"minecraft:acacia_sapling":1,"minecraft:chest":2,"minecraft:chainmail_boots":1,"minecraft:arrow":5,"minecraft:beef":1,"minecraft:written_book":1,"minecraft:bread":1,"minecraft:iron_ingot":16,"minecraft:wheat_seeds":13,"minecraft:lead":1,"minecraft:purple_concrete":3,"quark:glass_item_frame":1,"minecraft:stick":9,"minecraft:cobweb":5,"minecraft:gray_bed":1,"minecraft:string":11,"minecraft:spruce_sapling":9,"goblinsanddungeons:goblin_crown":2,"hexerei:animal_fat":1,"minecraft:sweet_berries":3,"hexerei:sage_seed":9,"minecraft:bowl":1,"untamedwilds:flora_bush_temperate":2,"minecraft:tuff":13,"minecraft:pumpkin_seeds":4,"minecraft:filled_map":1,"minecraft:potato":4,"minecraft:spruce_planks":1,"minecraft:andesite":5,"minecraft:oak_boat":2,"minecraft:oak_sapling":6,"minecraft:spruce_log":4,"irons_spellbooks:iron_spell_book":2,"bloodandmadness:blood_stone_shard":2,"untamedwilds:flora_elephant_ear":1,"minecraft:black_wool":1},"minecraft:broken":{"minecraft:iron_sword":1,"minecraft:leather_helmet":1,"irons_spellbooks:wandering_magician_helmet":1,"irons_spellbooks:wandering_magician_chestplate":1,"minecraft:iron_axe":1,"minecraft:iron_pickaxe":1},"minecraft:custom":{"lootr:looted_stat":33,"minecraft:interact_with_crafting_table":66,"minecraft:open_barrel":15,"goblintraders:trade_with_goblin":27,"minecraft:eat_cake_slice":5,"minecraft:leave_game":12,"minecraft:time_since_death":7122,"champions:champion_mobs_killed":55,"minecraft:sprint_one_cm":3037798,"minecraft:damage_blocked_by_shield":995,"minecraft:drop":95,"minecraft:talked_to_villager":2,"minecraft:play_time":627226,"minecraft:deaths":41,"minecraft:jump":7542,"minecraft:walk_on_water_one_cm":112040,"minecraft:interact_with_furnace":61,"minecraft:interact_with_loom":1,"minecraft:sleep_in_bed":15,"minecraft:waystone_activated":5,"minecraft:damage_dealt":7643,"minecraft:crouch_one_cm":48100,"minecraft:horse_one_cm":911,"minecraft:mob_kills":63,"minecraft:interact_with_campfire":3,"minecraft:damage_dealt_resisted":262,"minecraft:climb_one_cm":92658,"minecraft:walk_one_cm":4987488,"minecraft:damage_dealt_absorbed":4,"minecraft:sneak_time":8476,"minecraft:walk_under_water_one_cm":45534,"minecraft:boat_one_cm":18194,"minecraft:total_world_time":627226,"minecraft:time_since_rest":7157,"minecraft:damage_absorbed":80,"minecraft:damage_taken":12718,"minecraft:trigger_trapped_chest":2,"minecraft:swim_one_cm":198565,"minecraft:fly_one_cm":2603562,"minecraft:open_chest":139,"minecraft:fall_one_cm":200711},"minecraft:crafted":{"minecraft:oak_planks":40,"irons_spellbooks:iron_spell_book":1,"ecologics:walnut_planks":20,"minecraft:chest":2,"sophisticatedbackpacks:backpack":1,"minecraft:cooked_porkchop":5,"minecraft:crafting_table":2,"minecraft:spruce_planks":8,"minecraft:baked_potato":12,"minecraft:smithing_table":1,"minecraft:copper_ingot":52,"sophisticatedbackpacks:upgrade_base":2,"minecraft:stick":12,"quark:oak_chest":1,"minecraft:iron_ingot":50,"minecraft:gold_ingot":3,"storagedrawers:oak_full_drawers_2":2,"minecraft:wooden_sword":1,"quark:dark_oak_chest":1,"untamedwilds:food_bear_cooked":3,"quark:spruce_chest":2,"minecraft:dark_oak_planks":20,"minecraft:air":220,"minecraft:jungle_planks":16,"minecraft:torch":4},"minecraft:picked_up":{"minecraft:wheat":60,"minecraft:chainmail_boots":1,"minecraft:smithing_table":11,"minecraft:lead":5,"minecraft:golden_sword":1,"minecraft:amethyst_block":5,"immersive_weathering:ash_layer_block":14,"minecraft:string":41,"minecraft:raw_copper":39,"minecraft:beetroot":2,"minecraft:deepslate_tiles":2,"minecraft:cobbled_deepslate":106,"minecraft:comparator":1,"alexsmobs:cooked_moose_ribs":2,"minecraft:written_book":1,"irons_spellbooks:inscription_table":3,"minecraft:furnace":7,"minecraft:golden_helmet":1,"minecraft:stick":26,"apotheosis:gem":3,"ecologics:walnut_log":5,"minecraft:torch":9,"minecraft:acacia_log":1,"quark:yellow_corundum_cluster":3,"minecraft:porkchop":10,"minecraft:lightning_rod":1,"monsterplus:crystal_clump":1,"minecraft:rotten_flesh":8,"farmersdelight:onion":1,"minecraft:carved_pumpkin":1,"untamedwilds:hide_bigcat_tiger":3,"bloodandmadness:blood_stone_shard":4,"alexsmobs:flying_fish":1,"minecraft:cobblestone":113,"minecraft:birch_log":11,"ecologics:walnut":4,"minecraft:lilac":1,"untamedwilds:flora_elephant_ear":1,"minecraft:andesite":66,"minecraft:jungle_log":4,"minecraft:potato":63,"alexsmobs:bison_fur":1,"paraglider:spirit_orb":1,"minecraft:flint":2,"minecraft:tuff":29,"create:raw_zinc":10,"minecraft:lapis_lazuli":34,"minecraft:dirt":49,"minecraft:lantern":1,"supplementaries:doormat":1,"minecraft:leather_boots":1,"irons_spellbooks:iron_spell_book":2,"minecraft:bone":11,"goblinsanddungeons:scoria_bricks":5,"minecraft:stonecutter":1,"minecraft:wheat_seeds":185,"goblinsanddungeons:scoria_brick_slab":1,"minecraft:raw_gold":3,"minecraft:mossy_stone_bricks":1,"minecraft:glowstone_dust":1,"minecraft:oak_planks":10,"hexerei:animal_fat":2,"minecraft:poisonous_potato":1,"cloudstorage:balloon_stand":1,"quark:dark_oak_ladder":1,"minecraft:jungle_planks":3,"minecraft:stripped_spruce_log":4,"untamedwilds:hide_bigcat_snow_leopard":3,"minecraft:mossy_cobblestone":2,"minecraft:blue_terracotta":1,"create:crimsite":2,"minecraft:spruce_boat":1,"minecraft:writable_book":1,"minecraft:crossbow":1,"alexsmobs:moose_ribs":3,"minecraft:emerald":6,"minecraft:oak_sapling":26,"minecraft:cocoa_beans":3,"minecraft:crafting_table":15,"minecraft:allium":3,"minecraft:purple_wool":2,"minecraft:nether_wart":9,"minecraft:golden_pickaxe":1,"minecraft:leather_leggings":1,"minecraft:gold_block":4,"minecraft:chain":5,"quark:dark_oak_chest":1,"minecraft:shield":1,"minecraft:red_bed":2,"minecraft:iron_axe":2,"untamedwilds:food_bear_raw":3,"minecraft:item_frame":4,"minecraft:white_carpet":7,"ecologics:walnut_sapling":6,"minecraft:beef":16,"minecraft:oak_boat":2,"minecraft:jungle_sapling":1,"minecraft:lectern":2,"minecraft:sugar_cane":10,"minecraft:chest":1,"minecraft:birch_sapling":2,"minecraft:egg":5,"minecraft:dark_oak_sapling":3,"minecraft:raw_iron":41,"minecraft:bowl":1,"minecraft:music_disc_mellohi":1,"untamedwilds:flora_bush_temperate":2,"magistuarmory:iron_pike":2,"untamedwilds:hide_bear_brown":3,"quark:birch_chest":1,"minecraft:carrot":133,"minecraft:redstone":60,"bloodandmadness:beastblood_clump":2,"goblinsanddungeons:goblin_crown":2,"minecraft:dark_oak_planks":19,"minecraft:tnt":1,"hexerei:sage_seed":17,"quark:yellow_corundum":1,"minecraft:arrow":27,"minecraft:beetroot_seeds":7,"minecraft:hay_block":2,"minecraft:mutton":3,"minecraft:rail":2,"minecraft:white_wool":2,"minecraft:jungle_boat":2,"minecraft:glow_ink_sac":1,"minecraft:leather":6,"minecraft:music_disc_stal":1,"minecraft:oak_log":32,"minecraft:waxed_copper_block":1,"minecraft:blue_bed":2,"simple_mobs:lootbag":1,"minecraft:apple":4,"minecraft:stone_bricks":1,"minecraft:iron_ingot":11,"minecraft:music_disc_far":1,"minecraft:cobweb":6,"minecraft:gray_bed":3,"goblinsanddungeons:scoria":2,"minecraft:acacia_sapling":2,"minecraft:purple_concrete":4,"minecraft:dark_oak_slab":1,"minecraft:emerald_block":1,"minecraft:sweet_berries":11,"quark:glass_item_frame":1,"waystones:mossy_waystone":1,"minecraft:raw_iron_block":2,"minecraft:gravel":5,"minecraft:amethyst_shard":38,"minecraft:spruce_sapling":11,"minecraft:spruce_log":14,"quark:oak_chest":2,"minecraft:spider_eye":1,"minecraft:leather_helmet":1,"immersive_weathering:stone_brick":1,"minecraft:music_disc_mall":1,"minecraft:pumpkin_seeds":4,"minecraft:purple_bed":2,"minecraft:stone_axe":1,"monsterplus:crystal_shard":1,"simple_mobs:giant_eye_fragment":1,"minecraft:baked_potato":1,"pineapple_delight:pineapple_crop":1,"minecraft:damaged_anvil":1,"minecraft:black_wool":1,"minecraft:coal":34},"minecraft:killed":{"guardvillagers:guard":1,"minecraft:witch":1,"minecraft:spider":6,"monsterplus:crystal_zombie":1,"monsterplus:glow_skeleton":2,"goblinsanddungeons:garch":2,"minecraft:silverfish":5,"minecraft:pig":2,"simple_mobs:gobber":2,"untamedwilds:boar":1,"minecraft:sheep":3,"untamedwilds:bear":1,"minecraft:pillager":18,"minecraft:donkey":1,"minecraft:zombie":3,"minecraft:cow":2,"bloodandmadness:cloaked_beast_patient":1,"minecraft:vindicator":10,"simple_mobs:giant":1,"simple_mobs:vampire":1,"minecraft:drowned":1,"alexsmobs:bison":1,"alexsmobs:flying_fish":1,"restored_earth:lobber_zombie":1,"untamedwilds:big_cat":3},"minecraft:mined":{"minecraft:dark_oak_planks":3,"minecraft:large_amethyst_bud":5,"create:deepslate_zinc_ore":4,"minecraft:carved_pumpkin":1,"minecraft:budding_amethyst":1,"minecraft:acacia_log":1,"minecraft:stone_brick_wall":2,"minecraft:grass_block":33,"minecraft:jungle_log":1,"quark:yellow_corundum":1,"minecraft:nether_wart":1,"goblinsanddungeons:urn":4,"minecraft:spawner":3,"minecraft:raw_iron_block":2,"minecraft:dark_oak_trapdoor":1,"minecraft:iron_ore":13,"minecraft:cobbled_deepslate":10,"minecraft:fire":2,"minecraft:deepslate_lapis_ore":5,"minecraft:dark_oak_stairs":1,"minecraft:dirt_path":2,"minecraft:small_amethyst_bud":3,"immersive_weathering:oak_leaf_pile":3,"minecraft:deepslate_redstone_ore":13,"lootr:lootr_chest":1,"minecraft:red_bed":2,"cloudstorage:balloon_stand":1,"quark:dark_oak_ladder":1,"immersive_weathering:spruce_leaf_pile":1,"minecraft:amethyst_cluster":3,"minecraft:powder_snow":14,"untamedwilds:flora_elephant_ear":1,"minecraft:cobblestone":16,"minecraft:damaged_anvil":1,"minecraft:oak_planks":15,"minecraft:sugar_cane":3,"minecraft:amethyst_block":5,"minecraft:seagrass":2,"minecraft:chain":5,"minecraft:blue_terracotta":1,"minecraft:dark_oak_slab":1,"minecraft:birch_log":1,"minecraft:wheat":67,"minecraft:lilac":1,"minecraft:waxed_copper_block":1,"immersive_weathering:humus":2,"minecraft:tnt":1,"minecraft:grass":175,"minecraft:oak_log":33,"minecraft:beetroots":4,"minecraft:dirt":15,"quark:yellow_corundum_cluster":2,"minecraft:stonecutter":1,"create:crimsite":2,"minecraft:oak_leaves":82,"minecraft:deepslate":91,"minecraft:emerald_block":1,"create:zinc_ore":6,"minecraft:deepslate_tiles":1,"minecraft:tuff":20,"immersive_weathering:ash_layer_block":14,"untamedwilds:flora_junegrass":1,"minecraft:mossy_cobblestone":3,"minecraft:jungle_planks":3,"minecraft:spruce_leaves":11,"minecraft:moss_block":1,"goblinsanddungeons:scoria_bricks":5,"minecraft:large_fern":20,"minecraft:hay_block":2,"untamedwilds:flora_yarrow":3,"farmersdelight:wild_onions":1,"minecraft:furnace":7,"minecraft:carrots":31,"minecraft:andesite":61,"treechop:chopped_log":8,"minecraft:gold_block":4,"minecraft:potatoes":14,"minecraft:deepslate_iron_ore":34,"pineapple_delight:pineapple_wild_crop":2,"minecraft:vine":4,"minecraft:bamboo":1,"irons_spellbooks:inscription_table":3,"minecraft:stone":105,"minecraft:smithing_table":11,"minecraft:podzol":1,"minecraft:acacia_leaves":5,"minecraft:comparator":1,"quark:oak_chest":2,"quark:dark_oak_chest":1,"goblinsanddungeons:scoria":3,"minecraft:crafting_table":13,"untamedwilds:flora_bush_temperate":2,"goblinsanddungeons:scoria_brick_slab":1,"minecraft:lectern":2,"minecraft:lightning_rod":1,"minecraft:copper_ore":12,"minecraft:tall_grass":138,"minecraft:lapis_ore":1,"minecraft:deepslate_gold_ore":3,"minecraft:blue_bed":1,"supplementaries:urn":7,"minecraft:purple_wool":3,"minecraft:purple_bed":2,"minecraft:sweet_berry_bush":4,"supplementaries:doormat":1,"minecraft:gray_bed":2,"minecraft:white_carpet":7,"minecraft:birch_leaves":5,"minecraft:purple_concrete":2,"minecraft:gravel":5,"minecraft:cobweb":39,"minecraft:stone_bricks":1,"minecraft:mossy_stone_bricks":1,"minecraft:fern":10,"minecraft:infested_stone":1}},"DataVersion":2975}