{"stats":{"minecraft:killed_by":{"irons_spellbooks:cryomancer":1,"monsterplus:crystal_zombie":1,"minecraft:pillager":5,"dannys_expansion:cursed_skull":1,"minecraft:vindicator":1,"dannys_expansion:ghoul":1,"goblinsanddungeons:goblin_king":2,"minecraft:zombie":1,"minecraft:player":2,"simple_mobs:dark_elemental":3,"minecraft:spider":1,"alexsmobs:bison":1,"simple_mobs:sentinel_knight":2,"untamedwilds:big_cat":1},"minecraft:custom":{"lootr:looted_stat":24,"minecraft:interact_with_crafting_table":48,"minecraft:open_barrel":6,"goblintraders:trade_with_goblin":26,"minecraft:eat_cake_slice":5,"minecraft:leave_game":9,"minecraft:time_since_death":13432,"champions:champion_mobs_killed":38,"minecraft:sprint_one_cm":1656032,"minecraft:damage_blocked_by_shield":120,"minecraft:drop":83,"minecraft:talked_to_villager":2,"minecraft:play_time":402573,"minecraft:deaths":26,"minecraft:jump":5363,"minecraft:walk_on_water_one_cm":80175,"minecraft:interact_with_furnace":46,"minecraft:interact_with_loom":1,"minecraft:sleep_in_bed":10,"minecraft:waystone_activated":5,"minecraft:damage_dealt":4806,"minecraft:crouch_one_cm":35385,"minecraft:horse_one_cm":520,"minecraft:mob_kills":48,"minecraft:interact_with_campfire":3,"minecraft:damage_dealt_resisted":171,"minecraft:climb_one_cm":42135,"minecraft:walk_one_cm":3326794,"minecraft:damage_dealt_absorbed":4,"minecraft:sneak_time":5997,"minecraft:walk_under_water_one_cm":33529,"minecraft:boat_one_cm":2073,"minecraft:total_world_time":402573,"minecraft:time_since_rest":13487,"minecraft:damage_taken":8278,"minecraft:damage_absorbed":80,"minecraft:trigger_trapped_chest":2,"minecraft:swim_one_cm":164533,"minecraft:fly_one_cm":1590695,"minecraft:open_chest":48,"minecraft:fall_one_cm":122057},"minecraft:dropped":{"minecraft:oak_log":1,"minecraft:glow_ink_sac":1,"minecraft:baked_potato":1,"minecraft:item_frame":4,"minecraft:flint":1,"minecraft:dirt":3,"minecraft:red_bed":1,"minecraft:grass":29,"minecraft:mutton":3,"minecraft:writable_book":1,"farmersdelight:onion":1,"minecraft:wooden_sword":1,"minecraft:dark_oak_planks":2,"minecraft:white_wool":2,"quark:oak_chest":1,"minecraft:bone":2,"goblinsanddungeons:scoria_brick_slab":1,"minecraft:rotten_flesh":7,"minecraft:oak_planks":1,"minecraft:glowstone_dust":1,"minecraft:carrot":3,"magistuarmory:iron_pike":2,"minecraft:acacia_sapling":1,"minecraft:chest":2,"minecraft:chainmail_boots":1,"minecraft:arrow":5,"minecraft:beef":1,"minecraft:written_book":1,"minecraft:iron_ingot":16,"minecraft:wheat_seeds":13,"quark:glass_item_frame":1,"minecraft:stick":9,"minecraft:cobweb":5,"minecraft:gray_bed":1,"minecraft:string":11,"minecraft:spruce_sapling":9,"goblinsanddungeons:goblin_crown":2,"hexerei:animal_fat":1,"hexerei:sage_seed":9,"minecraft:bowl":1,"untamedwilds:flora_bush_temperate":2,"minecraft:tuff":2,"minecraft:filled_map":1,"minecraft:potato":4,"minecraft:spruce_planks":1,"minecraft:oak_boat":2,"minecraft:oak_sapling":6,"minecraft:spruce_log":4,"irons_spellbooks:iron_spell_book":2,"bloodandmadness:blood_stone_shard":2,"untamedwilds:flora_elephant_ear":1,"minecraft:black_wool":1},"minecraft:used":{"irons_spellbooks:inscription_table":2,"minecraft:writable_book":6,"minecraft:shield":3,"minecraft:iron_sword":201,"minecraft:carrot":23,"minecraft:spruce_boat":1,"minecraft:lantern":1,"minecraft:stone_bricks":1,"minecraft:written_book":1,"minecraft:sweet_berries":5,"minecraft:furnace":4,"minecraft:gray_bed":2,"quark:dark_oak_ladder":1,"minecraft:mossy_stone_bricks":1,"minecraft:stone_pickaxe":96,"minecraft:oak_planks":18,"minecraft:wooden_pickaxe":9,"minecraft:blue_bed":2,"cloudstorage:guide_book":2,"minecraft:cookie":1,"minecraft:bread":25,"minecraft:lectern":1,"alexsmobs:cooked_moose_ribs":2,"minecraft:wooden_sword":7,"minecraft:birch_log":1,"minecraft:chain":1,"minecraft:oak_boat":3,"minecraft:experience_bottle":2,"minecraft:cobweb":1,"storagedrawers:oak_full_drawers_2":2,"minecraft:spruce_planks":8,"minecraft:dirt":24,"minecraft:spyglass":3,"minecraft:white_carpet":6,"minecraft:raw_iron_block":1,"goblinsanddungeons:scoria_bricks":2,"minecraft:wooden_axe":53,"untamedwilds:food_bear_cooked":3,"minecraft:iron_axe":74,"minecraft:baked_potato":23,"minecraft:birch_boat":1,"minecraft:rail":2,"minecraft:crafting_table":19,"minecraft:red_bed":1,"magistuarmory:iron_pike":3,"minecraft:oak_log":6,"minecraft:apple":2,"waystones:mossy_waystone":1,"minecraft:iron_pickaxe":156,"minecraft:stone_axe":97,"quark:dark_oak_chest":3,"minecraft:cobblestone":17,"minecraft:cooked_porkchop":5,"quark:oak_chest":4},"minecraft:broken":{"irons_spellbooks:wandering_magician_helmet":1,"irons_spellbooks:wandering_magician_chestplate":1,"minecraft:iron_axe":1},"minecraft:killed":{"guardvillagers:guard":1,"monsterplus:crystal_zombie":1,"monsterplus:glow_skeleton":2,"goblinsanddungeons:garch":2,"minecraft:silverfish":5,"minecraft:pig":2,"simple_mobs:gobber":2,"untamedwilds:boar":1,"minecraft:sheep":3,"untamedwilds:bear":1,"minecraft:pillager":18,"minecraft:donkey":1,"minecraft:zombie":1,"minecraft:cow":2,"minecraft:vindicator":5,"minecraft:drowned":1,"alexsmobs:bison":1,"restored_earth:lobber_zombie":1,"untamedwilds:big_cat":3},"minecraft:mined":{"minecraft:dark_oak_planks":2,"minecraft:large_amethyst_bud":5,"create:deepslate_zinc_ore":3,"minecraft:carved_pumpkin":1,"minecraft:budding_amethyst":1,"minecraft:acacia_log":1,"minecraft:grass_block":29,"minecraft:stone_brick_wall":2,"quark:yellow_corundum":1,"minecraft:nether_wart":1,"goblinsanddungeons:urn":4,"minecraft:spawner":2,"minecraft:raw_iron_block":2,"minecraft:dark_oak_trapdoor":1,"minecraft:iron_ore":8,"minecraft:cobbled_deepslate":3,"minecraft:fire":2,"minecraft:dark_oak_stairs":1,"minecraft:dirt_path":2,"minecraft:small_amethyst_bud":3,"immersive_weathering:oak_leaf_pile":2,"lootr:lootr_chest":1,"minecraft:red_bed":2,"cloudstorage:balloon_stand":1,"quark:dark_oak_ladder":1,"immersive_weathering:spruce_leaf_pile":1,"minecraft:amethyst_cluster":3,"minecraft:powder_snow":14,"untamedwilds:flora_elephant_ear":1,"minecraft:cobblestone":14,"minecraft:sugar_cane":3,"minecraft:oak_planks":15,"minecraft:damaged_anvil":1,"minecraft:amethyst_block":5,"minecraft:chain":5,"minecraft:dark_oak_slab":1,"minecraft:birch_log":1,"minecraft:wheat":7,"minecraft:lilac":1,"minecraft:waxed_copper_block":1,"immersive_weathering:humus":2,"minecraft:grass":155,"minecraft:oak_log":26,"minecraft:dirt":13,"quark:yellow_corundum_cluster":2,"create:crimsite":2,"minecraft:oak_leaves":62,"minecraft:deepslate":23,"minecraft:emerald_block":1,"create:zinc_ore":6,"minecraft:tuff":10,"immersive_weathering:ash_layer_block":14,"untamedwilds:flora_junegrass":1,"minecraft:mossy_cobblestone":3,"minecraft:spruce_leaves":11,"minecraft:moss_block":1,"goblinsanddungeons:scoria_bricks":5,"minecraft:large_fern":20,"untamedwilds:flora_yarrow":2,"farmersdelight:wild_onions":1,"minecraft:furnace":6,"minecraft:andesite":5,"treechop:chopped_log":8,"minecraft:gold_block":4,"minecraft:deepslate_iron_ore":13,"pineapple_delight:pineapple_wild_crop":2,"minecraft:vine":2,"irons_spellbooks:inscription_table":3,"minecraft:stone":84,"minecraft:podzol":1,"minecraft:acacia_leaves":3,"quark:oak_chest":2,"quark:dark_oak_chest":1,"minecraft:crafting_table":13,"untamedwilds:flora_bush_temperate":2,"goblinsanddungeons:scoria_brick_slab":1,"minecraft:lectern":2,"minecraft:lightning_rod":1,"minecraft:copper_ore":8,"minecraft:tall_grass":114,"minecraft:blue_bed":1,"supplementaries:urn":6,"minecraft:sweet_berry_bush":3,"supplementaries:doormat":1,"minecraft:gray_bed":2,"minecraft:white_carpet":7,"minecraft:birch_leaves":5,"minecraft:gravel":5,"minecraft:cobweb":6,"minecraft:stone_bricks":1,"minecraft:mossy_stone_bricks":1,"minecraft:infested_stone":1,"minecraft:fern":9},"minecraft:picked_up":{"minecraft:wheat":7,"minecraft:chainmail_boots":1,"minecraft:lead":5,"minecraft:amethyst_block":5,"immersive_weathering:ash_layer_block":14,"minecraft:string":7,"minecraft:raw_copper":26,"minecraft:cobbled_deepslate":26,"alexsmobs:cooked_moose_ribs":2,"minecraft:written_book":1,"irons_spellbooks:inscription_table":3,"minecraft:furnace":6,"minecraft:golden_helmet":1,"minecraft:stick":19,"apotheosis:gem":2,"ecologics:walnut_log":5,"minecraft:acacia_log":1,"quark:yellow_corundum_cluster":3,"minecraft:porkchop":10,"minecraft:lightning_rod":1,"monsterplus:crystal_clump":1,"minecraft:rotten_flesh":7,"farmersdelight:onion":1,"minecraft:carved_pumpkin":1,"untamedwilds:hide_bigcat_tiger":3,"bloodandmadness:blood_stone_shard":4,"minecraft:cobblestone":86,"minecraft:birch_log":11,"ecologics:walnut":4,"minecraft:lilac":1,"untamedwilds:flora_elephant_ear":1,"minecraft:andesite":5,"minecraft:flint":2,"minecraft:potato":12,"alexsmobs:bison_fur":1,"paraglider:spirit_orb":1,"minecraft:tuff":10,"create:raw_zinc":9,"minecraft:dirt":43,"minecraft:lantern":1,"supplementaries:doormat":1,"minecraft:leather_boots":1,"minecraft:bone":10,"irons_spellbooks:iron_spell_book":2,"goblinsanddungeons:scoria_bricks":5,"goblinsanddungeons:scoria_brick_slab":1,"minecraft:wheat_seeds":50,"minecraft:mossy_stone_bricks":1,"minecraft:glowstone_dust":1,"minecraft:oak_planks":10,"hexerei:animal_fat":2,"cloudstorage:balloon_stand":1,"quark:dark_oak_ladder":1,"minecraft:stripped_spruce_log":4,"untamedwilds:hide_bigcat_snow_leopard":3,"minecraft:mossy_cobblestone":2,"create:crimsite":2,"minecraft:spruce_boat":1,"minecraft:writable_book":1,"alexsmobs:moose_ribs":3,"minecraft:emerald":2,"minecraft:oak_sapling":22,"minecraft:crafting_table":15,"minecraft:nether_wart":9,"minecraft:leather_leggings":1,"minecraft:gold_block":4,"minecraft:chain":5,"quark:dark_oak_chest":1,"minecraft:shield":1,"minecraft:red_bed":2,"minecraft:iron_axe":2,"untamedwilds:food_bear_raw":3,"minecraft:item_frame":4,"minecraft:white_carpet":7,"ecologics:walnut_sapling":6,"minecraft:beef":11,"minecraft:oak_boat":2,"minecraft:lectern":2,"minecraft:chest":1,"minecraft:sugar_cane":10,"minecraft:birch_sapling":2,"minecraft:egg":1,"minecraft:raw_iron":18,"minecraft:bowl":1,"minecraft:music_disc_mellohi":1,"untamedwilds:flora_bush_temperate":2,"magistuarmory:iron_pike":2,"untamedwilds:hide_bear_brown":3,"quark:birch_chest":1,"minecraft:carrot":20,"bloodandmadness:beastblood_clump":1,"goblinsanddungeons:goblin_crown":2,"minecraft:dark_oak_planks":18,"hexerei:sage_seed":14,"quark:yellow_corundum":1,"minecraft:arrow":24,"minecraft:mutton":3,"minecraft:white_wool":2,"minecraft:rail":2,"minecraft:glow_ink_sac":1,"minecraft:leather":4,"minecraft:music_disc_stal":1,"minecraft:oak_log":25,"minecraft:waxed_copper_block":1,"minecraft:blue_bed":2,"minecraft:stone_bricks":1,"minecraft:apple":4,"minecraft:music_disc_far":1,"minecraft:iron_ingot":11,"minecraft:cobweb":6,"minecraft:gray_bed":3,"minecraft:acacia_sapling":1,"minecraft:dark_oak_slab":1,"minecraft:emerald_block":1,"minecraft:sweet_berries":8,"quark:glass_item_frame":1,"waystones:mossy_waystone":1,"minecraft:raw_iron_block":2,"minecraft:gravel":5,"minecraft:amethyst_shard":38,"minecraft:spruce_sapling":11,"minecraft:spruce_log":14,"quark:oak_chest":2,"immersive_weathering:stone_brick":1,"minecraft:leather_helmet":1,"minecraft:music_disc_mall":1,"monsterplus:crystal_shard":1,"minecraft:stone_axe":1,"minecraft:baked_potato":1,"pineapple_delight:pineapple_crop":1,"minecraft:damaged_anvil":1,"minecraft:black_wool":1,"minecraft:coal":17},"minecraft:crafted":{"minecraft:oak_planks":20,"irons_spellbooks:iron_spell_book":1,"ecologics:walnut_planks":20,"minecraft:chest":2,"sophisticatedbackpacks:backpack":1,"minecraft:cooked_porkchop":5,"minecraft:crafting_table":1,"minecraft:spruce_planks":8,"minecraft:baked_potato":12,"minecraft:copper_ingot":52,"minecraft:stick":8,"quark:oak_chest":1,"minecraft:iron_ingot":18,"storagedrawers:oak_full_drawers_2":2,"minecraft:wooden_sword":1,"quark:dark_oak_chest":1,"untamedwilds:food_bear_cooked":3,"quark:spruce_chest":2,"minecraft:dark_oak_planks":20,"minecraft:air":158,"minecraft:torch":4}},"DataVersion":2975}