{"stats":{"minecraft:custom":{"minecraft:interact_with_crafting_table":123,"minecraft:open_barrel":40,"goblintraders:trade_with_goblin":103,"minecraft:eat_cake_slice":8,"minecraft:leave_game":23,"minecraft:time_since_death":52207,"champions:champion_mobs_killed":120,"minecraft:damage_blocked_by_shield":995,"minecraft:play_time":1324321,"minecraft:deaths":75,"minecraft:jump":12807,"minecraft:interact_with_furnace":70,"minecraft:play_record":2,"minecraft:sleep_in_bed":28,"minecraft:waystone_activated":9,"minecraft:damage_dealt":10072,"minecraft:inspect_dispenser":1,"minecraft:horse_one_cm":26929,"minecraft:damage_dealt_absorbed":84,"minecraft:sneak_time":17646,"minecraft:total_world_time":1324321,"minecraft:time_since_rest":42436,"minecraft:swim_one_cm":414800,"minecraft:fly_one_cm":5005529,"minecraft:open_chest":413,"minecraft:fall_one_cm":308791,"lootr:looted_stat":120,"minecraft:animals_bred":3,"minecraft:damage_resisted":141,"minecraft:sprint_one_cm":5530923,"minecraft:drop":332,"minecraft:talked_to_villager":9,"minecraft:walk_on_water_one_cm":220224,"minecraft:interact_with_loom":3,"minecraft:player_kills":2,"minecraft:crouch_one_cm":95784,"minecraft:mob_kills":127,"minecraft:interact_with_campfire":3,"minecraft:damage_dealt_resisted":803,"minecraft:climb_one_cm":357877,"minecraft:walk_one_cm":10142316,"minecraft:walk_under_water_one_cm":122490,"minecraft:boat_one_cm":21983,"minecraft:damage_taken":26480,"minecraft:damage_absorbed":410,"minecraft:trigger_trapped_chest":5},"minecraft:broken":{"minecraft:iron_boots":1,"minecraft:iron_sword":1,"quark:forgotten_hat":1,"minecraft:leather_helmet":1,"irons_spellbooks:wandering_magician_chestplate":1,"minecraft:iron_axe":2,"minecraft:iron_pickaxe":3,"irons_spellbooks:wandering_magician_helmet":1,"minecraft:leather_boots":1},"minecraft:killed":{"simple_mobs:imp_melee":3,"guardvillagers:guard":1,"minecraft:cave_spider":1,"simple_mobs:rat_small":5,"creeperoverhaul:dripstone_creeper":1,"minecraft:skeleton":18,"monsterplus:glow_skeleton":2,"hunterillager:hunterillager":1,"goblinsanddungeons:garch":2,"savage_and_ravage:creepie":1,"minecraft:pillager":23,"tinyskeletons:baby_skeleton":1,"minecraft:donkey":1,"minecraft:zombie":16,"minecraft:cow":2,"undead_revamp2:thehunter":1,"bloodandmadness:cloaked_beast_patient":1,"minecraft:vindicator":12,"simple_mobs:giant":1,"alexsmobs:seagull":1,"simple_mobs:vampire":1,"restored_earth:lobber_zombie":1,"majruszsdifficulty:cursed_armor":1,"minecraft:wandering_trader":1,"bloodandmadness:church_doctor_lantern":1,"untamedwilds:big_cat":3,"simple_mobs:cave_blockhead":1,"untamedwilds:hyena":5,"minecraft:witch":1,"minecraft:spider":9,"monsterplus:crystal_zombie":2,"quark:forgotten":1,"minecraft:silverfish":7,"minecraft:pig":2,"simple_mobs:gobber":2,"untamedwilds:boar":1,"minecraft:sheep":3,"untamedwilds:bear":1,"minecraft:vex":3,"bloodandmadness:huntsman_cutlass":1,"bloodandmadness:church_doctor_scythe":1,"alexsmobs:bison":1,"minecraft:drowned":1,"alexsmobs:flying_fish":2,"minecraft:hoglin":1},"minecraft:picked_up":{"minecraft:iron_chestplate":1,"minecraft:chainmail_boots":1,"irons_spellbooks:rotten_spell_book":1,"minecraft:red_sandstone_stairs":4,"minecraft:lead":11,"minecraft:smithing_table":14,"minecraft:stone_slab":2,"minecraft:brown_bed":3,"minecraft:enchanted_book":3,"minecraft:golden_sword":1,"minecraft:amethyst_block":5,"immersive_weathering:ash_layer_block":14,"minecraft:string":52,"create:water_wheel":1,"minecraft:beetroot":2,"minecraft:gold_nugget":2,"minecraft:cobbled_deepslate":168,"bosses_of_mass_destruction:soul_star":1,"minecraft:spruce_planks":3,"minecraft:written_book":1,"irons_spellbooks:blank_rune":3,"minecraft:golden_helmet":1,"minecraft:acacia_log":11,"minecraft:lightning_rod":2,"biomemakeover:cowboy_hat":2,"minecraft:golden_chestplate":1,"monsterplus:crystal_clump":1,"minecraft:stone_sword":2,"farmersdelight:onion":1,"minecraft:iron_block":1,"minecraft:carved_pumpkin":1,"minecraft:white_terracotta":9,"supplementaries:ash":15,"alexsmobs:flying_fish":5,"minecraft:iron_bars":13,"alexsmobs:lobster_tail":1,"minecraft:birch_log":11,"minecraft:feather":3,"minecraft:cooked_beef":13,"minecraft:iron_door":2,"minecraft:birch_slab":3,"minecraft:water_bucket":1,"minecraft:jungle_log":4,"ecologics:coconut_planks":36,"minecraft:jungle_wood":20,"minecraft:flint":2,"alexsmobs:bison_fur":1,"alexsmobs:mosquito_larva":4,"minecraft:lantern":3,"lootr:trophy":1,"supplementaries:doormat":1,"create:encased_chain_drive":2,"minecraft:purple_carpet":1,"irons_spellbooks:iron_spell_book":2,"morevillagers:oceanography_table":1,"minecraft:stonecutter":1,"create:shaft":28,"minecraft:glowstone_dust":1,"hexerei:animal_fat":2,"ecologics:prickly_pear":1,"ecologics:coconut_husk":6,"minecraft:stripped_spruce_log":4,"untamedwilds:hide_bigcat_snow_leopard":3,"biomemakeover:ghost_town_music_disk":1,"minecraft:dark_oak_log":11,"minecraft:red_terracotta":4,"irons_spellbooks:ice_rune":1,"minecraft:polished_andesite":5,"minecraft:dispenser":1,"create:crimsite":2,"minecraft:blue_terracotta":1,"minecraft:lever":1,"minecraft:writable_book":2,"minecraft:bread":1,"alexsmobs:maggot":1,"minecraft:bricks":1,"minecraft:crafting_table":23,"minecraft:coarse_dirt":9,"minecraft:purple_wool":2,"minecraft:nether_wart":9,"minecraft:golden_pickaxe":1,"minecraft:leather_leggings":3,"quark:dark_oak_chest":1,"minecraft:cornflower":3,"minecraft:red_bed":13,"minecraft:white_carpet":7,"minecraft:iron_shovel":1,"create:redstone_link":2,"minecraft:cracked_stone_bricks":1,"minecraft:beef":16,"minecraft:poppy":4,"minecraft:jungle_sapling":2,"minecraft:iron_nugget":37,"supplementaries:rope":11,"minecraft:chest":2,"minecraft:birch_sapling":2,"minecraft:egg":42,"minecraft:sandstone":23,"minecraft:stone":2,"minecraft:music_disc_mellohi":1,"untamedwilds:flora_bush_temperate":2,"sophisticatedbackpacks:backpack":1,"minecraft:carrot":134,"minecraft:redstone":61,"goblinsanddungeons:goblin_crown":2,"create:vertical_gearbox":6,"minecraft:tnt":1,"quark:yellow_corundum":1,"minecraft:cooked_cod":2,"minecraft:beetroot_seeds":7,"minecraft:hay_block":114,"minecraft:mutton":3,"minecraft:white_wool":2,"minecraft:rail":2,"alexsmobs:acacia_blossom":2,"wom:iron_greataxe":1,"minecraft:oak_log":65,"minecraft:jungle_button":1,"minecraft:golden_boots":2,"minecraft:blue_bed":2,"minecraft:white_banner":1,"minecraft:apple":5,"minecraft:stone_bricks":2,"alexsmobs:cockroach_wing_fragment":2,"minecraft:music_disc_far":2,"minecraft:cobweb":16,"minecraft:gray_bed":3,"goblinsanddungeons:scoria":28,"minecraft:dark_oak_slab":1,"minecraft:smooth_basalt":3,"minecraft:sweet_berries":14,"minecraft:yellow_concrete":2,"minecraft:gravel":18,"minecraft:spruce_sapling":21,"minecraft:spruce_log":27,"minecraft:leather_helmet":1,"create:gearbox":2,"immersive_weathering:stone_brick":2,"minecraft:purple_bed":4,"minecraft:stone_axe":1,"minecraft:baked_potato":1,"pineapple_delight:pineapple_crop":1,"minecraft:melon_seeds":5,"minecraft:ender_pearl":2,"irons_spellbooks:scroll":11,"minecraft:wheat":60,"minecraft:yellow_wool":1,"alexsmobs:bison_fur_block":3,"minecraft:stone_brick_stairs":1,"minecraft:raw_copper":159,"minecraft:iron_leggings":1,"minecraft:zombie_head":1,"minecraft:oak_sign":2,"irons_spellbooks:arcane_essence":30,"minecraft:deepslate_tiles":2,"minecraft:red_sand":27,"minecraft:comparator":1,"comforts:sleeping_bag_white":1,"alexsmobs:cooked_moose_ribs":2,"minecraft:rose_bush":3,"minecraft:calcite":16,"irons_spellbooks:inscription_table":4,"minecraft:iron_boots":3,"minecraft:furnace":8,"minecraft:blue_wool":2,"minecraft:stick":56,"apotheosis:gem":9,"minecraft:acacia_fence":1,"ecologics:walnut_log":5,"majruszsdifficulty:recall_potion":2,"minecraft:torch":26,"quark:yellow_corundum_cluster":3,"minecraft:porkchop":14,"minecraft:pointed_dripstone":2,"infernalexp:raw_hogchop":1,"minecraft:yellow_concrete_powder":3,"create:large_cogwheel":2,"minecraft:cactus":3,"minecraft:rotten_flesh":25,"ecologics:coconut_log":7,"create:veridium":4,"untamedwilds:hide_bigcat_tiger":3,"alexsmobs:emu_egg":3,"bloodandmadness:blood_stone_shard":6,"minecraft:cod":1,"minecraft:cobblestone":378,"paraglider:paraglider":1,"ecologics:walnut":4,"minecraft:lilac":2,"untamedwilds:flora_elephant_ear":1,"minecraft:andesite":66,"minecraft:potato":64,"paraglider:spirit_orb":1,"supplementaries:flax_seeds":2,"minecraft:tuff":48,"create:raw_zinc":17,"undead_revamp2:huntereye":1,"simple_mobs:griffin_feather":1,"minecraft:acacia_boat":1,"minecraft:lapis_lazuli":59,"minecraft:dirt":84,"minecraft:name_tag":1,"minecraft:leather_boots":2,"minecraft:bone":37,"goblinsanddungeons:scoria_bricks":5,"goblinsanddungeons:scoria_brick_slab":1,"minecraft:wheat_seeds":210,"minecraft:raw_gold":10,"minecraft:mossy_stone_bricks":1,"minecraft:oak_planks":16,"create:cogwheel":2,"majruszsdifficulty:evoker_fang_scroll":1,"minecraft:poisonous_potato":1,"cloudstorage:balloon_stand":1,"quark:dark_oak_ladder":4,"minecraft:sand":21,"minecraft:jungle_planks":12,"quark:yellow_shingles":2,"minecraft:chiseled_sandstone":8,"alexsmobs:bison_carpet":1,"minecraft:mossy_cobblestone":5,"minecraft:light_gray_concrete":7,"minecraft:spruce_boat":1,"minecraft:diamond":2,"minecraft:crossbow":2,"hunterillager:boomerang":1,"alexsmobs:moose_ribs":4,"minecraft:emerald":12,"minecraft:oak_sapling":34,"minecraft:netherrack":1,"minecraft:cocoa_beans":3,"minecraft:allium":3,"minecraft:chicken":3,"minecraft:ladder":2,"minecraft:gold_block":4,"minecraft:chain":5,"minecraft:shield":4,"minecraft:moss_carpet":1,"minecraft:iron_axe":4,"untamedwilds:food_bear_raw":3,"minecraft:item_frame":4,"ecologics:walnut_sapling":6,"minecraft:oak_boat":3,"minecraft:player_head":1,"minecraft:light_gray_wool":1,"minecraft:lectern":2,"minecraft:sugar_cane":10,"minecraft:phantom_membrane":4,"minecraft:dark_oak_sapling":3,"minecraft:raw_iron":72,"bygonenether:cobbled_blackstone":2,"simple_mobs:rat_stomach":1,"minecraft:bowl":1,"magistuarmory:iron_pike":2,"untamedwilds:hide_bear_brown":3,"minecraft:stone_button":4,"quark:birch_chest":1,"quark:crate":1,"bloodandmadness:beastblood_clump":2,"minecraft:dark_oak_planks":20,"hexerei:sage_seed":26,"minecraft:arrow":52,"minecraft:skeleton_skull":1,"minecraft:jungle_boat":2,"minecraft:basalt":1,"minecraft:glow_ink_sac":2,"minecraft:leather":10,"minecraft:music_disc_stal":1,"minecraft:birch_planks":11,"minecraft:chainmail_chestplate":1,"minecraft:waxed_copper_block":1,"quark:forgotten_hat":2,"irons_spellbooks:rare_ink":1,"minecraft:orange_terracotta":4,"quark:blank_rune":3,"irons_spellbooks:common_ink":1,"simple_mobs:lootbag":2,"minecraft:red_sandstone":5,"minecraft:rabbit_hide":8,"minecraft:iron_ingot":11,"simple_mobs:cavefragment":2,"minecraft:acacia_sapling":14,"minecraft:purple_concrete":4,"create:mechanical_bearing":1,"minecraft:emerald_block":1,"minecraft:birch_boat":4,"minecraft:pumpkin":6,"quark:glass_item_frame":1,"waystones:mossy_waystone":1,"minecraft:raw_iron_block":2,"minecraft:amethyst_shard":38,"quark:oak_chest":2,"quark:orange_shingles":5,"minecraft:spider_eye":3,"minecraft:cut_red_sandstone":6,"biomemakeover:foxglove":12,"minecraft:music_disc_mall":1,"minecraft:pumpkin_seeds":12,"monsterplus:crystal_shard":1,"simple_mobs:giant_eye_fragment":1,"minecraft:iron_helmet":4,"minecraft:terracotta":5,"minecraft:damaged_anvil":1,"minecraft:black_wool":4,"minecraft:coal":62},"minecraft:mined":{"minecraft:dark_oak_planks":4,"minecraft:carved_pumpkin":1,"minecraft:red_sand":12,"minecraft:acacia_log":6,"minecraft:stone_brick_wall":2,"minecraft:jungle_log":1,"quark:yellow_corundum":1,"minecraft:nether_wart":1,"goblinsanddungeons:urn":4,"minecraft:spawner":14,"minecraft:dark_oak_trapdoor":1,"minecraft:cobbled_deepslate":10,"minecraft:fire":4,"minecraft:pumpkin":6,"minecraft:deepslate_lapis_ore":5,"minecraft:dirt_path":2,"minecraft:small_amethyst_bud":3,"minecraft:light_gray_concrete":7,"minecraft:iron_block":1,"create:veridium":4,"minecraft:player_head":1,"immersive_weathering:oak_leaf_pile":3,"minecraft:jungle_button":1,"create:cogwheel":2,"minecraft:red_bed":13,"quark:dark_oak_ladder":1,"immersive_weathering:spruce_leaf_pile":1,"minecraft:amethyst_cluster":3,"quark:crate":1,"minecraft:powder_snow":19,"minecraft:dead_bush":14,"minecraft:sugar_cane":3,"minecraft:damaged_anvil":1,"minecraft:bricks":1,"minecraft:amethyst_block":5,"minecraft:white_terracotta":9,"minecraft:chain":5,"minecraft:wheat":72,"minecraft:lilac":2,"minecraft:waxed_copper_block":1,"immersive_weathering:humus":2,"minecraft:stone_brick_stairs":1,"minecraft:grass":245,"quark:yellow_corundum_cluster":2,"minecraft:smooth_basalt":3,"minecraft:stonecutter":1,"minecraft:cut_red_sandstone":8,"minecraft:deepslate":123,"create:zinc_ore":12,"minecraft:deepslate_tiles":1,"immersive_weathering:ash_layer_block":15,"untamedwilds:flora_junegrass":1,"minecraft:mossy_cobblestone":5,"minecraft:jungle_planks":12,"minecraft:redstone_wire":1,"minecraft:red_sandstone_stairs":2,"minecraft:yellow_concrete_powder":3,"minecraft:moss_block":1,"goblinsanddungeons:scoria_bricks":5,"farmersdelight:wild_onions":1,"create:shaft":29,"minecraft:red_sandstone":3,"minecraft:andesite":61,"minecraft:potatoes":14,"pineapple_delight:pineapple_wild_crop":2,"minecraft:vine":7,"minecraft:bamboo":1,"irons_spellbooks:inscription_table":4,"supplementaries:wall_lantern":1,"minecraft:smithing_table":14,"minecraft:glass_pane":3,"minecraft:comparator":1,"quark:oak_chest":2,"quark:dark_oak_chest":1,"minecraft:cornflower":3,"untamedwilds:flora_bush_temperate":2,"create:water_wheel":1,"minecraft:tall_grass":180,"minecraft:lightning_rod":2,"minecraft:copper_ore":35,"minecraft:deepslate_gold_ore":3,"create:redstone_link":1,"minecraft:purple_wool":3,"minecraft:purple_bed":5,"minecraft:red_terracotta":4,"minecraft:coarse_dirt":7,"create:gearbox":8,"supplementaries:doormat":1,"minecraft:white_carpet":7,"minecraft:birch_leaves":5,"minecraft:purple_concrete":2,"create:mechanical_bearing":1,"minecraft:gravel":15,"minecraft:cobweb":46,"minecraft:stone_bricks":3,"minecraft:gold_ore":4,"minecraft:fern":15,"minecraft:infested_stone":2,"minecraft:large_amethyst_bud":5,"create:deepslate_zinc_ore":5,"minecraft:spruce_planks":3,"minecraft:budding_amethyst":1,"minecraft:grass_block":44,"minecraft:raw_iron_block":2,"minecraft:iron_ore":39,"minecraft:dark_oak_stairs":1,"minecraft:brown_bed":4,"minecraft:pointed_dripstone":1,"minecraft:iron_bars":13,"biomemakeover:paydirt":18,"minecraft:azalea":1,"minecraft:deepslate_redstone_ore":13,"ecologics:pot":3,"minecraft:quartz_block":2,"lootr:lootr_chest":1,"cloudstorage:balloon_stand":1,"minecraft:blackstone":2,"minecraft:orange_terracotta":1,"minecraft:calcite":16,"minecraft:poppy":5,"untamedwilds:flora_elephant_ear":1,"minecraft:cobblestone":50,"minecraft:oak_planks":22,"minecraft:iron_door":1,"minecraft:wall_torch":2,"minecraft:seagrass":4,"minecraft:blue_terracotta":1,"minecraft:dark_oak_slab":1,"lootr:trophy":1,"minecraft:yellow_wool":1,"minecraft:birch_log":1,"minecraft:light_gray_wool":1,"minecraft:tnt":1,"minecraft:oak_log":64,"minecraft:beetroots":4,"minecraft:acacia_fence":1,"minecraft:sand":2,"minecraft:dirt":46,"create:encased_chain_drive":2,"minecraft:dispenser":1,"minecraft:netherrack":1,"create:crimsite":2,"minecraft:oak_leaves":123,"minecraft:emerald_block":1,"minecraft:tuff":44,"ecologics:coconut_planks":38,"minecraft:deepslate_diamond_ore":1,"minecraft:ladder":1,"minecraft:stone_button":2,"create:large_cogwheel":2,"minecraft:spruce_leaves":14,"minecraft:sandstone":2,"minecraft:large_fern":20,"minecraft:hay_block":117,"untamedwilds:flora_yarrow":4,"minecraft:furnace":8,"minecraft:carrots":31,"minecraft:chiseled_sandstone":2,"treechop:chopped_log":14,"minecraft:gold_block":4,"minecraft:deepslate_iron_ore":34,"minecraft:lantern":1,"minecraft:stone":338,"minecraft:podzol":1,"minecraft:acacia_leaves":34,"minecraft:basalt":1,"goblinsanddungeons:scoria":14,"minecraft:crafting_table":21,"goblinsanddungeons:scoria_brick_slab":1,"morevillagers:oceanography_table":1,"immersive_weathering:soot":2,"minecraft:rose_bush":6,"minecraft:lectern":2,"minecraft:stone_slab":2,"supplementaries:sack":1,"minecraft:lapis_ore":5,"minecraft:blue_bed":1,"supplementaries:urn":22,"minecraft:birch_planks":12,"minecraft:sweet_berry_bush":5,"minecraft:gray_bed":2,"minecraft:black_wool":3,"minecraft:coal_ore":28,"alexsmobs:bison_fur_block":3,"minecraft:yellow_concrete":2,"minecraft:cracked_stone_bricks":1,"minecraft:terracotta":5,"minecraft:polished_andesite":5,"minecraft:mossy_stone_bricks":2},"minecraft:dropped":{"minecraft:porkchop":1,"minecraft:glow_ink_sac":2,"minecraft:red_sandstone":5,"minecraft:crossbow":1,"minecraft:item_frame":4,"minecraft:emerald":7,"minecraft:dirt":28,"minecraft:red_bed":1,"minecraft:grass":29,"minecraft:stone_button":2,"alexsmobs:flying_fish":2,"minecraft:jungle_sapling":2,"minecraft:wooden_sword":1,"minecraft:writable_book":1,"minecraft:gold_nugget":2,"minecraft:sand":16,"minecraft:dark_oak_planks":3,"minecraft:white_wool":2,"quark:oak_chest":1,"minecraft:bone":12,"goblinsanddungeons:scoria_brick_slab":1,"minecraft:iron_nugget":26,"minecraft:cobbled_deepslate":5,"minecraft:wheat":5,"minecraft:blue_wool":2,"minecraft:rotten_flesh":24,"alexsmobs:bison_fur_block":3,"minecraft:oak_planks":10,"minecraft:glowstone_dust":1,"supplementaries:flax_seeds":2,"alexsmobs:bison_carpet":1,"minecraft:leather_boots":1,"quark:blank_rune":4,"apotheosis:gem":2,"minecraft:acacia_sapling":12,"minecraft:ladder":2,"minecraft:leather_leggings":1,"minecraft:beef":1,"minecraft:stone_brick_stairs":1,"minecraft:acacia_fence":1,"minecraft:egg":2,"minecraft:golden_boots":2,"minecraft:iron_ingot":16,"majruszsdifficulty:recall_potion":2,"minecraft:wheat_seeds":37,"minecraft:iron_helmet":3,"minecraft:book":2,"minecraft:purple_concrete":3,"quark:orange_shingles":5,"minecraft:cobweb":15,"simple_mobs:griffin_feather":1,"minecraft:gray_bed":1,"minecraft:rose_bush":1,"minecraft:jungle_boat":1,"minecraft:string":19,"minecraft:spruce_sapling":14,"minecraft:yellow_concrete_powder":2,"minecraft:bricks":1,"minecraft:moss_carpet":1,"hexerei:animal_fat":1,"hexerei:sage_seed":15,"minecraft:cocoa_beans":3,"irons_spellbooks:ice_rune":1,"minecraft:bowl":1,"untamedwilds:flora_bush_temperate":2,"minecraft:chicken":2,"minecraft:iron_boots":3,"minecraft:name_tag":1,"minecraft:light_gray_concrete":6,"minecraft:oak_sign":2,"minecraft:pumpkin_seeds":13,"minecraft:potato":5,"minecraft:stone":1,"alexsmobs:cockroach_wing_fragment":2,"minecraft:spruce_planks":1,"majruszsdifficulty:evoker_fang_scroll":1,"minecraft:stone_bricks":1,"minecraft:spider_eye":2,"minecraft:sandstone":23,"irons_spellbooks:iron_spell_book":2,"minecraft:red_sand":16,"bloodandmadness:blood_stone_shard":6,"minecraft:red_sandstone_stairs":4,"biomemakeover:cowboy_hat":1,"minecraft:black_wool":1,"minecraft:terracotta":5,"minecraft:oak_log":3,"minecraft:baked_potato":1,"minecraft:ender_pearl":1,"minecraft:jungle_planks":1,"bloodandmadness:beastblood_clump":1,"minecraft:flint":1,"minecraft:jungle_button":2,"minecraft:dispenser":1,"minecraft:mutton":3,"farmersdelight:onion":1,"paraglider:paraglider":1,"minecraft:gravel":9,"minecraft:yellow_wool":1,"minecraft:pointed_dripstone":2,"minecraft:carrot":4,"waystones:warp_stone":1,"magistuarmory:iron_pike":2,"supplementaries:ash":15,"minecraft:skeleton_skull":1,"minecraft:melon_seeds":5,"ecologics:coconut_husk":6,"minecraft:chest":2,"minecraft:chainmail_boots":1,"comforts:sleeping_bag_white":1,"minecraft:iron_bars":11,"minecraft:arrow":38,"minecraft:written_book":1,"minecraft:netherrack":1,"minecraft:purple_carpet":1,"minecraft:bread":28,"minecraft:mossy_cobblestone":3,"minecraft:yellow_concrete":2,"minecraft:lead":6,"quark:glass_item_frame":1,"minecraft:stick":32,"irons_spellbooks:scroll":6,"goblinsanddungeons:scoria":5,"minecraft:torch":1,"minecraft:iron_door":2,"minecraft:zombie_head":1,"minecraft:iron_leggings":1,"minecraft:iron_axe":1,"minecraft:cactus":3,"minecraft:chiseled_sandstone":8,"minecraft:smooth_basalt":2,"minecraft:redstone":1,"goblinsanddungeons:goblin_crown":2,"minecraft:sweet_berries":6,"alexsmobs:maggot":1,"epicfight:uchigatana":3,"minecraft:coarse_dirt":2,"minecraft:tuff":13,"minecraft:red_terracotta":4,"minecraft:cut_red_sandstone":4,"minecraft:filled_map":2,"minecraft:shield":1,"alexsmobs:lobster_tail":1,"minecraft:orange_terracotta":4,"untamedwilds:hide_bigcat_tiger":1,"minecraft:andesite":5,"minecraft:oak_boat":3,"minecraft:oak_sapling":10,"minecraft:spruce_log":4,"minecraft:calcite":3,"untamedwilds:flora_elephant_ear":1},"minecraft:used":{"alexsmobs:emu_egg":3,"minecraft:beetroot":2,"minecraft:music_disc_far":1,"minecraft:writable_book":8,"ecologics:coconut_planks":63,"lootr:trophy":1,"minecraft:spruce_boat":1,"biomemakeover:ghost_town_music_disk":1,"minecraft:sweet_berries":5,"minecraft:furnace":6,"minecraft:egg":40,"minecraft:mossy_stone_bricks":1,"minecraft:wooden_pickaxe":9,"minecraft:jungle_boat":2,"minecraft:cookie":1,"minecraft:sand":1,"minecraft:lightning_rod":2,"minecraft:deepslate_tiles":2,"minecraft:stone_button":2,"minecraft:lectern":1,"minecraft:cut_red_sandstone":2,"minecraft:wooden_sword":7,"minecraft:smithing_table":13,"minecraft:birch_log":1,"minecraft:oak_boat":4,"storagedrawers:oak_full_drawers_2":2,"minecraft:iron_bars":2,"minecraft:stone_sword":13,"minecraft:carved_pumpkin":1,"minecraft:torch":25,"quest_giver:trading_contract_weaponsmith":1,"minecraft:iron_axe":388,"untamedwilds:carpet_bigcat_tiger":6,"minecraft:basalt":1,"minecraft:cobbled_deepslate":84,"minecraft:calcite":13,"minecraft:water_bucket":41,"minecraft:birch_planks":11,"quark:forgotten_hat":1,"minecraft:mossy_cobblestone":1,"minecraft:rail":2,"minecraft:crafting_table":30,"minecraft:red_bed":9,"minecraft:oak_log":15,"minecraft:cornflower":1,"minecraft:iron_pickaxe":1050,"quark:dark_oak_chest":3,"minecraft:cobblestone":52,"minecraft:purple_bed":4,"minecraft:cooked_porkchop":5,"quark:oak_chest":4,"minecraft:red_sand":11,"minecraft:iron_shovel":22,"minecraft:shield":22,"minecraft:iron_sword":501,"minecraft:jungle_planks":16,"minecraft:carrot":132,"ecologics:prickly_pear":1,"minecraft:tuff":11,"minecraft:lantern":2,"minecraft:stone_bricks":1,"minecraft:written_book":1,"minecraft:jungle_button":1,"minecraft:gray_bed":2,"morevillagers:oceanography_table":1,"quark:dark_oak_ladder":1,"epicfight:skillbook":1,"quark:crate":1,"minecraft:stone_pickaxe":96,"minecraft:oak_planks":18,"minecraft:blue_bed":2,"cloudstorage:guide_book":3,"minecraft:crossbow":5,"minecraft:light_gray_concrete":1,"minecraft:bread":130,"minecraft:gravel":2,"alexsmobs:cooked_moose_ribs":2,"minecraft:cooked_rabbit":4,"minecraft:andesite":5,"minecraft:chain":1,"minecraft:coarse_dirt":7,"minecraft:cobweb":1,"minecraft:bone_meal":22,"minecraft:experience_bottle":5,"storagedrawers:oak_full_drawers_1":1,"minecraft:spruce_planks":42,"minecraft:spyglass":3,"minecraft:dirt":32,"minecraft:white_carpet":6,"minecraft:raw_iron_block":1,"goblinsanddungeons:scoria_bricks":2,"minecraft:dark_oak_planks":1,"minecraft:wooden_axe":53,"quark:spruce_chest":2,"untamedwilds:food_bear_cooked":3,"minecraft:yellow_concrete_powder":1,"minecraft:light_gray_wool":1,"minecraft:cooked_beef":37,"minecraft:brown_bed":3,"minecraft:acacia_boat":1,"minecraft:polished_andesite":4,"minecraft:baked_potato":23,"minecraft:birch_boat":4,"minecraft:waxed_copper_block":1,"magistuarmory:iron_pike":3,"minecraft:apple":3,"waystones:mossy_waystone":1,"minecraft:stone_axe":97,"minecraft:bucket":41,"irons_spellbooks:inscription_table":4},"minecraft:killed_by":{"minecraft:pillager":7,"minecraft:vindicator":2,"dannys_expansion:ghoul":1,"minecraft:zombie":3,"majruszsdifficulty:cursed_armor":3,"alexsmobs:rattlesnake":1,"simple_mobs:dark_elemental":3,"alexsmobs:bison":1,"simple_mobs:sentinel_knight":5,"untamedwilds:big_cat":1,"bloodandmadness:cloaked_beast_patient":1,"irons_spellbooks:cryomancer":1,"minecraft:wither_skeleton":1,"monsterplus:crystal_zombie":4,"simple_mobs:bright_elemental":1,"dannys_expansion:cursed_skull":1,"alexsmobs:crocodile":1,"goblinsanddungeons:goblin_king":2,"minecraft:illusioner":1,"simple_mobs:corrupted_ogre":4,"minecraft:player":6,"simple_mobs:lost_eye_ogre":2,"minecraft:spider":2,"untamedwilds:large_snake":1,"minecraft:skeleton":9,"simple_mobs:giant":2},"minecraft:crafted":{"minecraft:jungle_button":1,"ecologics:walnut_planks":20,"minecraft:emerald":16,"irons_spellbooks:copper_spell_book":2,"minecraft:cooked_porkchop":5,"storagedrawers:oak_full_drawers_1":2,"minecraft:smithing_table":1,"minecraft:copper_ingot":168,"waystones:warp_stone":2,"quark:oak_chest":2,"storagedrawers:oak_full_drawers_2":2,"minecraft:gold_ingot":12,"storagedrawers:upgrade_template":4,"quark:spruce_chest":2,"minecraft:dark_oak_planks":32,"minecraft:wheat":9,"untamedwilds:carpet_bigcat_tiger":6,"minecraft:flint":8,"minecraft:iron_leggings":1,"minecraft:oak_planks":80,"irons_spellbooks:iron_spell_book":1,"minecraft:lightning_rod":1,"minecraft:chest":2,"minecraft:oak_fence":3,"minecraft:oak_slab":6,"sophisticatedbackpacks:backpack":1,"minecraft:crafting_table":2,"minecraft:spruce_planks":8,"minecraft:baked_potato":12,"minecraft:gold_block":1,"sophisticatedbackpacks:upgrade_base":2,"minecraft:stick":28,"minecraft:iron_ingot":64,"minecraft:wooden_sword":1,"simple_mobs:bundled_emerald":1,"quark:dark_oak_chest":2,"untamedwilds:food_bear_cooked":3,"minecraft:air":1925,"minecraft:jungle_planks":16,"minecraft:torch":4}},"DataVersion":2975}